Frequency,Offset,Tone,Call,Location,ST/PR,Use,VOIP,Mi,Dir,,Downlink,Uplink,Uplink Tone,County,Op Status,Coverage,Sponsor,Features,Coordination,Last update,Downlink Tone,Web links,Commands,On-air,Grid,Links,YSF Digital Enabled,DG-ID,Mixed-Mode,Nets,Notes,Affiliate,DMR Enabled,Color Code,Wide Network,EchoLink,IRLP,AllStar,Local Network,Talkgroups,Worldwide English,North America,Simplex,TAC 310,TAC 311,DCI Bridge,Echo Test,Hytera USA Reflector,MPRG 2,NW7RG-USA,USA - Area 7 4647,Local/Cluster,Montana,MPRG,D-STAR Enabled,Node,Sources,BGV,Parrot,WIRES-X,Talkgroup Network,Idaho,Bandwidth,P25 Digital Enabled,NAC,Default Reflector,Feed
146.68,-0.6,100,KC7MGR,Grangeville,ID,OPEN,,33.7,WNW,,146.68,146.08,100,Idaho,On-Air,,Camas Prairie ARC,Autopatch.,UVHFS,,,,,,,,,,,,,,,,,,,,,,,,,,,,,,,,,,,,,,,,,,,,,,,,
146.62,-0.6,88.5,KK3ARC,Kooskia,ID,OPEN,,34.9,NW,,146.62,146.02,88.5,Idaho,On-Air,,3,E-power (solar).,IACC,,100,http://3riversarc.webs.com/,,,,,,,,,,,,,,,,,,,,,,,,,,,,,,,,,,,,,,,,,,,,,
443.925,5,100,,"Kamiah, KOA Campground",ID,OPEN,,38.1,NW,,443.925,448.925,100,Idaho,On-Air,Kamiah area only,John T. Biggs Sr.,,,,100,,Auto patch 6789 for dial tone 9876 to hang up,,,,,,,,,,,,,,,,,,,,,,,,,,,,,,,,,,,,,,,,,,,,
444.4,5,,,Cottonwood,ID,OPEN,,46.4,WNW,,444.4,449.4,,Idaho,,,,,UVHFS,,,,,Unknown,,,,,,,,,,,,,,,,,,,,,,,,,,,,,,,,,,,,,,,,,,,
447.4,-5,,,Cottonwood,ID,OPEN,,46.4,WNW,,447.4,442.4,,Idaho,,,,,UVHFS,,,,,Unknown,,,,,,,,,,,,,,,,,,,,,,,,,,,,,,,,,,,,,,,,,,,
146.84,-0.6,100,KB7VOL,"Cottonwood, Cottonwood Butte",ID,OPEN,,52.1,WNW,,146.84,146.24,100,Idaho,Off-Air,,CPARC,,UVHFS,,,,,,,,,,,,,,,,,,,,,,,,,,,,,,,,,,,,,,,,,,,,,,,,
444.95,5,100,K7EI,"Cottonwood, Cottonwood Butte",ID,CLOSED,,52.1,WNW,,444.95,449.95,100,Idaho,,,,,UVHFS,,,,,Unknown,DN16sb,Full-time to the  K7EI System .,,,,,,,,,,,,,,,,,,,,,,,,,,,,,,,,,,,,,,,,,
145.27,-0.6,100,KD7ALJ,Orofino,ID,OPEN,,59.7,NW,,145.27,144.67,100,Clearwater,,,,,UVHFS,,,,,Unknown,,,,,,,,,,,,,,,,,,,,,,,,,,,,,,,,,,,,,,,,,,,
444.875,5,100,K7EI,Orofino,ID,OPEN,,59.7,NW,,444.875,449.875,100,Clearwater,On-Air,,,,UVHFS,,,,,,,Full-time to the  K7EI System .,,,,,,,,,,,,,,,,,,,,,,,,,,,,,,,,,,,,,,,,,
145.49,-0.6,,KC7VBT,Orofino,ID,OPEN,,59.7,NW,,145.49,144.89,,Clearwater,On-Air,Orofino area,CVARC,Autopatch. Analog and Digital in / Analog out,UVHFS,,,,,,,,,Open ↑ / Open ↓,Yes; analog capable.,Sunday @ 19:30 PST,,,,,,,,,,,,,,,,,,,,,,,,,,,,,,,,,,,,,
146.76,-0.6,131.8,K7NDX,"Orofino, Wells Bench",ID,OPEN,,60.3,NW,,146.76,146.16,131.8,Clearwater,On-Air,Orofino area,Clearwater Valley ARC,E-power.,UVHFS,,,,,,,,,,,Sun at 19:00,,,,,,,,,,,,,,,,,,,,,,,,,,,,,,,,,,,,,
145.21,-0.6,206.5,W7WWS,Peck,ID,OPEN,,65.1,NW,,145.21,144.61,206.5,Nez Perce,,,NPCEM,,UVHFS,,,,,Unknown,,,,,,,W7WWS is a silent key as of 2003.,,,,,,,,,,,,,,,,,,,,,,,,,,,,,,,,,,,,
146.9,-0.6,123,KC7MCC,"McCall, Brundage Mtn",ID,OPEN,,66,SSW,,146.9,146.3,123,Valley,On-Air,"Adams, Valley and southern Idaho counties.",CIARC,"Linked to 147.020, 441.925, 444.125.",W7ZRQ,,,http://www.ciarc.org,,,DN15WA,"Full-time to  
        444.12500 (N7IBC) at McCall, ID .
 


Full-time to  
        147.02000 (KC7MCC) at Mccall, No Business Montain, ID .",,,,ID ARES District 3: Monday 2030 Local,Use contact form on www.ciarc.org,Central Idaho Amateur Radio Club,,,,,,,,,,,,,,,,,,,,,,,,,,,,,,,,,,,
146.9,-0.6,,KC7MCC,"McCall, Brundage Mtn",ID,OPEN,,66,SSW,,146.9,146.3,,Valley,On-Air,"Adams, Valley and southern Idaho counties.",CIARC,"Linked to 441.925, 444.125",,,,http://www.ciarc.org,,,,"Full-time to  
        147.02000 (KC7MCC) at Mccall, No Business Montain, ID .",,,,Wednesday before first Thursday of month (night before monthly CIARC meetings).,Use contact form on www.ciarc.org,Central Idaho Amateur Radio Club,,,,,,,,,,,,,,,,,,,,,,,,,,,,,,,,,,,
146.72,-0.6,203.5,W7FTX,Hamilton,MT,OPEN,,67.8,E,,146.72,146.12,203.5,Ravalli,On-Air,,Bitterfoot ARC,5,MRCC,,,https://www.facebook.com/W7FTX/info/?tab=page_info,,,,,,,,,,,,,,,,,,,,,,,,,,,,,,,,,,,,,,,,,,,,,
442.1,5,103.5,K7EI,"Lewiston,  Craig Mountain",ID,CLOSED,,70.1,WNW,,442.1,447.1,103.5,Nez Perce,On-Air,,K7EI,,UVHFS,,,,,,DN16oe,,,,,,,,,,,,,,,,,,,,,,,,,,,,,,,,,,,,,,,,,,
442.5,5,100,KC7MCC,"McCall, Brundage Mountain",ID,OPEN,,70.4,SSW,,442.5,447.5,100,Adams,On-Air,,Central Idaho Amateur Radio Club (CIARC),,UVHFS,,,,,,,,,,,,,,,,,,,,,,,,,,,,,,,,,,,,,,,,,,,,,,,,
444.125,5,CC0 100.0,N7IBC,McCall,ID,OPEN,,71,SSW,,444.125,449.125,100,Valley,Off-Air,"McCall, Donnelly",N7IBC,"Linked, 2m Remote Base, 10m Remote Base",W7ZRQ,,,,,,,"Full-time to  
        146.90000 (KC7MCC) at McCall, Brundage Mtn, ID .
 


Full-time to  
        147.02000 (KC7MCC) at Mccall, No Business Montain, ID .",,,,,Low Level.,Central Idaho Amateur Radio Club (CIARC)  KC7MCC,,0,,,,,,,,,,,,,,,,,,,,,,,,,,,,,,,,,
53.35,-1.7,100,K7EI,"Lewiston, Craig Mountain",ID,CLOSED,,71.3,WNW,,53.35,51.65,100,Nez Perce,On-Air,,K7EI,,UVHFS,,,,,,,Full-time to the  K7EI System .,,,,,,,,,,,,,,,,,,,,,,,,,,,,,,,,,,,,,,,,,
146.92,-0.6,110.9,K7EI,"Lewiston,  Craig Mountain",ID,OPEN,,71.3,WNW,,146.92,146.32,110.9,Nez Perce,On-Air,,K7EI,Linked.,UVHFS,,,,,,,,,,,,,,,,,,,,,,,,,,,,,,,,,,,,,,,,,,,,,,,,
145.19,-0.6,,KF7WOR,"Elk River, Elk Butte",ID,OPEN,,75,NNW,,145.19,144.59,,Clearwater,On-Air,,"Glen Ahlborn, AF7JB",,IACC,,,http://www.kbara.org,,,,,,,,7,,Kamiak Butte Amateur Repeater Association,,,,,,,,,,,,,,,,,,,,,,,,,,,,,,,,,,,
446.05,0,103.5,WF7L,Anatone,WA,OPEN,E,78.1,WNW,,446.05,446.05,103.5,Asotin,On-Air,"Anatone, Lewiston, Coverage into Hells Canyon and the Craig Mountain area.",WF7L,Echolink Simplex Node with 15 Watts output,,,103.5,,0,,,,,,,"WX, WX warnings, Amateur Radio Newsline and Rain Report on Sundays at 19:00",Feel free to use anytime.,,,,,896098,,,,,,,,,,,,,,,,,,,,,,,,,,,,,,,
146.66,-0.6,88.5,KE7WR,Stevensville,MT,OPEN,,79.8,NE,,146.66,146.06,88.5,Ravalli,On-Air,,KE7WWR,,MRCC,,,,,,,,,,,,,,,,,,,,,,,,,,,,,,,,,,,,,,,,,,,,,,,,
927.75,-25,114.8,KD7HP,Stevensville,MT,OPEN,,79.8,NE,,927.75,902.75,114.8,Ravalli,,,,,,,,,,Unknown,,,,,,,,,,,,,,,,,,,,,,,,,,,,,,,,,,,,,,,,,,,
147.02,0.6,100,KC7MCC,"Mccall, No Business Montain",ID,OPEN,,82.2,SSW,,147.02,147.62,100,Adams,On-Air,Wide area.,Central Idaho Amateur Radio Club (CIARC),"E-power, linked.",UVHFS,,100,http://www.ciarc.org,,,,"Full-time to  
        146.90000 (KC7MCC) at McCall, Brundage Mtn, ID .
 


Full-time to  
        444.12500 (N7IBC) at McCall, ID .
 


Full-time to  
        146.90000 (KC7MCC) at McCall, Brundage Mtn, ID .
 


Full-time to  
        146.96000 (W7CIA) at Cascade, ID .",,,,"Idaho ARES District 3 Net: Mon at 2030 Mountain Time. 
Club NET: Thu (Except 1st Thursday of month) 20:00 Mountain Time.",,,,,,,,,,,,,,,,,,,,,,,,,,,,,,,,,,,,,
146.98,-0.6,100,AA7WG,"Salmon, Baldy Summit",ID,OPEN,,83.7,SE,,146.98,146.38,100,Lemhi,On-Air,,Lemhi Amateur Radio Club,9,,,,,,,,,,,,,,,,,,,,,,,,,,,,,,,,,,,,,,,,,,,,,,,,,
146.86,-0.6,,W7VJD,Anatone,WA,OPEN,,84.1,WNW,,146.86,146.26,,Asotin,,,Lewiston Clarkston ARC,,,,,,,Unknown,,,,,,,,,,,,,,,,,,,,,,,,,,,,,,,,,,,,,,,,,,,
447.5,-5,203.5,W7FTX,Stevensville,MT,OPEN,,84.2,NE,,447.5,442.5,203.5,Ravalli,,,Bitterfoor A,4,,,,http://www.members.tripod.com/w7ftx/Club%20RPTRS.htm,,Unknown,,,,,,,,,,,,,,,,,,,,,,,,,,,,,,,,,,,,,,,,,,,
146.96,-0.6,,W7VJD,"Lewiston,  Lewiston Hill",ID,OPEN,,85.8,WNW,,146.96,146.36,,Nez Perce,,Wide area.,Lewiston Clark Amateur Radio Club (LCARC),,UVHFS,,,,,Unknown,DN16ml,,,,,,,,,,,,,,,,,,,,,,,,,,,,,,,,,,,,,,,,,,
444.9,5,100,K7EI,"Lewiston, Lewiston Hill",ID,OPEN,,85.8,WNW,,444.9,449.9,100,Nez Perce,On-Air,Wide area.,K7EI,Closed autopatch.,UVHFS,,,,,,DN16ml,,,,,,,,,,,,,,,,,,,,,,,,,,,,,,,,,,,,,,,,,,
145.35,-0.6,114.8,N7WEE,Deary,ID,OPEN,,85.8,NW,,145.35,144.75,114.8,Latah,,Worley to Waha to Orofino to Alpowai Grade.,,,UVHFS,,,,,Unknown,,,,,,,,,,,,,,,,,,,,,,,,,,,,,,,,,,,,,,,,,,,
145.21,-0.6,192.8,W7WWS,"Lewiston,  Lewiston Hill",ID,CLOSED,,85.8,WNW,,145.21,144.61,192.8,Nez Perce,,Wide area.,NPCEM,,UVHFS,,,,,Unknown,,,,,,,W7WWS is a silent key as of 2003.,,,,,,,,,,,,,,,,,,,,,,,,,,,,,,,,,,,,
444.4,5,162.2,W7TRO,Lewiston,ID,OPEN,I,86,WNW,,444.4,449.4,162.2,Nez Perce,On-Air,,,,UVHFS,,,,,,,,,,,,,,,,,,7510,,,,,,,,,,,,,,,,,,,,,,,,,,,,,,
146.86,-0.6,,W7VJD,Lewiston,ID,OPEN,,86,WNW,,146.86,146.26,,Nez Perce,On-Air,,,,UVHFS,,,,,,,,,,,,,,,,,,,,,,,,,,,,,,,,,,,,,,,,,,,,,,,,
444.925,5,100,K7EI,Lewiston,ID,OPEN,,86,WNW,,444.925,449.925,100,Nez Perce,,Wide area coverage.,,,UVHFS,,,,,Unknown,,,,,,,,,,,,,,,,,,,,,,,,,,,,,,,,,,,,,,,,,,,
223.96,-1.6,,KB7RKY,Lewiston,ID,OPEN,,86,WNW,,223.96,222.36,,Nez Perce,,,,,UVHFS,,,,,Unknown,,,,,,,Will be linked to KBARA in the future.,,,,,,,,,,,,,,,,,,,,,,,,,,,,,,,,,,,,
442.225,5.1,100,AA7WG,"Salmon, Baldy Mountain",ID,OPEN,,87.1,SE,,442.225,447.275,100,Lemhi,On-Air,,LDS ERC,Remote Base linked to 146.88 Rexburg Menan Butte Repeater,,,100,,,,,,,,,,9,,,,,,,,,,,,,,,,,,,,,,,,,,,,,,,,,,,,
147.03,0.6,100,AA7WG,"Salmon, Old Dump Hill above Salmon",ID,OPEN,EI,87.1,SE,,147.03,147.63,100,Lemhi,On-Air,"Low level, covers most of Lemhi County",LDS ERC,,,,100,,,,,,,,,,,,,,,439297,3601,,,,,,,,,,,,,,,,,,,,,,,,,,,,,,
145.35,-0.6,114.8,N7SAU,Clarkston,WA,OPEN,,87.1,WNW,,145.35,144.75,114.8,Asotin,,,N7SAU,E-power.,,,,,,Unknown,,,,,,,,,,,,,,,,,,,,,,,,,,,,,,,,,,,,,,,,,,,
442.1,5,100,AA7WG,"Salmon, Baldy Mountain",ID,,,87.1,SE,,442.1,447.1,100,Lemhi,On-Air,,,Linked to 146.98 Salmon and 146.78 Challis,,,100,,,,,,,,,,,Lemhi Amateur Radio Club,,,,,,,,,,,,,,,,,,,,,,,,,,,,,,,,,,,
444.375,5,131.8,N7SAU,"Clarkston, Stout Ranch",WA,OPEN,,90.9,WNW,,444.375,449.375,131.8,Garfield,,,N7SAU,E-power.,,,,,,Unknown,,,,,,,,,,,,,,,,,,,,,,,,,,,,,,,,,,,,,,,,,,,
147,0.6,103.5,KB7DZR,Joseph,OR,OPEN,E,91.9,WSW,,147,147.6,103.5,Wallowa,On-Air,"Joseph, Wallowa Lake, Enterprise, Wallowa Valley and parts of The Eagle Cap Wilderness.",KB7DZR,"WX, e-power (Batt &amp; Gen).",ORRC,,103.5,Joseph Oregon Repeater System,0,,,,,103,Yes; analog capable.,DODROPIN Newsline Net: Sat at 18:00.,"Open for any use and everyone is welcome on this system. Feel free to enter commands for info, weather and Echolink. Printable user guide available on the web site. YSF DSQ code 103",,,,,323569,,,,,,,,,,,,,,,,,,,,,,,,,,,,,,,
146.7,-0.6,,WB7TBM,"Moscow,  Paradise Ridge",ID,OPEN,,94.1,NW,,146.7,146.1,,Latah,Off-Air,,Thatuna ARC,"E-power, 3,700'.",UVHFS,,,,,,,,,,,,,,,,,,,,,,,,,,,,,,,,,,,,,,,,,,,,,,,,
443.3,5,110.9,K7ZZL,Cascade,ID,OPEN,,95.2,SSW,,443.3,448.3,110.9,Valley,On-Air,,Deer Point ARC,Remote base.,UVHFS,,,,Link: 694.,,,,,,,,,,,,,,,,,,,,,,,,,,,,,,,,,,,,,,,,,,,,
927.1625,-25,151.4,NB7C,Cascade,ID,OPEN,A,95.2,SSW,,927.1625,902.1625,151.4,Valley,On-Air,Valley County,NB7C,Connected to 927_Tech,W7ZRQ,,151.4,,,,,,,,,,,WI7ATV,,,,,,29826,,,,,,,,,,,,,,,,,,,,,,,,,,,,,
146.96,-0.6,88.5,W7PX,"Superior, Thompson Peek",MT,OPEN,,95.8,NNE,,146.96,146.36,88.5,Mineral,On-Air,"I-90 = Fish Creek, MT to St. Regis, MT",Hellgate Amateur Radio Club,5,,,,,,,,,,,,,,,,,,,,,,,,,,,,,,,,,,,,,,,,,,,,,,,,,
146.82,-0.6,127.3,WA7HWD,"Moscow, Moscow Mountain",ID,OPEN,,96,NW,,146.82,146.22,127.3,Latah,On-Air,Wide area.,NW Tri-State Amateur Radio Org,Link.,UVHFS,,,,,,,,,,,,,,,,,,,,,,,,,,,,,,,,,,,,,,,,,,,,,,,,
444.975,5,100,K7EI,"Moscow, Moscow Mountain",ID,CLOSED,,96,NW,,444.975,449.975,100,Latah,,Wide area.,,,UVHFS,,,,,Unknown,DN16nt,Full-time to the  K7EI System .,,,,,,,,,,,,,,,,,,,,,,,,,,,,,,,,,,,,,,,,,
146.96,-0.6,CC1,W7CIA,Cascade,ID,OPEN,EI,97.1,SSW,,146.96,146.36,,Valley,On-Air,Two miles south of Smiths Ferry on Hwy 55 to McCall.,,2,UVHFS,,,http://www.ciarc.org/repeaters/w7cia.shtml,,,,"Full-time to  
        147.02000 (KC7MCC) at Mccall, No Business Montain, ID .",,,,,Low level. EchoLink/ IRLP by Control Operator only.,Central Idaho Amateur Radio Club,,1,,696264,3210,,,,,,,,,,,,,,,,,,,,,,,,,,,,,,
145.39,-0.6,,KA7FAJ,"Clarkston, Potter Hill",WA,OPEN,,98,WNW,,145.39,144.79,,Asotin,,,KA7FAJ,Closed autopatch,,,,,,Unknown,,,,,,,,,,,,,,,,,,,,,,,,,,,,,,,,,,,,,,,,,,,
147.12,0.6,,W1KGK,"Missoula, Point 6",MT,OPEN,,98.3,NE,,147.12,147.72,,Missoula,On-Air,Northwest and Western Montana,,,,,,,,,,,,,,,,,,,,,,,,,,,,,,,,,,,,,,,,,,,,,,,,,,,
52.85,-1,,K7UXO,Missoula,MT,OPEN,,99.7,NE,,52.85,51.85,,Missoula,,,K7UXO,,,,,,,Unknown,,,,,,,,,,,,,,,,,,,,,,,,,,,,,,,,,,,,,,,,,,,
146.8,-0.6,88.5,W7PX,"Missoula, Blanchard Mountain",MT,OPEN,,99.8,NE,,146.8,146.2,88.5,Missoula,On-Air,,Hellgate Amateur Radio Club,5,,,,,,,,,,,,,5,,,,,,,,,,,,,,,,,,,,,,,,,,,,,,,,,,,,
444.8,5,88.5,W7PX,"Missoula,  Point Six",MT,OPEN,,99.8,NE,,444.8,449.8,88.5,Missoula,,,Hellgate Amateur Radio Club,7,,,,,,Unknown,,,,,,,10,,,,,,,,,,,,,,,,,,,,,,,,,,,,,,,,,,,,
147.04,0.6,,W7PX,"Missoula, Point Six",MT,OPEN,,99.8,NE,,147.04,147.64,,Missoula,,Wide area.,Hellgate Amateur Radio Club,7,,,,,,Unknown,,,,,,HARC: Wed at 21:00,10,,,,,,,,,,,,,,,,,,,,,,,,,,,,,,,,,,,,
146.9,-0.6,88.5,W7PX,"Missoula,  Point Six",MT,OPEN,,99.8,NE,,146.9,146.3,88.5,Missoula,,Wide area.,Hellgate Amateur Radio Club,7,,,,,,Unknown,,,,,,,10,,,,,,,,,,,,,,,,,,,,,,,,,,,,,,,,,,,,
146.92,-0.6,100,WR7HLN,"Missoula, University Mountain",MT,OPEN,,100.7,NE,,146.92,146.32,100,Missoula,On-Air,"I90, Missoula, Hamilton, Stevensville, Polson, Drummond, Superior",Mac Pass Repeater Group,,,,100,http://www.macpassradio.com/mprg/toston/,,,,Full-time to the  Mac Pass Repeater Group System .,,,,,,,,,,,,,,,,,,,,,,,,,,,,,,,,,,,,,,,,,
448.9,-5,CC1 131.8,WR7HLN,"Missoula, University Mountain",MT,OPEN,E,100.7,NE,,448.9,443.9,131.8,Missoula,On-Air,"Missoula, Stevensville, Hamilton, Polson, Drummond, Superior, and I90",Mac Pass Repeater Group,"E-power (batt). 5,366 Feet ASL",MRCC,,131.8,http://www.wr7hln.org,,,,Full-time to the  Mac Pass Repeater Group System .,,,Yes; analog capable.,,DMR Info on our Website at: http://www.dmr-montana.net,,,1,BrandMeister,448900,,,Mac Pass Repeater Group,"Open Talkgroup View 


 
   
    
     Assignment 
     TS 
     TG 
     Access 
   

  Worldwide English  1  91  Sched    North America  1  93  PTT    Simplex  1  99      TAC 310  1  310  PTT    TAC 311  1  311  PTT    DCI Bridge  1  3100  PTT    Echo Test  1  9990  PTT    Hytera USA Reflector  1  31089  PTT    MPRG 2  1  31302  PTT    NW7RG-USA  1  31304  PTT    USA - Area 7 4647  1  31607  PTT    Local/Cluster  2  2  Full-Time    Montana  2  3130  Full-Time    MPRG  2  31301  Full-Time  
  
 
 
function myFunction(id) {
    var x = document.getElementById(id);
    if (x.className.indexOf(""w3-show"") == -1) {
        x.className += "" w3-show"";
    } else {
        x.className = x.className.replace("" w3-show"", """");
    }
}",1,1,1,1,1,1,1,1,1,1,1,2,2,2,,,,,,,,,,,,,
147,0.6,,NZ7S,"Missoula,  University Mountain",MT,OPEN,,100.8,NE,,147,147.6,,Missoula,On-Air,,NZ7S,Closed autopatch.,,,,,,,,,,,,,,,,,,,,,,,,,,,,,,,,,,,,,,,,,,,,,,,,,
146.62,-0.6,100,W7VOI,"Cascade, Snowbank Mountain",ID,OPEN,,102.8,SSW,,146.62,146.02,100,Valley,On-Air,,Voice of Idaho Amateur Radio Club (VOI),,W7ZRQ,,,,,,,,,,,,,,,,,,,,,,,,,,,,,,,,,,,,,,,,,,,,,,,,
146.68,-0.6,100,W1KGK,"Thompson Falls, Clarks Peak South of Thompaon Falls",MT,OPEN,,104.1,N,,146.68,146.08,100,Sanders,On-Air,NW Montana,W1KGK,,,,,,11,,,,,,,,,,,,,,,,,,,,,,,,,,,,,,,,,,,,,,,,,,,,
443.1625,5,,W7YH,Pullman,WA,OPEN,,104.1,NW,,443.1625,448.1625,,Whitman,On-Air,6,WSU ARC Rho Epsilon W7YH http://hamradio.wsu.edu/,,,,,,,,,,,,,,,,,,,,,,,,,,,,,,,,,,,,,,,W7YH (B) Repeater,"jfindu lookup 
    /   dstar-users lookup",,,,,,,,,,
444.3,5,103.5,KC7AUI,Pullman,WA,OPEN,,104.4,NW,,444.3,449.3,103.5,Whitman,On-Air,Pullman 4 mi radius.,KC7AUI,2,,,,,,,,,,,,,,,,,,,,,,,,,,,,,,,,,,,,,,,,,,,,,,,,,
146.78,-0.6,110.9,AA7WG,"Challis, Grouse Peak",ID,OPEN,,108.6,SSE,,146.78,146.18,110.9,Custer,On-Air,"Most of Custer County Idaho, Highway 93",AA7WG,"linked to 146.98 Salmon, Other links available",,,110.9,,,,,,,,,,8,Custer County Civil Communications Association,,,,,,,,,,,,,,,,,,,,,,,,,,,,,,,,,,,
146.74,-0.6,,W7HFI,"Colfax, Kamiak Butte",WA,OPEN,,109.2,NW,,146.74,146.14,,Whitman,On-Air,Wide area.,N7ZUF,E-power.,IACC,,,,,,,,,,,"Whitman County ARES Net, every Thursday at 6:30PM",Whitman County ARES Repeater,,,,,,,,,,,,,,,,,,,,,,,,,,,,,,,,,,,,
53.75,-1.7,100,N7ZUF,"Colfax, Kamiak Butte",WA,OPEN,,109.2,NW,,53.75,52.05,100,Whitman,On-Air,,,E-power.,IACC,,,,,,,,,,,,,,,,,,,,,,,,,,,,,,,,,,,,,,,,,,,,,,,,
444.2,5,CC2 131.8,WR7HLN,"Mullan-ID, Lookout Pass",MT,OPEN,,113.2,N,,444.2,449.2,131.8,Mineral,On-Air,From Spokane Washington to I90 to about 60 miles east of the Idaho/Montana Border,Mac Radio Repeater Group,,MRCC,,131.8,http://www.wr7hln.org,,,,Full-time to the  Mac Pass Repeater Group System .,,,,,DMR Info at our website at http://www.dmr-montana.net,Mac Pass Repeater Group System,,2,BrandMeister,,,,Mac Pass Repeater Group,"Open Talkgroup View 


 
   
    
     Assignment 
     TS 
     TG 
     Access 
   

  Worldwide English  1  91  Sched    North America  1  93  PTT    Simplex  1  99      TAC 310  1  310  PTT    TAC 311  1  311  PTT    DCI Bridge  1  3100  PTT    Echo Test  1  9990  PTT    Hytera USA Reflector  1  31089  PTT    MPRG 2  1  31302  PTT    BGV  1  31303  PTT    NW7RG-USA  1  31304  PTT    USA - Area 7 4647  1  31607  PTT    Local/Cluster  2  2  Full-Time    Montana  2  3130  Full-Time    MPRG  2  31301  Full-Time  
  
 
 
function myFunction(id) {
    var x = document.getElementById(id);
    if (x.className.indexOf(""w3-show"") == -1) {
        x.className += "" w3-show"";
    } else {
        x.className = x.className.replace("" w3-show"", """");
    }
}",1,1,1,1,1,1,1,1,1,1,1,2,2,2,,,,1,,,,,,,,,
147.02,0.6,,K7HPT,"Saltese,  Lookout Pass",MT,OPEN,,113.2,N,,147.02,147.62,,Mineral,On-Air,,,Linked.,,,,Kamiak Butte Amateur Repeater Association,,,,,,,,,,,,,,,,,,,,,,,,,,,,,,,,,,,,,,,,,,,,,
147.02,0.6,,K7HPT,"Mullan, Lookout Pass",ID,OPEN,,113.3,N,,147.02,147.62,,Shoshone,On-Air,,"W7OE ,  Kamiak Butte Amateur Repeater Association",,UVHFS,,,,,,,,,,,,,,,,,,,,,,,,,,,,,,,,,,,,,,,,,,,,,,,,
147.36,0.6,103.5,KD8RMQ,"Plains, In Town",MT,OPEN,E,115.9,NNE,,147.36,147.96,103.5,Sanders,On-Air,Plains - Paradise,KD8RMQ,EchoLink,MRCC,,103.5,http://www.qsl.net/kd8rmq/link,#2 = Activate EchoLink (node)# = Connect to Node #. # = Disconnect from Node.,,,,,,,,Covers Plains and Paradise with a handheld. Covers from Thompson Falls to Perma on a mobile.,,,,,757103,,,,,,,,,,,,,,,,,,,,,,,,,,,,,,,
147.14,0.6,103.5,K7KTR,Plains,MT,OPEN,E,115.9,NNE,,147.14,147.74,103.5,Sanders,On-Air,30,K7KTR,80,,,,,,,,"Full-time to  
        146.62000 (KA5LXG) at Bigfork, MT .
 


Full-time to  
        146.70000 (K7HR) at East Glacier, Mt Baldy, MT .",,,,,,,,,,44014,,,,,,,,,,,,,,,,,,,,,,,,,,,,,,,
146.64,-0.6,100,W7GET,"Plains, Pats Knob",MT,OPEN,A,115.9,NNE,,146.64,146.04,100,Sanders,On-Air,Wide area: From Thompson Falls to St. Regis,,,MRCC,,,,,,,,,,,,6,,,,,,,41474,,,,,,,,,,,,,,,,,,,,,,,,,,,,,
449.075,-5,123,W7GET,"Plains, Pats Knob",MT,OPEN,,115.9,NNE,,449.075,444.075,123,Sanders,On-Air,Wide Area,,,,,,,,,,,,,,,6915,,,,,,,,,,,,,,,,,,,,,,,,,,,,,,,,,,,,
444.55,5,,K7KTR,Dixon,MT,OPEN,,116,NNE,,444.55,449.55,,Sanders,,,WB7WBJ,,,,,,,Unknown,,,,,,,,,,,,,,,,,,,,,,,,,,,,,,,,,,,,,,,,,,,
147.26,0.6,103.5,K7RPT,"La Grande, Mount Fanny",OR,OPEN,,116.6,WSW,,147.26,147.86,103.5,Union,On-Air,I-84 west of La Grande and the Baker area.,Amateur Radio Relay Group (ARRG),88,ORRC,,,http://www.arrg.org/,,,,,,,,,,,,,,,,,,,,,,,,,,,,,,,,,,,,,,,,,,,,,
145.15,-0.6,110.9,W7NYW,"La Grande, Mount Fanny",OR,OPEN,,116.6,WSW,,145.15,144.55,110.9,Union,On-Air,,Eastern Oregon Amateur Radio Society,7,,,,,,,,"Full-time to  
        145.17000 (W7NYW) at Ontario, Malheir, OR .
 


Full-time to  
        145.27000 (W7NYW) at Baker City, Beaver Mountain, OR .",,,,,,Baker ARC,,,,,,,,,,,,,,,,,,,,,,,,,,,,,,,,,,,
145.31,-0.6,88.5,KB7SIJ,"St. Maries, Idaho",ID,OPEN,,117.5,NNW,,145.31,144.71,88.5,Idaho,On-Air,,,,,,,,,,,,,,,,,,,,,,,,,,,,,,,,,,,,,,,,,,,,,,,,,,,,
146.94,-0.6,127.3,N7SZY,"Kellogg,  Wardner Peak",ID,OPEN,,119.9,NNW,,146.94,146.34,127.3,Shoshone,On-Air,,SVARC,,IACC,,,,,,,,,,,,,,,,,,,,,,,,,,,,,,,,,,,,,,,,,,,,,,,,
444,5,127.3,N7SZY,"Kellogg,  Wardner Peak",ID,OPEN,,119.9,NNW,,444,449,127.3,Shoshone,On-Air,,,,,,,,,,,,,,,,,,,,,,,,,,,,,,,,,,,,,,,,,,,,,,,,,,,,
446.8,-5,,KA7NBR,Anaconda,MT,OPEN,,120.1,ESE,,446.8,441.8,,Deer Lodge,,,KA7NBR,,,,,,,Unknown,,,,,,,,,,,,,,,,,,,,,,,,,,,,,,,,,,,,,,,,,,,
147.12,0.6,103.5,W1KGK,"Missoula, Point Six",MT,OPEN,,120.6,NE,,147.12,147.72,103.5,Missoula,On-Air,Western Montana from Idaho to Central Montana,,,,,,,,,,,,,,,,,,,,,,,,,,,,,,,,,,,,,,,,,,,,,,,,,,,
147.08,0.6,107.2,K0PP,Anaconda,MT,OPEN,,121.2,ESE,,147.08,147.68,107.2,Deer Lodge,On-Air,,Anaconda ARC,Linked.,,,,,,,,,,,,,,,,,,,,,,,,,,,,,,,,,,,,,,,,,,,,,,,,,
145.43,-0.6,,KD7YAC,St Ignatius,MT,OPEN,,121.3,NNE,,145.43,144.83,,Lake,,,KD7YAC,,,,,,,Unknown,,,,,,,,,,,,,,,,,,,,,,,,,,,,,,,,,,,,,,,,,,,
224.76,-1.6,CSQ,KB7BTU,"Wallace, Goose Peak",ID,OPEN,,121.5,N,,224.76,223.16,CSQ,Shoshone,On-Air,Lookout Pass to 4th of July Pass and up the CDA River.,KB7BTU,6,IACC,,,,,,,,,,,,,,,,,,,,,,,,,,,,,,,,,,,,,,,,,,,,,,,,
147.18,0.6,,KB7BYR,"Wallace, Goose Peak",ID,OPEN,,121.5,N,,147.18,147.78,,Shoshone,On-Air,"Burke Canyon, Coeur d'Alene River, Thompson Pass",KB7BYR,,,,,,,,,,,,,,,,,,,,,,,,,,,,,,,,,,,,,,,,,,,,,,,,,,
53.03,-1,131.8,KB7IQN,Anaconda,MT,OPEN,,121.6,ESE,,53.03,52.03,131.8,Deer Lodge,,,KB7IQO,,,,,,,Unknown,,,,,,,,,,,,,,,,,,,,,,,,,,,,,,,,,,,,,,,,,,,
444.925,5,146.2,KF7GOR,"La Grande, Mount Harris",OR,OPEN,E,121.6,WSW,,444.925,449.925,146.2,Union,On-Air,Union County I-82 and I-84 and into Baker City Area.,,7,,,146.2,,For system info Press 0*.,,,147.5,,,,,Remote base required a PL of 146.2.,,,,,72735,,,,,,,,,,,,,,,,,,,,,,,,,,,,,,,
146.8,-0.6,123,WF7S,"Elgin, Spout Springs Ski Resort",OR,OPEN,,125.4,W,,146.8,146.2,123,Umatilla,On-Air,"Wide area: Spokane to the North, Hood River to the West, Baker City to the Southwest, Joseph and Enterprise to the SE and high Idaho points to the East. Excellent coverage along I-84 except for down in the gorge in Morrow and Wasco counties (coverage ends WB I-84 at ~mp 147 and EB I-84 at mp 314). Coverage for Columbia Basin and Franklin County. No coverage from La Grande mp 261 through hills to the west.",Spout Springs Repeater Association,E-power.,ORRC,,123,http://www.wf7s.net,Disable tone requirement by keying A0* (alpha zero asterisk) PL Tone is required again after 9 mins of repeater inactivity.,,,"Full-time to  
        146.62000 (WF7S) at Pasco, WA .",,Open ↑ / Open ↓,Yes; analog capable.,"Business Net: 1st and 3rd Sunday of each month at 19:30. 
Cracker Barrel Rag Chew Net: Weeknights at 20:00.",5,,,,,,,,,,,,,,,,,,,,,,,,,,,,,,,,,,,,
147.12,0.6,100,K7OJI,"Weiser, Sheep Creek",ID,OPEN,,126.7,SW,,147.12,147.72,,Washington,On-Air,Wide area; Along the US Hwy 95 North of Weiser for another 50 miles.,Treasure Valley Radio Association (TVRA),"Autopatch, e-power, link.",UVHFS,,,http://www.K7OJI.us,,,,,,Open ↑ / Open ↓,,,,,,,,,,,,,,,,,,,,,,,,,,,,,,,,,,,,,,,
444.1,5,CC2 100.0,WR7HLN,"Dillon, Badger Pass",MT,OPEN,E,127.2,SE,,444.1,449.1,100,Beaverhead,On-Air,,Mac Pass Repeater Group,E-power (solar),MRCC,,100,www.wr7hln.org,,,,Full-time to the  Mac Pass Repeater Group System .,,,Yes; analog capable.,,"Repeater is on Solar Powered 24 hours a day, so is emergency use at all times. Also uses Internet via Ubiquiti 5.8Ghz Path. All repeater are on the Mac Pass Repeater Group. 
7,520'.",Mac Pass repeater Group,,2,BrandMeister,259336,,,BrandMeister US,"Open Talkgroup View 


 
   
    
     Assignment 
     TS 
     TG 
     Access 
   

  Worldwide English  1  91  Sched    North America  1  93  PTT    TAC 310  1  310  PTT    TAC 311  1  311  PTT    DCI Bridge  1  3100  PTT    Parrot  1  9990  PTT    Hytera USA Reflector  1  31089  PTT    MPRG 2  1  31302  Full-Time    BGV  1  31303  Full-Time    NW7RG-USA  1  31304  PTT    USA - Area 7 4647  1  31607  PTT    Local/Cluster  2  2  Full-Time    Montana  2  3130  Full-Time    MPRG  2  31301  Full-Time  
  
 
 
function myFunction(id) {
    var x = document.getElementById(id);
    if (x.className.indexOf(""w3-show"") == -1) {
        x.className += "" w3-show"";
    } else {
        x.className = x.className.replace("" w3-show"", """");
    }
}",1,1,,1,1,1,,1,1,1,1,2,2,2,,,,1,1,,,,,,,,
145.31,-0.6,100,KA7ERV,"Lowman, Pilot Peak",ID,OPEN,,129.6,S,,145.31,144.71,100,Boise,On-Air,,KA7ERV,E-power (solar).,,,,,,,,,,,,,,Boise County ARES,,,,,,,,,,,,,,,,,,,,,,,,,,,,,,,,,,,
147.28,0.6,103.5,KD7DDQ,"Milton-Freewater, Pikes Peak",OR,OPEN,,131.8,W,,147.28,147.88,103.5,Umatilla,On-Air,,,3,,,,,,,,,,,,,PL not required.,,,,,,,,,,,,,,,,,,,,,,,,,,,,,,,,,,,,
444.85,5,,KC7MRQ,Ronan,MT,OPEN,W,133.5,NNE,,444.85,449.85,,Lake,Off-Air,Local valley coverage,,,,,,,,,,,,Open ↑ / Open ↓,,,WIRES-X enabled 24/7.,,,,,,,,,,,,,,,,,,,,,,,,,,,,,11864,,,,,,,
146.7,-0.6,162.2,KC7MRQ,Ronan,MT,OPEN,EA,133.5,NNE,,146.7,146.1,162.2,Lake,Off-Air,,,,MRCC,,162.2,,,,,,,,,,,,,,,274865,,29115,,,,,,,,,,,,,,,,,,,,,,,,,,,,,
147.2,0.6,100,K7WIR,"Emmett, Squaw Butte",ID,OPEN,,133.6,SSW,,147.2,147.8,100,Gem,On-Air,Wide area:,Western Idaho Amateur Radio Association,6,UVHFS,,,,,,,,,,,,,,,,,,,,,,,,,,,,,,,,,,,,,,,,,,,,,,,,
146.98,-0.6,100,W7GRA,"La Grande, Grande Ronde Hospital",OR,OPEN,W,133.8,WSW,,146.98,146.38,100,Union,On-Air,Grande Ronde Valley,,e-power,ORRC,,100,http://w7gra.org/,,,,,,Open ↑ / Open ↓,Yes; analog capable.,Sunday Night Net at 19:00,**NEWS***10/20/17 W7GRA is now a DR-2X repeater. C4FM use on this repeater may require you to update your radio's firmware. Please check with Yaesu to see if it is required for full System Fusion 2 compatibility. All System Fusion radios are upgrade-able.,Grande Ronde Radio Amateurs,,,,,,,,,,,,,,,,,,,,,,,,,,,,30274,,,,,,,
444.15,5,100,K7OJI,"Huntington, Lime Hill",OR,OPEN,,135.5,SW,,444.15,449.15,100,Baker,On-Air,"Wide area: Baker City, OR to Boise, ID. 50 mi radius.",Treasure Valley Radio Association,5,ORRC,,,TVRA Repeaters,,,,,,,,,,,,,,,,,,,,,,,,,,,,,,,,,,,,,,,,,,,,,
147.12,0.6,100,K7OJI,"Huntington, Lime Hill",OR,OPEN,,135.5,SW,,147.12,147.72,100,Baker,On-Air,Wide area. Excelent coverage on I-84 from the east end of Ladd Canyon Canyon (~mp 270) to the Idaho border (mp 376). 75 mi radius.,Treasure Valley Radio Association,"APRS, e-power, linked.",ORRC,,,TVRA Repeaters,,,,,,,,,5,,,,,,,,,,,,,,,,,,,,,,,,,,,,,,,,,,,,
443.125,5,,WA7DRE,"Spokane, Sacred Heart Hospital",WA,OPEN,,138,NW,,443.125,448.125,,Spokane,On-Air,"Spokane, Spokane Valley, Post Falls ID, CDA ID",WA7DRE,,,,,http://www.wa7dre.org,,,,,,,,,,Washington Digital Radio Enthusiasts,,,,,,,,,,,,,,,,,,,,,,,,WA7DRE (B) Gateway Repeater,"jfindu lookup 
    /   dstar-users lookup",,,,,,,,,,
443.525,5,,WA7DRE,Spokane,WA,OPEN,W,138.7,NW,,443.525,448.525,,Spokane,On-Air,"Spokane, Spokane Valley, Post Falls ID, CDA ID",WA7DRE,,,,,http://www.wa7dre.org,,,,,,Open ↑ / Open ↓,Yes; analog capable.,,,Washington Digital Radio Enthusiasts,,,,,,,,,,,,,,,,,,,,,,,,,,,,11375,,,,,,,
145.47,-0.6,100,WI7ATV,"Idaho City, Shafer Butte",ID,OPEN,,139.4,S,,145.47,144.87,100,Boise,On-Air,Treasure Valley  75 mile radius,NB7C,,W7ZRQ,,100,,,,,,,Open ↑ / Open ↓,Yes; analog capable.,,,Western Idaho Amateur Television/ Repeater Associa,,,,,,,,,,,,,,,,,,,,,,,,,,,,,,,,,,,
444.65,5,CSQ,N7DWC,"Weston, Waldo Mountain",OR,OPEN,,139.6,W,,444.65,449.65,CSQ,Umatilla,Off-Air,"Pendleton, Hermiston Oregon and Walla Walla, Tri-Cities Washington",N7DWC,E-power (solar),ORRC,,,,,,,,,,,,,,,,,,,,,,,,,,,,,,,,,,,,,,,,,,,,,,,,
147.14,0.6,100,AE6DX,"Sawtooth City, Galena Peak",ID,OPEN,,139.7,SSE,,147.14,147.74,100,Blaine,On-Air,Sawtooth National Forest and Stanley,Wood River ARC,,UVHFS,,100,WRARC repeaters,,,,"Full-time to  
        147.18000 (N7ACB) at Ketchum, Bald Mountain, ID .",,,,Mon at 19:00,,,,,,,,,,,,,,,,,,,,,,,,,,,,,,,,,,,,,
444.9,5,,K7LW,Athena,OR,OPEN,,139.7,W,,444.9,449.9,,Umatilla,On-Air,"Low level, less than 100 miles",Cookie Radio Club,,,,,,,,DN05ul,,,,,,,,,,,,,,,,,,,,,,,,,,,,,,,K7LW (B) Repeater,"jfindu lookup 
    /   dstar-users lookup",,,,,,,,,,
449.4,-5,131.8,KB8ML,Butte,MT,OPEN,E,140,ESE,,449.4,444.4,131.8,Silver Bow,Off-Air,,,,,,,,,,,,,,,,,,,,,355351,,,,,,,,,,,,,,,,,,,,,,,,,,,,,,,
146.94,-0.6,100,W7ROE,Butte,MT,OPEN,,140.1,ESE,,146.94,146.34,100,Silver Bow,On-Air,Wide area.,Butte ARC,,,,,,,,,,,,,,,,,,,,,,,,,,,,,,,,,,,,,,,,,,,,,,,,,,
144.5,3,107.2,,Butte,MT,OPEN,,140.1,ESE,,144.5,147.5,107.2,Silver Bow,On-Air,,,,,,,,,,,,,,,,,,,,,,,,,,,,,,,,,,,,,,,,,,,,,,,,,,,,
147.02,0.6,107.2,W7VNE,Butte,MT,OPEN,,140.1,ESE,,147.02,147.62,107.2,Silver Bow,On-Air,30,Anaconda ARC,"E-power, linked.",,,,,,,,,,,,,,,,,,,,,,,,,,,,,,,,,,,,,,,,,,,,,,,,,
444.25,5,,KL7NA,Walla Walla,WA,OPEN,,140.6,W,,444.25,449.25,,Walla Walla,,,,,,,,,,Unknown,,,,,,,,,,,,,,,,,,,,,,,,,,,,,,,,,,,,,,,,,,,
443.45,5,123,AL1Q,"Walla Walla, Hertzer Peak",WA,OPEN,,140.6,W,,443.45,448.45,123,Walla Walla,On-Air,"Eastern Washington, effective north up to I-90, west to Toppenish. Oregon coverage limited to high terrain along the Blue Mountains. No significant coverage in Idaho.",AL1Q,"Crossband link with 146.96, AL1Q",,,123,,,,,,,,,,,Lewis Peak Amateur Repeater Association,,,,,,,,,,,,,,,,,,,,,,,,,,,,,,,,,,,
146.96,-0.6,74.4,AL1Q,"Walla Walla, Hertzer Peak",WA,OPEN,,140.6,W,,146.96,146.36,74.4,Walla Walla,On-Air,"Eastern Washington: Walla Walla, Benton, and Franklin counties. Intermittent contact along I-90, Moses Lake to Spokane, and high points south of I-90 to Snake River, including along SH26. Eastern Oregon: Limited to parts of Umatilla County, Pendleton and points north.",AL1Q,,,,74.4,,882,,,"Full-time to  
        145.41000 (N7LZM) at Kennewick, Jump Off Joe, WA .
 


Full-time to  
        442.47500 (KD7LZN) at Naches, Whites Pass, WA .",,,,Walla Walla ARES: Thu at 19:00.,,Lewis Peak Amateur Repeater Association,,,,,,,,,,,,,,,,,,,,,,,,,,,,,,,,,,,
147.28,0.6,103.5,KD7DDQ,"Walla Walla, Pikes Peak",WA,OPEN,,140.6,W,,147.28,147.88,103.5,Walla Walla,On-Air,,Kamiak Butte Amateur Repeater Assoc (KBARA),3,,,,,,,,,,,,,,,,,,,,,,,,,,,,,,,,,,,,,,,,,,,,,,,,,
147.14,0.6,94.8,KH6IHB,Walla Walla,WA,OPEN,,140.6,W,,147.14,147.74,94.8,Walla Walla,On-Air,,KH6IHB,E-power.,,,,,,,,,,,,,,,,,,,,,,,,,,,,,,,,,,,,,,,,,,,,,,,,,
443.05,5,114.8,NB7C,Payette,ID,OPEN,EI,141.2,SSW,,443.05,448.05,114.8,Payette,On-Air,,NB7C,EchoIRLP Node,UVHFS,,,,,,,,,,,,,,,,,43417,3417,,,,,,,,,,,,,,,,,,,,,,,,,,,,,,
927.125,-25,103.5,NB7C,Payette,ID,OPEN,A,141.3,SSW,,927.125,902.125,103.5,Payette,On-Air,City of Payette.,"Carl Sorensen, NB7C",,UVHFS,,103.5,,,,,,,,,,,,,,,,,29902,,,,,,,,,,,,,,,,,,,,,,,,,,,,,
146.76,-0.6,,K7IMM,Dillon,MT,OPEN,,141.9,SE,,146.76,146.16,,Beaverhead,On-Air,,DARC,,,,,,,,,,,,,,,,,,,,,,,,,,,,,,,,,,,,,,,,,,,,,,,,,,
443.975,5,136.5,K7ID,"Coeur d'Alene, Canfield Mountain",ID,OPEN,E,142.1,NNW,,443.975,448.975,136.5,Kootenai,On-Air,Metro CDA area and I-90.,,,IACC,,,,,,,"Full-time to  
        146.98000 (K7ID) at Post Falls, Mica Peak, ID .",,,,,,,,,,426264,,,,,,,,,,,,,,,,,,,,,,,,,,,,,,,
449.775,-5,,K7IMM,Dillon,MT,OPEN,,142.1,SE,,449.775,444.775,,Beaverhead,,,DARC,Linked.,,,,,,Unknown,,,,,,,,,,,,,,,,,,,,,,,,,,,,,,,,,,,,,,,,,,,
145.35,-0.6,100,W7CMA,Polson,MT,OPEN,,142.4,NNE,,145.35,144.75,100,Lake,On-Air,Wide area.,FVRG,"Autopatch, e-power, linked, remote base.",,,,,,,,,,,,,,,,,,,,,,,,,,,,,,,,,,,,,,,,,,,,,,,,,
145.27,-0.6,110.9,W7NYW,"Baker City, Beaver Mountain",OR,OPEN,E,142.9,SW,,145.27,144.67,110.9,Baker,On-Air,Wide area: Baker County. 60 mi radius.,Eastern Oregon ARS,E-power.,,,110.9,,,,,"Full-time to  
        145.15000 (W7NYW) at La Grande, Mount Fanny, OR .
 


Full-time to  
        145.17000 (W7NYW) at Ontario, Malheir, OR .",,,,,6,Baker ARC,,,,414516,,,,,,,,,,,,,,,,,,,,,,,,,,,,,,,
444.35,5,192.8,N1NG,"Spokane, South Hill",WA,OPEN,,143.6,NNW,,444.35,449.35,192.8,Spokane,On-Air,,Kamiak Butte Amatuer Repeater Assoc (KBARA),,UVHFS,,,,,,DN17ln,,,,,,,,,,,,,,,,,,,,,,,,,,,,,,,,,,,,,,,,,,
145.15,-0.6,114.8,WA7RVV,"Spokane, Mica Peak",WA,OPEN,E,143.6,NNW,,145.15,144.55,114.8,Spokane,On-Air,Wide area.,WA7RVV,,IACC,,114.8,,,,DN17ln,,,,,,,,,,,254771,,,,,,,,,,,,,,,,,,,,,,,,,,,,,,,
147.24,0.6,127.3,WA7HWD,"Spokane, Mica Peak",WA,OPEN,,143.6,NNW,,147.24,147.84,127.3,Spokane,On-Air,"Spokane, WA.",,"Linked, e-power.",IACC,,127.3,,,,,,,,,Membership Net: Wed 2000.,,Northwest Tri-State ARO,,,,,,,,,,,,,,,,,,,,,,,,,,,,,,,,,,,
147.38,0.6,100,W7OE,"Spokane, Mica Peak",WA,OPEN,I,143.6,NNW,,147.38,147.98,100,Spokane,On-Air,Wide area. 30 mi radius.,W7OE,,IACC,,,,,,DN17ln,,,,,NW Regional/International Net: Weekdays 0700.  Weather Nets: Weekdays 0545 &amp; 1645.  Wednesday Evening Net: Wed at 1900.  Whitman/Latah County ARES Net: Thur at 1830.  KBARA Tech-Net: Thur at 1930.  Stanley Steamer Net: Sat at 0700.  Road Runners Net: Sun at 0700.  Spokane Region Storehouse ERC Net: Sun at 1930.,,Kamiak Butte Amateur Repeater Assoc,,,,,3957,,,,,,,,,,,,,,,,,,,,,,,,,,,,,,
145.11,-0.6,118.8,WA7UOJ,"Spokane, Mica Peak",WA,OPEN,,143.6,NNW,,145.11,144.51,118.8,Spokane,On-Air,,,,IACC,,118.8,,,,,,,,,,,,,,,,,,,,,,,,,,,,,,,,,,,,,,,,,,,,,,
53.29,-1.7,100,WA7UOJ,"Spokane, Mica Peak",WA,OPEN,,143.6,NNW,,53.29,51.59,100,Spokane,On-Air,Wide area.,,Autopatch.,IACC,,103.5,,,,DN17ln,,,,,,,,,,,,,,,,,,,,,,,,,,,,,,,,,,,,,,,,,,
146.98,-0.6,127.3,K7ID,"Post Falls, Mica Peak",ID,OPEN,,144.2,NNW,,146.98,146.38,127.3,Kootenai,On-Air,,Kootenai Amateur Radio Society,,IACC,,,Kootenai Amateur Radio Society,,,,"Full-time to  
        443.97500 (K7ID) at Coeur d'Alene, Canfield Mountain, ID .",,,,KARS NorthWest Traffic Net: Daily 18:30,,,,,,,,,,,,,,,,,,,,,,,,,,,,,,,,,,,,,
147.08,0.6,100,KC7ODP,"Post Falls, Mica Peak",ID,OPEN,,144.2,NNW,,147.08,147.68,100,Kootenai,On-Air,,,,IACC,,,,,,,,,,,NW Traffic Net: Wed at 18:30.,,,,,,,,,,,,,,,,,,,,,,,,,,,,,,,,,,,,,
147.22,0.6,,N7UBO,Emmett,ID,OPEN,,144.6,SSW,,147.22,147.82,,Gem,On-Air,,,,,,,,,,,,,,,,,,,,,,,,,,,,,,,,,,,,,,,,,,,,,,,,,,,,
224.88,-1.6,100,KD7LXW,Emmett,ID,OPEN,E,144.6,SSW,,224.88,223.28,100,Gem,On-Air,Wide area. 75 mi radius.,KD7LXW,6,UVHFS,,,,,,,,,,,,,,,,,182942,,,,,,,,,,,,,,,,,,,,,,,,,,,,,,,
147.22,0.6,,N7UBO,Emmett,ID,OPEN,,144.6,SSW,,147.22,147.82,,Gem,On-Air,,N7UBO,Yaesu System Fusion,W7ZRQ,,,,,,,,,Open ↑ / Open ↓,Yes; analog capable.,,,,,,,,,,,,,,,,,,,,,,,,,,,,,,,,,,,,,,
443.65,5,100,KC7BSA,Fruitland,ID,OPEN,I,145.1,SSW,,443.65,448.65,100,Payette,On-Air,,,,UVHFS,,,IRLP site,,,,,,,,,,,,,,,3130,,,,,,,,,,,,,,,,,,,,,,,,,,,,,,
443.15,5,100,K7RHB,Ontario,OR,OPEN,E,145.3,SSW,,443.15,448.15,100,Malhuer,On-Air,,,,,,,,,,,,,,,,2,,,,,224189,,,,,,,,,,,,,,,,,,,,,,,,,,,,,,,
53.39,-1.7,100,KB6UMY,"Coeur d'Alene, Mica Peak/RX   Blossom/TX",ID,OPEN,EI,145.5,NNW,,53.39,51.69,100,Kootenai,On-Air,Kootenai County,Brandon Vetter,Linked to 147.280+ and 442.975+ All PL 100.0,IACC,,100,,,,,,,,,,,KARS,,,,465683,3773,,,,,,,,,,,,,,,,,,,,,,,,,,,,,,
927.1125,-25,D432,NB7C,"Idaho City, Shafer Butte",ID,OPEN,EA,145.5,SSW,,927.1125,902.1125,D432,Boise,On-Air,Southwest Idaho,"Carl Sorensen, NB7C",,UVHFS,,D432,,,,,,,,,,,,,,,93417,,29901,,,,,,,,,,,,,,,,,,,,,,,,,,,,,
146.94,-0.6,100,K7BSE,"Idaho City, Shafer Butte",ID,OPEN,,145.5,SSW,,146.94,146.34,100,Boise,On-Air,Wide area. SW Idaho.,"Idaho Society of Radio Amateurs (ISRA), Boise Chapter",,UVHFS,,,,Link: 694.,,DN13ws,"Linkable to  
        443.30000 (K7ZZL) at Cascade, ID .",,,,ISRA: Sun at 20:30.,,,,,,,,,,,,,,,,,,,,,,,,,,,,,,,,,,,,,
146.84,-0.6,100,W7VOI,"Idaho City, Shafer Butte",ID,OPEN,,145.6,SSW,,146.84,146.24,100,Boise,On-Air,Wide area.,Voice of Idaho Amateur Radio Club (VOI),,W7ZRQ,,,,,,,,,,,,6,,,,,,,,,,,,,,,,,,,,,,,,,,,,,,,,,,,,
442.975,5,100,KB6UMY,"Post Falls, Blossom Peak",ID,OPEN,EI,145.6,NNW,,442.975,447.975,100,Kootenai,On-Air,"Post Falls, Spokane and Coeur d'alene area",Brandon Vetter,Linked to 147.280+ 53.39-1.7 PL 100.0 Hz,IACC,,100,http://www.blossompeak.org,,,,,,,,,,,,,,465683,3773,,,,,,,,,,,,,,,,,,,,,,,,,,,,,,
147.28,0.6,100,KB6UMY,"Post Falls, Blossom Peak",ID,OPEN,EI,145.6,NNW,,147.28,147.88,100,Kootenai,On-Air,"Coeur d'Alene, Post Falls, Spokane",Brandon Vetter,Linked to 442.975+ 53.39-1.7 PL 100.0 Hz,IACC,,100,,,,,,,,,,,,,,,465683,3773,,,,,,,,,,,,,,,,,,,,,,,,,,,,,,
444.675,5,156.7,N7KNL,Shafer Butte,ID,OPEN,I,145.6,SSW,,444.675,449.675,156.7,Boise,On-Air,,N7KNL,,,,,,,,,,,,,,,,,,,,3541,,,,,,,,,,,,,,,,,,,,,,,,,,,,,,
444.9,5,100,W7VOI,"Idaho City, Shafer Butte",ID,OPEN,,145.6,SSW,,444.9,449.9,100,Boise,On-Air,Wide area.,,,W7ZRQ,,,,,,,,,,,,,Voice of Idaho (VOI) Amateur Radio Club,,,,,,,,,,,,,,,,,,,,,,,,,,,,,,,,,,,
444.5,5,100,WR7ID,"Idaho City, Shafer Butte",ID,OPEN,,145.6,SSW,,444.5,449.5,100,Boise,On-Air,Caldwell.,Intrastate Repeater System (IRS),,,,,http://www.intrastaterepeatersystem.org/,,,,,,,,,,,,,,,,,,,,,,,,,,,,,,,,,,,,,,,,,,,,,
444.475,5,CC1,N7MOT,"Coeur d'Alene, Blossom Mtn",ID,OPEN,,145.8,NNW,,444.475,449.475,,Kootenai,On-Air,Kootenai County and East Spokane County,N7MOT - Lenny Gemar,Internet linked to PNW c-Bridge and Brandmeister,,,,http://www.qrz.com/db/N7MOT,,,,,,,,,Available TGs are listed at http://www.qrz.com/db/N7MOT,PNW c-Bridge http://www.trbo.org/pnw/,,1,,,,,,,,,,,,,,,,,,,,,,,,,,,,,,,,,
147.04,0.6,131.8,K7LW,"Athena, Weston Mountain",OR,OPEN,W,147.1,W,,147.04,147.64,,Umatilla,On-Air,"Low Level, less than 100 miles",Cookie Radio Club,E-power,,,,,,,,,,Open ↑ / Open ↓,,,,,,,,,,,,,,,,,,,,,,,,,,,,,,,,40289,,,,,,,
145.17,-0.6,114.8,K7MMA,"Spokane Valley, Liberty Lake",WA,OPEN,E,148,NNW,,145.17,144.57,114.8,Spokane,On-Air,"Spokane and Spokane Valley to Post Falls, ID Area",KC7GKY/K7MMA,,IACC,,114.8,,,,,,,,,,All licensed amateurs are welcome to use.,,,,,591675,,,,,,,,,,,,,,,,,,,,,,,,,,,,,,,
444.075,5,CC1,WA7GSK,"Boise, Lower Deer Point",ID,OPEN,,148.1,SSW,,444.075,449.075,,Boise,On-Air,Treasure Valley and SW Idaho,WA7GSK,,,,,,,,,,,,,,"Brandmeister Network 
http://www.wa7gsk.com click on DMR Tab for codeplug info",Gem State Communications,,1,,,,,,"Open Talkgroup View 


 
   
    
     Assignment 
     TS 
     TG 
     Access 
   

  Idaho  1  3116  Full-Time    Local/Cluster  2  2  PTT  
  
 
 
function myFunction(id) {
    var x = document.getElementById(id);
    if (x.className.indexOf(""w3-show"") == -1) {
        x.className += "" w3-show"";
    } else {
        x.className = x.className.replace("" w3-show"", """");
    }
}",,,,,,,,,,,,2,,,,,,,,,BrandMeister US,1,,,,,
444.475,5,D245,KE7YD,"Boise, Deer Point",ID,OPEN,,148.2,SSW,,444.475,449.475,D245,Ada,On-Air,SW Idaho,KE7YD,E-power.,W7ZRQ,,D245,,,,,,,,,Tue at 19:00.,,Ada County ACS,,,,,,,,,,,,,,,,,,,,,,,,,,,,,,,,,,,
443.65,5,,W7TRF,Liberty Lake,WA,CLOSED,,148.2,NNW,,443.65,448.65,,Spokane,,,ASARC,Linked.,,,,,,Unknown,,,,,,,,,,,,,,,,,,,,,,,,,,,,,,,,,,,,,,,,,,,
146.66,-0.6,,N7FM,Spokane Valley,WA,OPEN,IA,148.7,NW,,146.66,146.06,,Spokane,On-Air,Spokane,N7FM,,IACC,,100,,,,DN17jo,,,,,,,,,,,,3502,41473,,,,,,,,,,,,,,,,,,,,,,,,,,,,,
444.425,5,100,N7FM,Spokane Valley,WA,OPEN,I,148.7,NW,,444.425,449.425,100,Spokane,On-Air,Spokane,N7FM,,IACC,,100,http://www.n7fm.com,,,DN17jo,,,,,,,,,,,,3507,,,,,,,,,,,,,,,,,,,,,,,,,,,,,,
145.33,-0.6,100,N7FM,Spokane Valley,WA,OPEN,A,148.7,NW,,145.33,144.73,100,Spokane,On-Air,,WA6HSL,,IACC,,100,,,,DN17jo,"Full-time to  
        224.40000 (K7MMA) at Spokane, Icy Hill, WA .",,,,,,,,,,,,28162,,,,,,,,,,,,,,,,,,,,,,,,,,,,,
145.33,-0.6,103.5,K7RPT,"Pendleton, Deadman Pass",OR,OPEN,,148.8,W,,145.33,144.73,103.5,Umatilla,On-Air,Covers Pendleton to LaGrande.,Amateur Radio Relay Group (ARRG),E-power.,ORRC,,,http://www.arrg.org,,,,,,,,,108,,,,,,,,,,,,,,,,,,,,,,,,,,,,,,,,,,,,
444.45,5,91.5,N7MOT,Post Falls,ID,OPEN,EI,149,NNW,,444.45,449.45,91.5,Kootenai,On-Air,Kootenai County Prairie 20 mi radius.,,"Linked to 442.975 Blossom Mtn
KB6UMY",IACC,,91.5,,,,,,,,,,,,,,,465683,3773,,,,,,,,,,,,,,,,,,,,,,,,,,,,,,
443.275,5,,K7ID,"Post Falls, Idaho Mica Peak",ID,OPEN,,149,NNW,,443.275,448.275,,Kootenai,On-Air,Kootenai County and Spokane County,Kootenai Amateur Radio Society K7ID,AMS - System Fusion,,,136.5,http://www.K7ID.org,,,,,,Open ↑ / Open ↓,Yes; analog capable.,,,,,,,,,,,,,,,,,,,,,,,,,,,,,,,,,,,,,,
147.1,0.6,100,K7OJI,"Ontario, Malheur Butte",OR,OPEN,,149.1,SSW,,147.1,147.7,100,Malhuer,On-Air,,Tresure Valley Radio Assoc,"E-power, linked.",ORRC,,,http://www.K7OJI.us,,,DN14ka,,,,,,2,,,,,,,,,,,,,,,,,,,,,,,,,,,,,,,,,,,,
145.17,-0.6,110.9,W7NYW,"Ontario, Malheir",OR,OPEN,,149.1,SSW,,145.17,144.57,110.9,Malhuer,On-Air,Wide area.,TVRA Ham Club,E-power.,,,,,,,,"Full-time to  
        145.15000 (W7NYW) at La Grande, Mount Fanny, OR .
 


Full-time to  
        145.27000 (W7NYW) at Baker City, Beaver Mountain, OR .",,,,,2,,,,,,,,,,,,,,,,,,,,,,,,,,,,,,,,,,,,
443.475,5,88.5,W7TRF,"Liberty Lake, Agilent Bldg",WA,OPEN,E,149.6,NNW,,443.475,448.475,88.5,Spokane,On-Air,,Spokane Ham Radio Club,"Closed autopatch, E-power",,,,,"EchoLink : 
Connect- [node #] / Disconnect- #. 
Status- 08 / Play Info- D.",,DN17kq,,,,,Spokane Ham Radio Club Thu at 20:30.,,,,,,282039,,,,,,,,,,,,,,,,,,,,,,,,,,,,,,,
146.88,-0.6,123,WR7VHF,"Spokane, Krell Hill",WA,OPEN,,149.7,NW,,146.88,146.28,123,Spokane,On-Air,,Inland Empire VHF Radio Amateurs,Autopatch.,IACC,,107.2,,Autopatch:  * + number- On / #- Off,,DN17in,,,,,Membership Net: Wed at 1930.,,,,,,,,,,,,,,,,,,,,,,,,,,,,,,,,,,,,,
444.5,5,136.5,K7EMF,"Spokane, Krell Mtn",WA,OPEN,,149.9,NW,,444.5,449.5,,Spokane,On-Air,Wide Area Centered On Spokane,,,,,,,,,,,,Open ↑ / Open ↓,,,,,,,,,,,,,,,,,,,,,,,,,,,,,,,,,,,,,,,
927.25,-25,114.8,W7RGW,"Spokane, Krell Hill",WA,OPEN,,149.9,NW,,927.25,902.25,114.8,Spokane,On-Air,,,,IACC,,114.8,,,,DN17IN,,,,,,,,,,,,,,,,,,,,,,,,,,,,,,,,,,,,,,,,,,
145.39,-0.6,100,W7UPS,"Spokane, Krell Hill",WA,OPEN,E,149.9,NW,,145.39,144.79,100,Spokane,On-Air,Wide area.,,E-power.,IACC,,100,http://w7ups.com,,,,,,,,,Wide area coverage on PL 100.0. Local area coverage for Echolink preferred on 127.3.,,,,,130935,,,,,,,,,,,,,,,,,,,,,,,,,,,,,,,
145.37,-0.6,141.3,KA7ENA,"Spokane, Tower Mountain",WA,OPEN,,150.6,NW,,145.37,144.77,141.3,Spokane,On-Air,,KA7ENA,,IACC,,141.3,,,,DN17IO,,,,,,,,,,,,,,,,,,,,,,,,,,,,,,,,,,,,,,,,,,
444.125,5,100,KC7AAD,"Spokane, Krell",WA,OPEN,,150.6,NW,,444.125,449.125,100,Spokane,On-Air,Wide Area,KC7AAD,,IACC,,100,,,,DN17IO,,,,,,,,,,,,,,,,,,,,,,,,,,,,,,,,,,,,,,,,,,
145.33,-0.6,100,KD7OCP,"Noxon, Green Mountain",MT,OPEN,,150.8,N,,145.33,144.73,100,Sanders,On-Air,,KD7OCP,,,,,,,,,,,,,,,,,,,,,,,,,,,,,,,,,,,,,,,,,,,,,,,,,,
442.425,5,100,K7HRT,Greenacres,WA,OPEN,,151.2,NNW,,442.425,447.425,100,Spokane,On-Air,,N7XKP,,,,,,,,,,,,,,,,,,,,,,,,,,,,,,,,,,,,,,,,,,,,,,,,,,
449.85,-5,173.8,WV7I,Eagle,ID,OPEN,,151.3,SSW,,449.85,444.85,173.8,Ada,On-Air,Low level.,,,UVHFS,,,,,,,,,,,,,,,,,,,,,,,,,,,,,,,,,,,,,,,,,,,,,,,,
444.65,5,110.9,KA7EWN,"Boise, Wilderness Ridge",ID,OPEN,,151.6,S,,444.65,449.65,110.9,Ada,On-Air,Wide area:  70 mi radius.,,6,UVHFS,,,,,,,,,,,,PL tone optional.,,,,,,,,,,,,,,,,,,,,,,,,,,,,,,,,,,,,
442.925,5,100,NV2Z,Otis Orchards,WA,OPEN,W,151.7,NNW,,442.925,447.925,100,Spokane,On-Air,,NV2Z,E-power,,,100,,,,,,,Open ↑ / Open ↓,Yes; analog capable.,,Digital WIRES-X node,,,,,,,,,,,,,,,,,,,,,,,,,,,,,11634,,,,,,,
147.38,0.6,D026,N7BOI,"Boise, Seaman's Gulch",ID,OPEN,,152.1,SSW,,147.38,147.98,D026,Ada,On-Air,SW Idaho 20 mi radius.,City of Boise Type 3 All-Hazards Incident Management Team,"E-power, weather nets.",W7ZRQ,,D026,http://www.cityofboise.org/,,,,,,,,,Primary usage is PUBLIC SAFETY - RESTRICTED to Incident Management Team members during IMT incidents and events.  Please contact Boise AHIMT COML for details: K7HBJ@arrl.net,City of Boise ACS,,,,,,,,,,,,,,,,,,,,,,,,,,,,,,,,,,,
444.975,5,136.5,W7URG,"Pendleton, Cabbage Hill",OR,OPEN,,152.7,W,,444.975,449.975,136.5,Umatilla,On-Air,Wide area. I-84 East and West of Pendleton,W7URG - Umatilla Radio Group,3,,,,,,,DN05ro,,,,,,,,,,,,,,,,,,,,,,,,,,,,,,,,,,,,,,,,,,
927.5,-25,,N7ERT,"Pendleton, Cabbage Hill",OR,CLOSED,,152.7,W,,927.5,902.5,,Umatilla,,Wide area.,,,,,,,,Unknown,DN05ro,,,,,,Closed repeater. PL withheld by request.,,,,,,,,,,,,,,,,,,,,,,,,,,,,,,,,,,,,
147.14,0.6,127.3,AD7DD,Otis Orchards,WA,OPEN,I,152.8,NNW,,147.14,147.74,127.3,Spokane,On-Air,Spokane &amp; Couer d' Alene. 30 mi radius.,,WX,IACC,,,,,,DN17kr,,,,,LDS Stake Net: Sun 1900.,,,,,,,7205,,,,,,,,,,,,,,,,,,,,,,,,,,,,,,
147.1,0.6,100,KG7SD,"Spokane, Paradise Rim",WA,OPEN,,153,NW,,147.1,147.7,100,Spokane,On-Air,,,,IACC,,100,,,,,,,,,,,,,,,,,,,,,,,,,,,,,,,,,,,,,,,,,,,,,,
147.22,0.6,136.5,N7ESU,Rathdrum,ID,OPEN,,153.6,NNW,,147.22,147.82,136.5,Kootenai,On-Air,,,45,IACC,,,,,,,,,,,,,,,,,,,,,,,,,,,,,,,,,,,,,,,,,,,,,,,,
444.25,5,110.9,KC7TIG,Rathdrum,ID,OPEN,I,153.6,NNW,,444.25,449.25,110.9,Kootenai,On-Air,,,,IACC,,,,,,,,,,,,,,,,,,8350,,,,,,,,,,,,,,,,,,,,,,,,,,,,,,
224.56,-1.6,CSQ,N7NKT,"Pendleton, Cabbage Hill",OR,OPEN,,154.3,W,,224.56,222.96,CSQ,Umatilla,On-Air,Wide area.,N7NKT,3,,,,,,,,,,,,,,,,,,,,,,,,,,,,,,,,,,,,,,,,,,,,,,,,,
146.88,-0.6,103.5,W7ZKH,"Pendleton, Cabbage Hill",OR,OPEN,,154.3,W,,146.88,146.28,103.5,Umatilla,On-Air,"Wide area. Due to terrain, it primarily covers from the repeater location to the West/South/North. It can be used in east La Grande, but is rough. Not serviceable between La Grande and the pass through the canyon on I-84.",W7URG - Umatilla Radio Group,,,,,,,,,,,,,,3,,,,,,,,,,,,,,,,,,,,,,,,,,,,,,,,,,,,
147.16,0.6,136.5,K7EKM,"Spokane, South Hill",WA,OPEN,,155.2,NW,,147.16,147.76,136.5,Spokane,On-Air,Spokane 6 mi radius.,Spokane DX Association,,IACC,,136.5,,,,DN17HP,,,,,,,,,,,,,,,,,,,,,,,,,,,,,,,,,,,,,,,,,,
444.9,5,123,WR7VHF,"Spokane Valley, Riblets",WA,OPEN,,155.2,NNW,,444.9,449.9,123,Spokane,On-Air,,Inland Empire VHF Radio Amateurs,,IACC,,,,,,DN17iq,,,,,,,,,,,,,,,,,,,,,,,,,,,,,,,,,,,,,,,,,,
147.22,0.6,103.5,W7PAG,Nyssa,OR,OPEN,,155.7,SSW,,147.22,147.82,103.5,Malhuer,Off-Air,,,2,,,,,,,DN13lu,,,,,,QTH.,,,,,,,,,,,,,,,,,,,,,,,,,,,,,,,,,,,,
147.26,0.6,100,AB7HP,"Boise,  Hewlett-Packard",ID,OPEN,,156.3,SSW,,147.26,147.86,100,Ada,On-Air,,Hewlett Packard Boise Amateur Radio Club (HPBARC),,UVHFS,,,,,,,,,,,,,,,,,,,,,,,,,,,,,,,,,,,,,,,,,,,,,,,,
444.9,5,123,WR7VHF,Spokane Valley,WA,OPEN,,156.5,NNW,,444.9,449.9,123,Spokane,On-Air,,Inland Empire VHF Radio Amateurs,,IACC,,,,,,,,,,,,,,,,,,,,,,,,,,,,,,,,,,,,,,,,,,,,,,,,
443.2,5,100,KB7SYE,Boise,ID,OPEN,E,156.8,SSW,,443.2,448.2,100,Ada,Off-Air,West Boise,,,W7ZRQ,,,,,,,,,,,,,,,,,511932,,,,,,,,,,,,,,,,,,,,,,,,,,,,,,,
145.31,-0.6,100,KE7DTL,"Libby, Meadow Peak",MT,OPEN,,157.1,N,,145.31,144.71,100,Lincoln,On-Air,,,,,,,,,,,,,,,,,,,,,,,,,,,,,,,,,,,,,,,,,,,,,,,,,,,,
146.5,0,,K6LOR,Middleton,ID,OPEN,E,157.2,SSW,,146.5,146.5,,Canyon,Testing,Middleton &amp; Western Star,K6LOR,,,,100,http://www.vwreact.org,"Enter node to connect, 02 for random conference, # to disconnect.",,,,,,,,"Low level low power simplex node, PL 100.0 required.",Valley Wide REACT,,,,707383,,,,,,,,,,,,,,,,,,,,,,,,,,,,,,,
443.925,5,100,K7MMA,"Spokane, Icy Hill",WA,OPEN,I,157.2,NW,,443.925,448.925,100,Spokane,On-Air,Spokane and West Spokane. 50 mi radius.,"K7MMA &amp; K7TMF, Michael West &amp; Chuck Hill",,IACC,,100,http://www.qrz.com/db/K7MMA,0,,,,,,,East Coast Tech &amp; Swap: Tue at 17:00.,Linked into the Seattle Reflector 9198,,,,,,7879,,,,,,,,,,,,,,,,,,,,,,,,,,,,,,
145.29,-0.6,77,K7MMA,"Spokane, Spokane International Airport",WA,OPEN,W,157.2,NW,,145.29,144.69,77,Spokane,On-Air,Spokane Area,K7MMA,,,,77,http://www.qrz.com/db/K7MMA,,,,,,Open ↑ / Open ↓,Yes; analog capable.,,,,,,,,,,,,,,,,,,,,,,,,,,,,,,,18091,,,,,,,
444.275,5,,K6LOR,Middleton,ID,OPEN,,157.2,SSW,,444.275,449.275,,Canyon,Testing,Greater Middleton and Western Star,W7VWR,,,,100,http://www.vwreact.org,,,,,,,,,Low level repeater for in building coverage in Middleton - Shared frequency with Downtown Boise Repeater with tones TX123.0/RX123.0,Valley Wide REACT,,,,,,,,,,,,,,,,,,,,,,,,,,,,,,,,,,,
443.45,5,,W7BDR,"Boise, Lower Deer Point",ID,OPEN,,157.3,SSW,,443.45,448.45,,Ada,On-Air,Southwest Idaho Eastern Oregon,,,,,,,,,,,,,,,,Digital Amateur Radio Club of the Treasure Valley,,,,,,,,,,,,,,,,,,,,,,,,W7BDR (B) Gateway Repeater,"jfindu lookup 
    /   dstar-users lookup",,,,,,,,,,
224.5,-1.6,100,KA7EWN,Boise,ID,OPEN,,157.5,SSW,,224.5,222.9,100,Ada,On-Air,Wide area. 75 mi radius.,,6,UVHFS,,,,,,,,,,,,,,,,,,,,,,,,,,,,,,,,,,,,,,,,,,,,,,,,
147.3,0.6,100,N7DJX,Boise,ID,OPEN,,157.5,SSW,,147.3,147.9,100,Ada,On-Air,,,Autopatch.,,,,,,,,,,,,,,,,,,,,,,,,,,,,,,,,,,,,,,,,,,,,,,,,,
147.32,0.6,100,N7FYZ,Boise,ID,OPEN,,157.5,SSW,,147.32,147.92,100,Ada,On-Air,,N7FYZ,,UVHFS,,,,,,,,,,,,,,,,,,,,,,,,,,,,,,,,,,,,,,,,,,,,,,,,
444.725,5,100,W7VWR,Boise,ID,OPEN,,157.5,SSW,,444.725,449.725,100,Ada,On-Air,Treasure Valley,W7VWR,E-power,W7ZRQ,,,http://www.vwreact.org,,,,,,,,,No courtesy tone during hang time,Valley Wide REACT,,,,,,,,,,,,,,,,,,,,,,,,,,,,,,,,,,,
223.94,-1.6,100,KB7ZD,Boise,ID,OPEN,,157.5,SSW,,223.94,222.34,100,Ada,On-Air,,,Link to a 6-meter remote base.,UVHFS,,,,,,,,,,,,,,,,,,,,,,,,,,,,,,,,,,,,,,,,,,,,,,,,
52.62,-1.7,110.9,WA9WSJ,"Boise, Wilderness Ridge",ID,OPEN,,157.5,SSW,,52.62,50.92,110.9,Ada,On-Air,,,,UVHFS,,,,,,,,,,,,,,,,,,,,,,,,,,,,,,,,,,,,,,,,,,,,,,,,
146.78,-0.6,88.5,W7VWR,Boise,ID,OPEN,,157.6,SSW,,146.78,146.18,88.5,Ada,Off-Air,Portable repeater for special events,K6LOR,"E-power (solar), portable.",,,88.5,http://www.vwreact.org,,,,,,,,,,Valley Wide REACT,,,,,,,,,,,,,,,,,,,,,,,,,,,,,,,,,,,
441.5,0,,W4LKS,Cheney,WA,OPEN,,157.6,NW,,441.5,441.5,,Spokane,On-Air,"Four Lakes, Airway Heights, Medical Lake, Cheney",,Full D-STAR Linking,IACC,,,http://www.wa7dre.org,,,,,,,,,,,,,,,,,,,,,,,,,,,,,,,,,,W4LKS (B) Repeater,"jfindu lookup 
    /   dstar-users lookup",,,,,,,,,,
1293.3,20,,WA7DRE,Spokane,WA,OPEN,,157.8,NW,,1293.3,1313.3,,Spokane,On-Air,,Washington Digital Radio Enthusiasts,,,,,,,,,,,,,,,,,,,,,,,,,,,,,,,,,,,,,,,WA7DRE (A) Gateway Repeater,"jfindu lookup 
    /   dstar-users lookup",,,,,,,,,,
444.05,5,,,"Spokane, Paradise Rim",WA,OPEN,,157.8,NW,,444.05,449.05,,Spokane,On-Air,,,,,,,,,,,,,Open ↑ / Open ↓,,,,,,,,,,,,,,,,,,,,,,,,,,,,,,,,,,,,,,,
147.1,0.6,100,WR7HLN,"Helena, MacDonald Pass",MT,OPEN,,157.8,E,,147.1,147.7,100,Lewis and Clark,On-Air,75,Mac Pass Repeater Group,7155,MRCC,,,http://www.wr7hln.org,,,,Full-time to the  Mac Pass Repeater Group System .,,,,,,,,,,,,,,,,,,,,,,,,,,,,,,,,,,,,,L,,,,
147.2,0.6,,K7SRG,Spokane,WA,OPEN,,157.8,NW,,147.2,147.8,,Spokane,On-Air,Wide area: Eastern Washington and Northern Idaho.,Spokane Repeater Group,,IACC,,,,,,,,,,,,This repeater is part of a sophisticated large coverage area network. Please visit the web-site to learn more about the repeater system and how to join. Membership is not required to gain PL tones.,,,,,,,,,,,,,,,,,,,,,,,,,,,,,,,,,,,,
147.34,0.6,123,WR7VHF,Spokane,WA,OPEN,,157.8,NW,,147.34,147.94,123,Spokane,On-Air,,Inland Empire VHF Radio Amateurs,E-power.,IACC,,,,,,,,,,,,Located on the State Farm Bank building downtown.,,,,,,,,,,,,,,,,,,,,,,,,,,,,,,,,,,,,
223.94,-1.6,,AK2O,Spokane,WA,OPEN,,157.8,NW,,223.94,222.34,,Spokane,,,,,,,,,,Unknown,,,,,,,,,,,,,,,,,,,,,,,,,,,,,,,,,,,,,,,,,,,
224.94,-1.6,107.2,AK2O,Spokane,WA,OPEN,,157.8,NW,,224.94,223.34,107.2,Spokane,On-Air,Local,Spokane Repeater Group,,,,,,,,,,,,,,,,,,,,,,,,,,,,,,,,,,,,,,,,,,,,,,,,,,
224.98,-1.6,107.2,N7BFS,Spokane,WA,OPEN,I,157.8,NW,,224.98,223.38,107.2,Spokane,On-Air,Local,N7BFS,,,,,,,,,,,,,,Contact me for the IRLP pre-access code that it uses.,,,,,,3250,,,,,,,,,,,,,,,,,,,,,,,,,,,,,,
443.85,5,114.8,KD7IKZ,Spokane,WA,OPEN,E,157.8,NW,,443.85,448.85,114.8,Spokane,Off-Air,Spokane and Post Falls.,,,IACC,,114.8,http://kd7ikz.myftp.org,,,,,,,,,Located downtown.,,,,,216767,,,,,,,,,,,,,,,,,,,,,,,,,,,,,,,
444.7,5,,AK2O,"Spokane, Brownes Mountain",WA,OPEN,,157.8,NW,,444.7,449.7,,Spokane,Off-Air,Metro Spokane,AK2O,,IACC,,,,,,,,,,,,Repeater is down pending repairs.,Spokane Repeater Group,,,,,,,,,,,,,,,,,,,,,,,,,,,,,,,,,,,
442.6,5,100,N7FM,Spokane,WA,OPEN,,157.8,NW,,442.6,447.6,100,Spokane,On-Air,,N7FM,,,,100,,,,,,,Open ↑ / Open ↓,Yes; analog capable.,,,,,,,,,,,,,,,,,,,,,,,,,,,,,,,,,,,,,,
147.3,0.6,100,W7GBU,"Spokane, Brownes Mountain",WA,OPEN,,157.8,NW,,147.3,147.9,100,Spokane,On-Air,Wide area.,Spokane County ARES RACES Support Group,E-power,IACC,,,http://www.spokares.org,,,,,,,,730,,,,,,,,,,,,,,,,,,,,,,,,,,,,,,,,,,,,,
146.66,-0.6,,,Spokane,WA,OPEN,I,157.8,NW,,146.66,146.06,,Spokane,On-Air,25,N7FM,,,,,,,,,,,,,IRLP connects to Reflector 9005 from 8:30 AM to 9:00 AM,,,,,,,3502,,,,,,,,,,,,,,,,,,,,,,,,,,,,,,
147.32,0.6,,AK2O,Spokane,WA,OPEN,,157.8,NW,,147.32,147.92,,Spokane,On-Air,,AK2O,,IACC,,,http://www.srgclub.org,,,,,,,,,,Spokane Repeater Group,,,,,,,,,,,,,,,,,,,,,,,,,,,,,,,,,,,
145.21,-0.6,100,W7TRF,"Spokane, South Valley",WA,OPEN,,157.8,NW,,145.21,144.61,100,Spokane,On-Air,,Spokane Ham Radio Club,"Closed autopatch, linked, e-power.  Four receivers located at:  Agilent Technologies in Liberty Lake Green Ridge above Liberty Lake Beacon Hill South ridge above the Spokane Valley",IACC,,,,,,,,,,,,,Agilent Technologies,,,,,,,,,,,,,,,,,,,,,,,,,,,,,,,,,,,
147.18,0.6,100,N7ACB,"Ketchum, Bald Mountain",ID,OPEN,,158,SSE,,147.18,147.78,100,Blaine,On-Air,Wide area: Wood River Valley to as far south as Twin Falls and Burley. 80 mi radius.,Wood River ARC (WRARC),9,UVHFS,,100,WRARC repeaters,"Autopatch : 
*61 up / #6 Down.  We will change this to *Up and #Down shortly.
 To call 911: enter 141911 on either repeater. You will be connected the Blaine County E-911 center in Hailey, ID. Use 140 to drop the call.",,DN23tp,"Full-time to  
        147.14000 (AE6DX) at Sawtooth City, Galena Peak, ID .",,,,Mon at 19:00,Visitors are encourage to call CQ.,"Chuck Robertson, N7CVR",,,,,,,,,,,,,,,,,,,,,,,,,,,,,,,,,,,
444.1,5,CC1 131.8,WR7HLN,"Helena, MacDonald Pass",MT,OPEN,E,158,E,,444.1,449.1,131.8,Lewis and Clark,On-Air,,WR7AGT  Mac Pass Repeater Group,,MRCC,,131.8,http://www.wr7hln.org,,,,Full-time to the  Mac Pass Repeater Group System .,,,,,7,,,1,BrandMeister,111730,,,Mac Pass Repeater Group,"Open Talkgroup View 


 
   
    
     Assignment 
     TS 
     TG 
     Access 
   

  Worldwide English  1  91  Sched    North America  1  93  PTT    Simplex  1  99      TAC 310  1  310  PTT    TAC 311  1  311  PTT    DCI Bridge  1  3100  PTT    Echo Test  1  9990  PTT    Hytera USA Reflector  1  31089  PTT    MPRG 2  1  31302  PTT    BGV  1  31303  Full-Time    NW7RG-USA  1  31304  PTT    USA - Area 7 4647  1  31607  PTT    Local/Cluster  2  2  Full-Time    Montana  2  3130  Full-Time    MPRG  2  31301  Full-Time  
  
 
 
function myFunction(id) {
    var x = document.getElementById(id);
    if (x.className.indexOf(""w3-show"") == -1) {
        x.className += "" w3-show"";
    } else {
        x.className = x.className.replace("" w3-show"", """");
    }
}",1,1,1,1,1,1,1,1,1,1,1,2,2,2,,,,1,,,,,,,,,
444.275,5,,W7VWR,"Boise, Downtown",ID,OPEN,,158,SSW,,444.275,449.275,,Ada,On-Air,Downtown Boise,W7VWR,,,,123,http://www.vwreact.org,,,,,,,,,,Valley Wide REACT,,,,,,,,,,,,,,,,,,,,,,,,,,,,,,,,,,,
442.6,5,100,KC7LHV,"Meridian, Eagle Road and Ustick Road",ID,OPEN,A,158.1,SSW,,442.6,447.6,,Ada,On-Air,,BARC,,W7ZRQ,,,,,,,,,Open ↑ / Open ↓,,,,,,,,,,42253,,,,,,,,,,,,,,,,,,,,,,,,,,,,,
224.4,-1.6,114.8,K7MMA,"Spokane, Icy Hill",WA,OPEN,,158.1,NNW,,224.4,222.8,114.8,Spokane,On-Air,Spokane and Surrounding Areas,WA6HSL,,IACC,,,,,,,"Full-time to  
        145.33000 (N7FM) at Spokane Valley, WA .",,,,,5100,,,,,,,,,,,,,,,,,,,,,,,,,,,,,,,,,,,,
146.86,-0.6,100,W7ZKA,"Lakeside, Blacktail Mountain",MT,OPEN,,159.2,NNE,,146.86,146.26,100,Flathead,On-Air,,Sam Waldenberg,,,,,,,,,,,,,,,,,,,,,,,,,,,,,,,,,,,,,,,,,,,,,,,,,,
146.76,-0.6,100,K7LYY,"Lakeside, Blacktail Mountain",MT,OPEN,,159.2,NNE,,146.76,146.16,100,Flathead,On-Air,,Flathead Valley ARC,Linked.,,,,,,,,,,,,,,,,,,,,,,,,,,,,,,,,,,,,,,,,,,,,,,,,,
147.18,0.6,100,K7LYY,Blacktail Mountain,MT,OPEN,,159.2,NNE,,147.18,147.78,100,Flathead,Testing,Flathead Valley from West Glacier to Ronan,Flathead Valley Amateur Radio Club,,,,,http://www.fvarc.org,,,,Full-time to the  MRLA System .,,,,,,,,,,,,,,,,,,,,,,,,,,,,,,,,,,,,,,,,,
147.08,0.6,100,KC9CJ,"Meridian, Meridian",ID,OPEN,,160,SSW,,147.08,147.68,100,Ada,Testing,40,State of Idaho,,W7ZRQ,,,,,,,,,,,,,,,,,,,,,,,,,,,,,,,,,,,,,,,,,,,,,,,,
443.6,5,100,WA7RVV,Medical Lake,WA,OPEN,EI,160.8,NW,,443.6,448.6,100,Spokane,On-Air,"Medical lake, Airway Heights, Fairchild AFB",,,,,,,,,,,,,,,,,,,,254771,3755,,,,,,,,,,,,,,,,,,,,,,,,,,,,,,
443.8,5,123,KA7ENA,"Spokane, Booth Hill",WA,OPEN,,161.3,NW,,443.8,448.825,123,Spokane,On-Air,,KA7ENA,,,,,,,,,,,,,,Tower Mtn?,,,,,,,,,,,,,,,,,,,,,,,,,,,,,,,,,,,,
147.22,0.6,100,N7RB,"Helena, Mount Belmont",MT,OPEN,,161.4,E,,147.22,147.82,100,Lewis and Clark,On-Air,,Capital City ARC,7,,,100,,,,,,,,,ARES: Tue at 19:30.,,,,,,,,,,,,,,,,,,,,,,,,,,,,,,,,,,,,,
449.2,-5,CC1 131.8,WR7HLN,"Boulder, Boulder Hill",MT,OPEN,E,161.6,E,,449.2,444.2,131.8,Jefferson,On-Air,"I15 from Butte to Helena, MT69 to I90 to Cardwell.",WR7AGT  Mac Pass Repeater Group,,MRCC,,131.8,http://www.wr7hln.org,,,,Full-time to the  Mac Pass Repeater Group System .,,,,,DMR Info is available at: http://www.dmr-montana.net,Mac Pass Repeater Group,,1,BrandMeister,449200,,,Mac Pass Repeater Group,"Open Talkgroup View 


 
   
    
     Assignment 
     TS 
     TG 
     Access 
   

  Worldwide English  1  91  Sched    North America  1  93  PTT    Simplex  1  99      TAC 310  1  310  PTT    TAC 311  1  311  PTT    Echo Test  1  9990  PTT    Hytera USA Reflector  1  31089  PTT    MPRG 2  1  31302  PTT    BGV  1  31303  PTT    NW7RG-USA  1  31304  PTT    USA - Area 7 4647  1  31607  PTT    Local/Cluster  2  2  Full-Time    Montana  2  3130  Full-Time    MPRG  2  31301  Full-Time  
  
 
 
function myFunction(id) {
    var x = document.getElementById(id);
    if (x.className.indexOf(""w3-show"") == -1) {
        x.className += "" w3-show"";
    } else {
        x.className = x.className.replace("" w3-show"", """");
    }
}",1,1,1,1,1,,1,1,1,1,1,2,2,2,,,,1,,,,,,,,,
443.8,5,100,N7DJX,Boise,ID,OPEN,,161.8,SSW,,443.8,448.825,100,Ada,On-Air,,,,W7ZRQ,,,,,,,,,,,,,,,,,,,,,,,,,,,,,,,,,,,,,,,,,,,,,,,,
442.125,5,123,KI7BPY,Pendleton,OR,OPEN,W,162,W,,442.125,447.125,,Umatilla,On-Air,,Cookie Radio Club,,,,,,,,,,,23,,,,,,,,,,,,,,,,,,,,,,,,,,,,,,,,11982,,,,,,,
444.825,5,,KI7BPY,"Pendleton, Mission",OR,OPEN,,162,W,,444.825,449.825,,Umatilla,On-Air,,Cookie Radio Club,,,,,,,,,,,,,,,,,,,,,,,,,,,,,,,,,,,,,,,KI7BPY (B) Repeater,"jfindu lookup 
    /   dstar-users lookup",,,,,,,,,,
147.06,0.6,77,N7BFS,"Spokane, Five Mile",WA,OPEN,,162.2,NW,,147.06,147.66,77,Spokane,On-Air,,N7BFS,,IACC,,77,,,,,,,,,,146.62,,,,,,,,,,,,,,,,,,,,,,,,,,,,,,,,,,,,
442,5,110.9,K7ZOX,Spirit Lake,ID,OPEN,,162.5,NNW,,442,447,110.9,Kootenai,On-Air,,,,IACC,,,,,,,,,,,,,,,,,,,,,,,,,,,,,,,,,,,,,,,,,,,,,,,,
444.175,5,,N7BFS,"Spokane, Five Mile",WA,OPEN,,162.6,NW,,444.175,449.175,,Spokane,On-Air,,N7BFS,,IACC,,,,,,DN17gr,,,,,,"Flat audio response, will pass DSTAR and Astro. For C4FM Astro use NAC 293",,,,,,,,,,,,,,,,,,,,,,,,,N7BFS (B),"jfindu lookup 
    /   dstar-users lookup",,,,,,,,293,,
443.325,5,,W7TSC,Airway Heights,WA,OPEN,,163.7,NW,,443.325,448.325,,Spokane,On-Air,"Spokane County - West plains, West Spokane, Airway Heights, Four Lakes, Medical Lake",W7TSC,,,,,http://wa7dre.org,,,,,,Open ↑ / Open ↓,,,,Washington Digital Radio Enthusiasts group,,,,,,,,,,,,,,,,,,,,,,,,,,,,,,,,,,,
145.25,-0.6,100,K3ZFF,"Boise, Blacks Creek",ID,OPEN,,164.2,S,,145.25,144.65,100,Ada,On-Air,,Boise County Amateur Radio Club,,W7ZRQ,,100,,,,,,,,,,,,,,,,,,,,,,,,,,,,,,,,,,,,,,,,,,,,,,
443.25,5,110.9,K7ZZL,Blacks Creek,ID,OPEN,,165.9,SSW,,443.25,448.25,110.9,Ada,On-Air,50,,Remote base.,UVHFS,,110.9,,,,,,,,,,,,,,,,,,,,,,,,,,,,,,,,,,,,,,,,,,,,,,
444.05,5,100,W7UPS,"Ritzville , Adams County",WA,OPEN,I,166.4,WNW,,444.05,449.05,100,Asotin,On-Air,20,W7ups,,,,123,,,,,,,,,,,W7ups,,,,,7073,,,,,,,,,,,,,,,,,,,,,,,,,,,,,,
146.72,-0.6,,WD7C,Ritzville,WA,OPEN,,166.4,WNW,,146.72,146.12,,Adams,On-Air,,WD7C,Closed autopatch.,,,,,,,,,,,,,,,,,,,,,,,,,,,,,,,,,,,,,,,,,,,,,,,,,
927.1875,-25,D432,K7OVG,Nampa,ID,OPEN,A,167.3,SSW,,927.1875,902.1875,D432,Canyon,On-Air,"Mobile: I-84 exit 9 (new Plymouth) to exit 17 (Sand Hollow) fair coverage. Exit 17 through exit 42 (Ten Mile Exit) good coverage. Mobile Coverage east of Boise will be supplied at a later date. Very Good coverage Caldwell, Nampa, Kuna Area Fair to Good Coverage Meridian and West Boise",,,W7ZRQ,,D432,,,,,,,,,,"Normally connected to 27714 - NB7C - Idaho 900 Mhz Hub - Payette, Idaho",Western Idaho ATV Group,,,,,,41599,,,,,,,,,,,,,,,,,,,,,,,,,,,,,
444.1,5,156.7,NG7O,Nampa,ID,OPEN,EIA,167.4,SSW,,444.1,449.1,156.7,Canyon,On-Air,,,2,W7ZRQ,,156.7,,,,,,,,,,,,,,,12532,4517,27131,,,,,,,,,,,,,,,,,,,,,,,,,,,,,
442.075,5,88.5,KA5LXG,Bigfork,MT,OPEN,,167.4,NNE,,442.075,447.075,88.5,Flathead,,Wide area.,FVRG,"Autopatch, e-power, linked, remote base.",,,,,,Unknown,,,,,,,,,,,,,,,,,,,,,,,,,,,,,,,,,,,,,,,,,,,
146.62,-0.6,100,KA5LXG,Bigfork,MT,OPEN,,167.4,NNE,,146.62,146.02,100,Flathead,On-Air,Wide area.,FVRG,"Autopatch, e-power",,,,,,,,"Full-time to  
        147.14000 (K7KTR) at Plains, MT .
 


Full-time to  
        146.70000 (K7HR) at East Glacier, Mt Baldy, MT .",,,,,,,,,,,,,,,,,,,,,,,,,,,,,,,,,,,,,,,,,
145.29,-0.6,100,W7VOI,"Boise, Boise Bench",ID,OPEN,,167.8,SSW,,145.29,144.69,100,Ada,On-Air,Low level repeater covering Downtown Boise and the central Treasure Valley. Pair is also used on our portable repeater.,Voice of Idaho Amateur Radio Club (VOI),Portable repeater,W7ZRQ,,,http://voiceofidaho.org,,,,,,,,,,,,,,,,,,,,,,,,,,,,,,,,,,,,,,,,,,,,,
444.15,5,CC1,KC7AAD,"Spokane, Lookout Point",WA,OPEN,,168.5,NW,,444.15,449.15,,Spokane,On-Air,I-90 from Ritzville WA to Coeur d Alene ID,KC7AAD,,IACC,,,,,,,,,,,,Updated Listing,PNW DMR,,1,,,,,,,,,,,,,,,,,,,,,,,,,,,,,,,,,
448.7,-5,123,W7UPS,"Lind, Lind Hill",WA,OPEN,,170.8,WNW,,448.7,443.7,123,Adams,On-Air,Medium area.,W7UPS,,,,,http://w7ups.com,,,,"Full-time to  
        145.39000 (W7UPS) at Kennewick, Horse Heaven Hills, WA .",,,,,,,,,,,,,,,,,,,,,,,,,,,,,,,,,,,,,,,,,
147.32,0.6,,W7MRI,Helena,MT,OPEN,,171,E,,147.32,147.92,,Lewis and Clark,On-Air,,W7MRI,,,,,,,,,,,,,,,,,,,,,,,,,,,,,,,,,,,,,,,,,,,,,,,,,,
53.11,-1,,WR7HLN,Helena,MT,OPEN,,171,E,,53.11,52.11,,Lewis and Clark,,,Mac Pass Repeater Group,,,,,,,Unknown,,Full-time to the  Mac Pass Repeater Group System .,,,,,,,,,,,,,,,,,,,,,,,,,,,,,,,,,,,,,,,,,
147.12,0.6,,WB7TBN,"Priest River, Hoodoo Mountain",ID,OPEN,,171.2,NNW,,147.12,147.72,,Bonner,Off-Air,,Pend Oreille ARC,5,UVHFS,,,,,,DN18mb,,,,,,,,,,,,,,,,,,,,,,,,,,,,,,,,,,,,,,,,,,
145.49,-0.6,123,K7JEP,"Sandpoint, Hoodoo Mountain",ID,OPEN,I,171.3,NNW,,145.49,144.89,123,Bonner,On-Air,,Bonner County Amateur Radio Club (BCARC),,IACC,,136.5,http://www.k7jep.org,,,,"Full-time to  
        448.37500 (K7JEP) at Sandpoint, ID .
 


Full-time to  
        146.78000 (K7JEP) at Sagle, Gold Hill, ID .",,,,,,,,,,,7612,,,,,,,,,,,,,,,,,,,,,,,,,,,,,,
147.1,0.6,100,WR7HLN,"Helena, Mac Donald Pass Site",MT,OPEN,W,171.4,E,,147.1,147.7,100,Lewis and Clark,On-Air,75,Mac Pass Repeater Group,,MRCC,,,http://www.wr7hln.org,,,,Full-time to the  Mac Pass Repeater Group System .,,,,,"Repeater is Internet Connected at the Repeater on a Mountain at 7,200 feet elevation. Digital will be working when Yaesu gets things working on Auto Mode with Wires, currently as FM",,,,,,,,,,,,,,,,,,,,,,,,,,,,,,,,,,,,
146.88,-0.6,100,K7ZZL,Marsing,ID,OPEN,,171.5,SSW,,146.88,146.28,100,Owyhee,On-Air,70,"Deer Point Amateur Radio Club, W7ZRQ","Link, e-power, C4FM, FDMA",W7ZRQ,,100,,Autopatch: On * / Off #,,,,,Open ↑ / Open ↓,Yes; analog capable.,AmRRON: First and third Wed at 20:00.,SW of Marsing at 4740' AMSL.,,,,,,,,,,,,,,,,,,,,,,,,,,,,,,,,,,,,
443.55,5,100,K7ZZL,Marsing,ID,OPEN,,171.5,SSW,,443.55,448.55,100,Owyhee,On-Air,,Deer Point ARC,"link, e-power.",W7ZRQ,,100,,,,,,,Open ↑ / Open ↓,Yes; analog capable.,,SW of Marsing at 4740' AMSL.,,,,,,,,,,,,,,,,,,,,,,,,,,,,,,,,,,,,
443,5,,K7WES,Helena,MT,OPEN,,171.5,E,,443,448,,Lewis and Clark,,,WR7AGT,,,,,,,Unknown,,,,,,,,,,,,,,,,,,,,,,,,,,,,,,,,,,,,,,,,,,,
147.38,0.6,100,WR7MT,"Three Forks, Round Spring",MT,OPEN,,173.4,ESE,,147.38,147.98,100,Jefferson,On-Air,"Wide area: Three Forks, Manhattan, Belgrade, Butte, Whitehall, and Townsend.",Montana Repeater Linking Assoc,80,MRCC,,,,,,,Full-time to the  MRLA System .,,,,,,,,,,,,,,,,,,,,,,,,,,,,,,,,,,,,,,,,,
444.95,5,136.5,W7URG,"Ukiah, Carney Butte",OR,OPEN,,174,W,,444.95,449.95,136.5,Umatilla,On-Air,Umatilla Country and surrounding counties including Washington to the north. US395 North and south from the Washington boarder. More than 90 miles of I-84.,W7URG - Umatilla Radio Group,4,ORRC,,,,,,DN05mg,,,,,,900,,,,,,,,,,,,,,,,,,,,,,,,,,,,,,,,,,,,
146.78,-0.6,123,K7JEP,"Sagle, Gold Hill",ID,OPEN,,174,NNW,,146.78,146.18,123,Bonner,On-Air,,Bonner County Amateur Radio Club (BCARC),Linked to 443.375.,IACC,,100,http://www.k7jep.org,,,,"Full-time to  
        448.37500 (K7JEP) at Sandpoint, ID .
 


Full-time to  
        145.49000 (K7JEP) at Sandpoint, Hoodoo Mountain, ID .",,,,,,,,,,,,,,,,,,,,,,,,,,,,,,,,,,,,,,,,,
448.9,-5,CC1 131.8,WR7HLN,"Helena, North Hills",MT,OPEN,E,175.2,E,,448.9,443.9,131.8,Lewis and Clark,On-Air,"The Helena Valley, North along I90 to Sieben Flats, South to Boulder Hill and Boulder, East to Winston, West to Elliston, and the north and northwest valley.
Coverage The Helena Valley, North along I90 to Sieben Flats, South to Boulder Hill and Boulder, East to Winston, West to Elliston, and the north and northwest valley.",Mac Pass Repeater Group,,MRCC,,131.8,http://www.wr7hln.org,,,,Full-time to the  Mac Pass Repeater Group System .,,,,,DMR Info is at our website at http://www.dmr-montana.net,Mac Pass Repeater Group,,1,BrandMeister,528525,,,Mac Pass Repeater Group,"Open Talkgroup View 


 
   
    
     Assignment 
     TS 
     TG 
     Access 
   

  Worldwide English  1  91  Sched    North America  1  93  PTT    Simplex  1  99      TAC 310  1  310  PTT    TAC 311  1  311  PTT    DCI Bridge  1  3100  PTT    Echo Test  1  9990  PTT    Hytera USA Reflector  1  31089  PTT    MPRG 2  1  31302  PTT    BGV  1  31303  PTT    NW7RG-USA  1  31304  PTT    USA - Area 7 4647  1  31607  PTT    Local/Cluster  2  2  Full-Time    Montana  2  3130  Full-Time    MPRG  2  31301  Full-Time  
  
 
 
function myFunction(id) {
    var x = document.getElementById(id);
    if (x.className.indexOf(""w3-show"") == -1) {
        x.className += "" w3-show"";
    } else {
        x.className = x.className.replace("" w3-show"", """");
    }
}",1,1,1,1,1,1,1,1,1,1,1,2,2,2,,,,1,,,,,,,,,
145.35,-0.6,100,K7LCD,"Melba, Hat Butte",ID,OPEN,W,176.3,SSW,,145.35,144.75,,Canyon,On-Air,"Boise, Nampa, Caldwell, Emmett, Meridian, Melba, Star, Eagle, Mt Home, Marsing, Murphy.",NF7T,Wires-X KB7VVD node,W7ZRQ,,,http://www.k7lcd.org,,,,,,Open ↑ / Open ↓,,"Lewis &amp; Clark ARC, Wed at 8:00 P.M. MST",,LEWIS &amp; CLARK ARC,,,,,,,,,,,,,,,,,,,,,,,,,,,,30283,,,,,,,
444.175,5,100,K7LCD,"Melba, Hat Butte",ID,OPEN,EA,176.3,SSW,,444.175,449.175,,Canyon,On-Air,50,NF7T,,W7ZRQ,,,http://www.k7lcd.org,,,,,,Open ↑ / Open ↓,,,Coordinated by W7ZRQ,Lewis &amp; Clark ARC,,,,478568,,43854,,,,,,,,,,,,,,,,,,,,,,,,,,,,,
444.825,5,100,KB7SQE,Libby,MT,OPEN,,177.1,N,,444.825,449.825,100,Lincoln,On-Air,,KB7SQE,,,,,,,,,"Full-time to  
        147.26000 (WR7DW) at Olney, Werner Peak, MT .",,,,,,,,,,,,,,,,,,,,,,,,,,,,,,,,,,,,,,,,,
444.35,5,,KB7SQE,Libby,MT,OPEN,I,177.1,N,,444.35,449.35,,Lincoln,On-Air,,KB7SQE,,MRCC,,100,,,,,146.29,,,,,,,,,,,3056,,,,,,,,,,,,,,,,,,,,,,,,,,,,,,
448.375,5,,K7JEP,Sandpoint,ID,OPEN,,177.2,NNW,,448.375,453.375,,Bonner,On-Air,,Bonner County Amateur Radio Club,,,,,http://www.k7jep.org,,,,"Full-time to  
        145.49000 (K7JEP) at Sandpoint, Hoodoo Mountain, ID .
 


Full-time to  
        146.78000 (K7JEP) at Sagle, Gold Hill, ID .",,,,,,,,,,,,,,,,,,,,,,,,,,,,,,,,,,,,,,,,,
145.27,-0.6,127.3,AA7XM,Sandpoint,ID,OPEN,,177.2,NNW,,145.27,144.67,127.3,Bonner,Off-Air,,AA7XM,,UVHFS,,,,,,,,,,,,,,,,,,,,,,,,,,,,,,,,,,,,,,,,,,,,,,,,
446.025,0,,N7JCT,Sandpoint,ID,OPEN,,177.2,NNW,,446.025,446.025,,Bonner,On-Air,Local.,N7JCT,,,,,http://www.n7jct.org,Standard AllStar Commands,,,,,,,,Open node for anyone to use.  Control as you wish.,,,,,,,,,,,,,,,,,,,,,,,,,,,,,,,,,,,,
145.41,-0.6,100,N7LZM,"Kennewick, Jump Off Joe",WA,OPEN,E,178.4,W,,145.41,144.81,100,Benton,On-Air,Wide area.,N7LZM,Linked.,,,,,,,,"Full-time to  
        146.96000 (AL1Q) at Walla Walla, Hertzer Peak, WA .
 


Full-time to  
        442.47500 (KD7LZN) at Naches, Whites Pass, WA .",,,,,,,,,,380445,,,,,,,,,,,,,,,,,,,,,,,,,,,,,,,
147.08,0.6,94.8,KC7WFD,"Kennewick, Jump Off Joe",WA,CLOSED,,178.4,W,,147.08,147.68,94.8,Benton,On-Air,,KC7WFD,"E-power, autopatch.",,,,,,,,"Full-time to  
        147.12000 (KC7WFD) at Moxee City, WA .",,,,,,,,,,,,,,,,,,,,,,,,,,,,,,,,,,,,,,,,,
443.775,5,100,W7JWC,Kennewick,WA,OPEN,I,179.5,W,,443.775,448.775,100,Benton,On-Air,,W7JWC,,,,,,,,,,,,,,,,,,,,3122,,,,,,,,,,,,,,,,,,,,,,,,,,,,,,
444.4,5,250.3,KD7JC,Kennewick,WA,OPEN,,179.5,W,,444.4,449.4,250.3,Benton,Off-Air,,KD7JC,,,,,,,,,,,,,,,,,,,,,,,,,,,,,,,,,,,,,,,,,,,,,,,,,,
443.95,5,123,W7UPS,Kennewick,WA,OPEN,,179.5,W,,443.95,448.95,123,Benton,On-Air,Local,W7UPS,Closed autopatch,,,123,http://w7ups.com,,,,,,,,,,,,,,,,,,,,,,,,,,,,,,,,,,,,,,,,,,,,,
444.65,5,123,KA7ENA,"Deer Park, Scoop Mountain",WA,OPEN,,180.4,NW,,444.65,449.65,123,Spokane,Off-Air,,KA7ENA,,,,,,,,DN17dw,,,,,,,,,,,,,,,,,,,,,,,,,,,,,,,,,,,,,,,,,,
444.95,5,110.9,WA7UOJ,"Deer Park, Scoop Mountain",WA,OPEN,,180.4,NW,,444.95,449.95,110.9,Spokane,Off-Air,,WA7UOJ,Linked,IACC,,110.9,,,,DN17dw,,,,,,,,,,,,,,,,,,,,,,,,,,,,,,,,,,,,,,,,,,
146.64,-0.6,100,W7AZ,"Kennewick, Johnson Butte",WA,OPEN,W,181.4,W,,146.64,146.04,100,Benton,On-Air,,Tri-Cities ARC,E-power.,,,100,http://www.w7az.org,,,DN06jc,,,Open ↑ / Open ↓,Yes; analog capable.,,,,,,,,,,,,,,,,,,,,,,,,,,,,,,,11962,,,,,,,
147.22,0.6,,N7LZM,"Kennewick, Johnson Butte",WA,OPEN,,181.4,W,,147.22,147.82,,Benton,On-Air,,N7LZM,E-power.,,,,,,,,,,,,,,,,,,,,,,,,,,,,,,,,,,,,,,,,,,,,,,,,,
444.575,5,100,KB7TBN,"Newport, Cooks Mountain",WA,OPEN,,182.1,NNW,,444.575,449.575,100,Pend Orielle,,,PCARC,3,,,,,,Unknown,,,,,,,,,,,,,,,,,,,,,,,,,,,,,,,,,,,,,,,,,,,
147.12,0.6,100,WB7TBM,"Newport, Cooks Mountain",WA,OPEN,,182.1,NNW,,147.12,147.72,100,Pend Orielle,Off-Air,,Thatuna Amateur Radio Club,,,,,,,,,,,,,,,,,,,,,,,,,,,,,,,,,,,,,,,,,,,,,,,,,,
147.36,0.6,100,K7TRH,"Marsing, French John Hill",ID,OPEN,,182.3,SSW,,147.36,147.96,100,Owyhee,On-Air,Wide area.,CCEM,"Link, e-power.",UVHFS,,,,,,,,,,,,,,,,,,,,,,,,,,,,,,,,,,,,,,,,,,,,,,,,
442.9,5,100,K7TRH,"Marsing, French John Hill",ID,OPEN,,182.3,SSW,,442.9,447.9,100,Owyhee,On-Air,Wide area.,CCEM,"Link, e-power",W7ZRQ,,CSQ,,,,,,,,,,Elevation: 3600',,,,,,,,,,,,,,,,,,,,,,,,,,,,,,,,,,,,
146.85,-0.6,100,WA7FDR,"Howe, Jumpoff Peak",ID,OPEN,,183.3,SE,,146.85,146.25,100,Butte,On-Air,"Wide area. Idaho Falls, Pocatello, and southern Idaho.",ERARRA,,UVHFS,,,http://utahvhfs.org/other_rpt.html#jumpoff,,,,"Full-time to  
        145.23000 (WA7FDR) at Island Park, Sawtell Peak, ID .
 


Full-time to  
        145.27000 (WA7FDR) at Burley, Mt Harrison, ID .
 


Full-time to the  Intermountain Intertie System .",,,,,9,Intermountain Intertie,,,,,,,,,,,,,,,,,,,,,,,,,,,,,,,,,,,
147.04,0.6,,W7OHI,"Davenport, Teel Hill",WA,OPEN,,183.7,NW,,147.04,147.64,,Lincoln,On-Air,,LCRP,Linked.,,,,,,,,,,,,,,,,,,,,,,,,,,,,,,,,,,,,,,,,,,,,,,,,,
146.82,-0.6,88.5,,"Libby, Blue Mountain Lookout",MT,OPEN,,183.8,N,,146.82,146.22,88.5,Lincoln,On-Air,,,,,,,,,,,"Full-time to  
        444.22500 (W3YAK) at Libby, Blue Mountain, MT .
 


Full-time to  
        147.00000 () at Yaak, MT .",,,,,Linked to 444.225 on Blue Mountain and 147.000 in Yaak,,,,,,,,,,,,,,,,,,,,,,,,,,,,,,,,,,,,
145.23,-0.6,100,K7MEE,"Sandpoint, Schweitzer Mountain",ID,OPEN,,184.3,NNW,,145.23,144.63,100,Bonner,Off-Air,"Bonner County, ID reaching into Boundary &amp; Kootenai Co., ID, Pend Oreille and parts of Spokane Co., WA and Sanders Co., MT",Bonner County,E-power.,UVHFS,,,,,,,"Full-time to  
        444.07500 (K7MEE) at Sandpoint, Schweitzer Mountain, ID .",,,,,,,,,,,,,,,,,,,,,,,,,,,,,,,,,,,,,,,,,
444.075,5,100,K7MEE,"Sandpoint, Schweitzer Mountain",ID,OPEN,A,184.3,NNW,,444.075,449.075,100,Bonner,Off-Air,"Bonner County, ID, into Boundary &amp; Kootenai Co., ID, Pend Orielle and parts of Spokane Co., WA, parts of Sanders Co., MT",Bonner County,E-power.,UVHFS,,,,,,,"Full-time to  
        145.23000 (K7MEE) at Sandpoint, Schweitzer Mountain, ID .",,,,,,,,,,,,27010,,,,,,,,,,,,,,,,,,,,,,,,,,,,,
146.84,-0.6,100,K7LBY,"Libby, King Mountain",MT,OPEN,,184.6,N,,146.84,146.24,100,Lincoln,On-Air,South Lincoln County,Lincoln County Amateur Radio Group,,,,,,,,,,,,,LDS Traffic Net: Sun at 20:30.,,,,,,,,,,,,,,,,,,,,,,,,,,,,,,,,,,,,,
447.62,-5,88.5,W7RUG,"Howe, Jumpoff Peak",ID,OPEN,EI,184.8,SE,,447.62,442.62,88.5,Butte,On-Air,S.E. Idaho Ashton to Burley Idaho,W7RUG,ECHOIRLP,,,100,,Precede IRLP Access with a # sign,,,,,,,,,Owner,,,,459433,3754,,,,,,,,,,,,,,,,,,,,,,,,,,,,,,
441.95,5,,W7URG,Hermiston,OR,OPEN,,185.4,W,,441.95,446.95,,Umatilla,Off-Air,Wide area. 75 mi radius.,Umatilla Radio Group,,,,,,,,,,,,,,,,,,,,,,,,,,,,,,,,,,,,,,,W7URG (B),"jfindu lookup 
    /   dstar-users lookup",,,,,,,,,,
444.225,5,88.5,W3YAK,"Libby, Blue Mountain",MT,OPEN,,185.7,N,,444.225,449.225,88.5,Lincoln,On-Air,,,,,,,,,,,"Full-time to  
        146.82000 () at Libby, Blue Mountain Lookout, MT .",,,,,,,,,,,,,,,,,,,,,,,,,,,,,,,,,,,,,,,,,
444.675,5,114.8,WB7UCI,Loon Lake,WA,PRIVATE,,185.9,NNW,,444.675,449.675,114.8,Stevens,,,WB7UCI,,,,,,,Unknown,,,,,,,,,,,,,,,,,,,,,,,,,,,,,,,,,,,,,,,,,,,
147.38,0.6,,K7LYY,"Whitefish,  Sandy Hill",MT,OPEN,,185.9,NNE,,147.38,147.98,,Flathead,On-Air,Local valley area.,Flathead Valley ARC,Linked.,,,,,,,,,,,,,,,,,,,,,,,,,,,,,,,,,,,,,,,,,,,,,,,,,
147.34,0.6,100,KC7NIY,"Mountain Home, Rattlesnake Butte",ID,OPEN,,186.6,S,,147.34,147.94,100,Elmore,On-Air,Mountain Home area; Have received reports from Caldwell to Twin Falls.,Elmore County,,W7ZRQ,,,,,,,,,,,Elmore County ARES: Sun at 2000.,,Elmore County ARES,,,,,,,,,,,,,,,,,,,,,,,,,,,,,,,,,,,
147.02,0.6,103.5,AI7HO,"Plymouth, Sillusi Butte",WA,OPEN,E,186.7,W,,147.02,147.62,103.5,Benton,On-Air,,Hermiston Amateur Radio Club (HARC),1,,,103.5,,,,,,,,,,,,,,,915855,,,,,,,,,,,,,,,,,,,,,,,,,,,,,,,
146.62,-0.6,123,WF7S,Pasco,WA,OPEN,W,186.7,WNW,,146.62,146.02,123,Franklin,On-Air,"Tri-Cities Washington, north towards Wenatchee/Ephrata/Quincy",Spout Springs Repeater Association,,,,123,http://www.wf7s.net,,,,"Full-time to  
        146.80000 (WF7S) at Elgin, Spout Springs Ski Resort, OR .",,,,Monday-Friday at 20:00.,,,,,,,,,,,,,,,,,,,,,,,,,,,,,,,,,,,,,
442.825,5,110.9,K7ECI,Mountain Home,ID,OPEN,,186.8,S,,442.825,447.825,110.9,Elmore,On-Air,,,,,,,,,,,,,,,,,,,,,,,,,,,,,,,,,,,,,,,,,,,,,,,,,,,,
145.49,-0.6,67,KC7RWC,"Plymouth, Sillusi Butte",WA,OPEN,,186.8,W,,145.49,144.89,67,Benton,On-Air,"Plymouth, Umatilla, and Hermiston. 30 mi radius.",Umatilla Co ARES,45,,,,,,,,"Part-time to  
        146.78000 (KC7SOY) at Heppner, Black Mountain, OR .",,,,,,,,,,,,,,,,,,,,,,,,,,,,,,,,,,,,,,,,,
224.72,-1.6,,KL7JGS,Three Forks,MT,OPEN,,187,ESE,,224.72,223.12,,Gallatin,,"Three Forks, Manhatten, Belgrade, Butte, Whitehall, Twonsend.",Eagle Head Repeater Assoc,25,,,,,,Unknown,,,,,,,,,,,,,,,,,,,,,,,,,,,,,,,,,,,,,,,,,,,
448.35,-5,,KB7KB,Three Forks,MT,OPEN,,187,ESE,,448.35,443.35,,Gallatin,,"Three Forks, Manhatten, Belgrade, Bozeman, Butte, Whitehall, Townsend.",KB7KB,40,,,,,,Unknown,,Full-time to the  Intermountain Intertie System . Linkable to the  MRLA System .,,,,,,,,,,,,,,,,,,,,,,,,,,,,,,,,,,,,,,,,,
145.45,-0.6,,K7SRG,Pasco,WA,OPEN,,187.1,W,,145.45,144.85,,Franklin,On-Air,Part of SRG's wide area coverage.,SRG,,,,,http://www.srgclub.org,,,,,,,,,,,,,,,,,,,,,,,,,,,,,,,,,,,,,,,,,,,,,
146.76,-0.6,100,W7VPA,"Richland , Rattlesnake Mtn",WA,OPEN,,187.1,W,,146.76,146.16,100,Benton,On-Air,Very good coverage of the lower Columbia basin and out to Walla Walla.,Tri-Cities Amateur Radio Club,,,,100,,,,,,,,,,,,,,,,,,,,,,,,,,,,,,,,,,,,,,,,,,,,,,
443.75,5,103.5,AI7HO,"Plymouth, Silousi Butte",WA,OPEN,,188.4,W,,443.75,448.75,103.5,Benton,On-Air,"Umatilla, Morrow, and Benton counties
I-84, I-82, 395",Hermiston Amatuer Radio Club,Linkable to the 147.020,,,,http://www.ai7ho.org/,,,,,,,,HARC Monday night net  1900 hrs Mondays except 2nd Mon.,,,,,,,,,,,,,,,,,,,,,,,,,,,,,,,,,,,,,
145.45,-0.6,100,W7MRI,"Helena, Hogback Mountain",MT,OPEN,,190.8,E,,145.45,144.85,100,Lewis and Clark,On-Air,Wide area. 50 mi radius.,Montana Repeater Linking Assoc,10,,,,http://www.w7tck.org/_repeater/repeater_145.5.html,,,,Full-time to the  MRLA System .,,,,,,,,,,,,,,,,,,,,,,,,,,,,,,,,,,,,,,,,,
146.85,-0.6,146.2,W7CK,"Helena,  Hogback Mountain",MT,OPEN,,190.8,E,,146.85,146.25,146.2,Lewis and Clark,,,W7CK,Autopatch.,,,,,,Unknown,,,,,,,"Transmitter on Hogback Mtn and the receiver on Rogers Mtn. 
Emergencies only between 22:00 and 06:00.",,,,,,,,,,,,,,,,,,,,,,,,,,,,,,,,,,,,
442.875,5,203.5,WA7BCA,West Richland,WA,CLOSED,,191,WNW,,442.875,447.875,203.5,Benton,,,Benton County ARES,,,,,,,Unknown,,,,,,,,,,,,,,,,,,,,,,,,,,,,,,,,,,,,,,,,,,,
146.78,-0.6,67,KC7SOY,"Heppner, Black Mountain",OR,OPEN,,191.5,WSW,,146.78,146.18,67,Morrow,On-Air,"Wide area. Coverage on I-84 to the northwest of this repeater is heavily shadowed by the gorge. Coverage essentially ends westbound on I-84 at MP 150. It also does not reach east of the Blue Mountains, cutting off coverage to the east on I-84 at Cabbage Hill (mp 224). Some moderate coverage at La Grande (mp 261).",Morrow County ARES,5,,,,,,,DN05if,"Part-time to  
        145.49000 (KC7RWC) at Plymouth, Sillusi Butte, WA .",,,,Sunday evening ARES net at 1930 hrs,,Umatilla/Morrow ARES,,,,,,,,,,,,,,,,,,,,,,,,,,,,,,,,,,,
146.62,-0.6,88.5,W7URG,"Heppner, Black Mountain",OR,OPEN,,191.5,WSW,,146.62,146.02,88.5,Morrow,Off-Air,,Umatilla Radio Group,5,,,,,,,DN05if,,,,,,Limit talk time in winter months due to solar power.,,,,,,,,,,,,,,,,,,,,,,,,,,,,,,,,,,,,
145.27,-0.6,100,KO8N,"Whitefish, Big Mountain",MT,OPEN,,192.1,NNE,,145.27,144.67,100,Flathead,On-Air,Wide area.,FVRG,6,,,,,,,,,,,,,,,,,,,,,,,,,,,,,,,,,,,,,,,,,,,,,,,,,
145.41,-0.6,77,N7KAM,"Coolin, Priest Lake",ID,OPEN,,194.9,NNW,,145.41,144.81,77,Bonner,On-Air,"Priest River to North of the Lake:  Low to medium power mobile
Some portable coverage is available at the South end of the lake.

Indian Creek Campground: portable coverage in most areas.

Lionhead Campground:  Medium power mobile coverage; poor portable",N7KAM,,,,,http://www.wildrepeaters.org,,,,,,,,,,,,,,,,,,,,,,,,,,,,,,,,,,,,,,,,,,,,,
444.65,5,100,WR7DW,"Olney, Werner Peak",MT,OPEN,,195.8,NNE,,444.65,449.65,100,Flathead,On-Air,Covers Glacier Park Mt,WR7DW,E-power (solar).,,,,,,,,,,Open ↑ / Open ↓,Yes; analog capable.,,7,,,,,,,,,,,,,,,,,,,,,,,,,,,,,,,,,,,,
147.26,0.6,100,WR7DW,"Olney, Werner Peak",MT,OPEN,,195.8,NNE,,147.26,147.86,100,Flathead,Off-Air,Covers Glacier Park.,WR7DW,E-power (solar). 1 minute timer,MRCC,,,,,,,"Full-time to  
        444.82500 (KB7SQE) at Libby, MT .",,,,,7,,,,,,,,,,,,,,,,,,,,,,,,,,,,,,,,,,,,
146.96,-0.6,123,W7BFI,"Bonners Ferry, Black Mountain",ID,OPEN,E,196.1,N,,146.96,146.36,123,Boundary,On-Air,,Boundary ARC,6,IACC,,,,,,,,,,,,,,,,,505896,,,,,,,,,,,,,,,,,,,,,,,,,,,,,,,
145.24,-0.6,162.2,W7JVO,"John Day, Airport",OR,OPEN,,198,WSW,,145.24,144.64,162.2,Grant,On-Air,Hwy 26 west to Dayville &amp; east to Unity,W7JVO,,,,,http://hidarg.org/index.php/repeaters,,,,Full-time to the  HiDARG System .,,,,Mon at 19:00.,3,H.I.D.A.R.G.,,,,,,,,,,,,,,,,,,,,,,,,,,,,,,,,,,,
443.725,5,,W7GHJ,"Chewelah, Chewelah Peak",WA,OPEN,E,198.9,NNW,,443.725,448.725,,Stevens,On-Air,"South end of Colville to Clayton, Chewelah, Valley, Springdale. With a good antenna &amp; propagation can be hit from Deer Park &amp; Spokane. 20 mi radius.",North East Washington Amateur Radio Club [NEWARC],,IACC,,,,"Standard EchoLink commands. [We have quick dial DTMF commands also, if you would like to know them, or have your repeater added, email us]",,,,,,,,"~50' AGL on a Mt. +9 db gain Antenna, Moderate coverage. Echolink [conferences allowed]",,,,,979409,,,,,,,,,,,,,,,,,,,,,,,,,,,,,,,
146.64,-0.6,,N7LZM,"Canyon City, Eagle Peak",OR,OPEN,,199.2,WSW,,146.64,146.04,,Grant,On-Air,,Grant County Amateur Radio Club,,,,,,,,DN04mi,,,,,,4,,,,,,,,,,,,,,,,,,,,,,,,,,,,,,,,,,,,
145.125,-0.6,,KF7MJA,Moyie Springs,ID,OPEN,,200.7,N,,145.125,144.525,,Boundary,On-Air,15,North Star Digital Association,Dplus,IACC,,,System Information,,,,,,,,,,,,,,,,,,,,,,,,,,,,,,,,,,KF7MJA (C),"jfindu lookup 
    /   dstar-users lookup",,,,,,,,,,
443.025,5,100,W7BFI,Bonners Ferry,ID,OPEN,,200.8,NNW,,443.025,448.025,100,Boundary,On-Air,"All of Bonners Ferry, North to Creston BC., South to Mc Arthur lake, East to Moyie Springs.",Boundary Amateur Radio Club,,IACC,,,,,,,,,,,,,,,,,,,,,,,,,,,,,,,,,,,,,,,,,,,,,,,,
147.04,0.6,100,W7BFI,Bonners Ferry,ID,OPEN,,200.8,NNW,,147.04,147.64,100,Boundary,On-Air,,,,IACC,,,http://w7bfi.com,,,,,,,,,,,,,,,,,,,,,,,,,,,,,,,,,,,,,,,,,,,,,
145.45,-0.6,,AF7LJ,Moyie Springs,ID,OPEN,,201.4,N,,145.45,144.85,,Boundary,On-Air,"Boundary Co,ID  Lincoln Co",Earl G. Borer,,,,,,,,,,,,,Sunday 8:00 pm LDS Emergency net,,,,,,,,,,,,,,,,,,,,,,,,,,,,,,,,,,,,,
145.25,-0.6,CSQ,N7BFS,"Chewelah, Stensgar Mountain",WA,OPEN,,202.3,NW,,145.25,144.65,CSQ,Stevens,On-Air,"Stevens county, Lincoln county, Spokane county, HWY 395, HWY 2",N7BFS,Wide Area.,IACC,,CSQ,,,,,,,,Yes; analog capable.,DSTAR and P25 nets available if enough interest is shown.,Owner has set up to be a passive non bit regen system for Digital Data and Digital Voice. Digital voice and data have priority over analog except in emergency situations.,,,,,,,,,,,,,,,,,,,,,,,,,N7BFS (C),"jfindu lookup 
    /   dstar-users lookup",,,,,,,,293,,
223.9,-1.6,,AK2O,"Chewelah, Stranger Mountain",WA,OPEN,,202.3,NW,,223.9,222.3,,Stevens,On-Air,Wide area.,SRG,,IACC,,,,,,,,,,,NW Regional/International Net: Weekdays 0700.  Weather Nets: Weekdays 0545 &amp; 1645.  Wednesday Evening Net: Wed at 1900.  Whitman/Latah County ARES Net: Thur at 1830.  KBARA Tech-Net: Thur at 1930.  Stanley Steamer Net: Sat at 0700.  Road Runners Net: Sun at 0700.  Spokane Region Storehouse ERC Net: Sun at 1930.,Hub repeater links KBARA and the Evergreen Intertie.,,,,,,,,,,,,,,,,,,,,,,,,,,,,,,,,,,,,
147.36,0.6,,K1RR,"Chewelah, Stranger Mountain",WA,OPEN,I,202.3,NW,,147.36,147.96,,Stevens,On-Air,,Kamiak Butte Amateur Repeater Assoc,,IACC,,,Kamiak Butte Amateur Repeater Assoc,,,,,,,,"NW Regional/International Net: Weekdays 0700. 
Weather Nets: Weekdays 0545 and 1645. 
Wednesday Evening Net: Wed at 1900. 
Whitman/Latah County ARES Net: Thur at 1830. 
Stanley Steamer Net: Sat at 0700. 
Road Runners Net: Sun at 0700. 
Spokane Region Storehouse ERC Net: Sun at 1930.",,Evergreen Intertie,,,,,3638,,,,,,,,,,,,,,,,,,,,,,,,,,,,,,
443.375,5,88.5,K7HR,"East Glacier, Mt Baldy",MT,OPEN,,202.9,NNE,,443.375,448.375,88.5,Glacier,Off-Air,,HARK,"E-power, remote base.",,,,http://www.cutbankairport.org/highline-radio/local-information/,,,,,,,,,,,,,,,,,,,,,,,,,,,,,,,,,,,,,,,,,,,,,
146.7,-0.6,103.5,K7HR,"East Glacier, Mt Baldy",MT,OPEN,,202.9,NNE,,146.7,146.1,103.5,Glacier,On-Air,,,E-power.,,,,,,,,"Full-time to  
        147.14000 (K7KTR) at Plains, MT .
 


Full-time to  
        146.62000 (KA5LXG) at Bigfork, MT .",,,,,,,,,,,,,,,,,,,,,,,,,,,,,,,,,,,,,,,,,
146.7,-0.6,100,N7MHE,"Moses Lake, Wheeler Rd",WA,OPEN,,203.7,WNW,,146.7,146.1,100,Grant,On-Air,Moses Lake.,N7MHE,,IACC,,,,,,,,,,,,Low level repeater located on top of a building in Moses Lake.,,,,,,,,,,,,,,,,,,,,,,,,,,,,,,,,,,,,
145.43,-0.6,,WR7VHF,"Chewelah, Chewelah Peak",WA,OPEN,,204.8,NNW,,145.43,144.83,,Stevens,On-Air,,Inland Empire VHF Radio Amateurs,,,,,,,,,,,,,,,,,,,,,,,,,,,,,,,,,,,,,,,,,,,,,,,,,,
147.22,0.6,,N7LZM,"John Day, Fall Mountain",OR,OPEN,,205.4,WSW,,147.22,147.82,,Grant,Off-Air,,,5,,,,,,,,,,,,,,,,,,,,,,,,,,,,,,,,,,,,,,,,,,,,,,,,,
147,0.6,100,W7OHI,Almira,WA,OPEN,,210.8,NW,,147,147.6,100,Lincoln,On-Air,,LCRG,Linked.,,,,,,,,,,,,,,,,,,,,,,,,,,,,,,,,,,,,,,,,,,,,,,,,,
145.23,-0.6,100,WA7FDR,"Island Park, Sawtell Peak",ID,OPEN,,213.1,SE,,145.23,144.63,100,Fremont,On-Air,"Wide area. Yellowstone, Rexburg, Idaho Falls, and upper Snake River basin.",,9,UVHFS,,,,,,,"Full-time to  
        146.85000 (WA7FDR) at Howe, Jumpoff Peak, ID .
 


Full-time to the  Intermountain Intertie System .",,,,,100,Intermountain Intertie,,,,,,,,,,,,,,,,,,,,,,,,,,,,,,,,,,,
224.42,-1.6,103.5,KB7WPU,Hartline,WA,OPEN,,216.2,NW,,224.42,222.82,103.5,Grant,Testing,,,,,,,,,,,,,,,,,,,,,,,,,,,,,,,,,,,,,,,,,,,,,,,,,,,,
147.14,0.6,100,KB7WPU,Hartline,WA,OPEN,E,216.2,NW,,147.14,147.74,100,Grant,Off-Air,,KB7WPU,,,,,,,,,,,,,,,,,,,377349,,,,,,,,,,,,,,,,,,,,,,,,,,,,,,,
444.45,5,100,KB7WPU,Hartline,WA,OPEN,,216.2,NW,,444.45,449.45,100,Grant,On-Air,,,,,,,,,,,,,,,,,,,,,,,,,,,,,,,,,,,,,,,,,,,,,,,,,,,,
448.8,-5,100,KE7JFA,Roberts,ID,OPEN,EI,218.9,SE,,448.8,443.8,100,Jefferson,On-Air,Idaho Falls and some surrounding areas.,,,,,100,,,,,,,,,,Email me for list of speed dial commands if needed.,,,,,319230,3628,,,,,,,,,,,,,,,,,,,,,,,,,,,,,,
146.88,-0.6,100,K7ENE,"Menan, Menan Buttes",ID,OPEN,,220.7,SE,,146.88,146.28,100,Madison,On-Air,,ERC,,UVHFS,,,,,,,,,,,ERC: Wed at 21:00.,,,,,,,,,,,,,,,,,,,,,,,,,,,,,,,,,,,,,
446.5,0,100,KF7VSX,"Colville Indian Reservation, Keller Butte",WA,OPEN,,221.2,NW,,446.5,446.5,100,Ferry,On-Air,,Lake Roosevelt High School Amateur Radio Club,,,,77,,,,,,,,,,Simplex (record and re-transmit) repeater running only 4w (UHF),,,,,,,,,,,,,,,,,,,,,,,,,,,,,,,,,,,,
146.5,0,100,KF7VSX,"Elmer City, Keller Butte",WA,OPEN,,221.2,NW,,146.5,146.5,100,Ferry,On-Air,,Lake Roosevelt High School Amateur Radio Club,,,,77,,,,,,,,,,"Simplex (record and re-transmit) repeater running only 4.75 w (VHF) 
Location in Ferry County about 2.4 miles east of Okanogan county line",,,,,,,,,,,,,,,,,,,,,,,,,,,,,,,,,,,,
146.62,-0.6,100,K7JAR,"Colville, Monumental Mountain",WA,OPEN,,221.6,NNW,,146.62,146.02,100,Stevens,On-Air,Wide area.,Panorama Land ARC,"E-power, linked.",IACC,,,,,,,,,,,,,,,,,,,,,,,,,,,,,,,,,,,,,,,,,,,,,,,,
146.86,-0.6,100,KE7NRA,"Grand Coulee, Grand Coulee Dam",WA,OPEN,,222.7,NW,,146.86,146.26,100,Okanogan,On-Air,,Coulee Dam Radio Club,Linked with the McClure and Pitcher repeaters,,,,,,,,,,,,,,,,,,,,,,,,,,,,,,,,,,,,,,,,,,,,,,,,,
147.3,0.6,162.2,W7JVO,"Burns, Sharps Ridge",OR,OPEN,,226.3,SW,,147.3,147.9,162.2,Harney,On-Air,"Burns, Highway 205, Highway 78.",High Desert Amateur Radio Group (HiDARG),"E-power (solar), APRS.",ORRC,,,,,,,Full-time to the  HiDARG System .,,,,HiDARG: Tue at 19:00.,4,ARRL,,,,,,,,,,,,,,,,,,,,,,,,,,,,,,,,,,,Listen Live
448.6,-5,100,K7WIP,"Rexburg, BYU-Idaho Campus",ID,OPEN,I,226.5,SE,,448.6,443.6,100,Madison,On-Air,Portions of Hwy 20 and Hwy 33.,"Peter Stilling, K7WIP",,W7ZRQ,,100,http://www.byui.edu/societies/amateur-radio-society/repeaters,,,,,,,,,,Brigham Young University Idaho,,,,,7186,,,,,,,,,,,,,,,,,,,,,,,,,,,,,,
145.41,-0.6,100,K7BYI,"Rexburg, BYU-Idaho Campus",ID,OPEN,EI,226.7,SE,,145.41,144.81,100,Madison,On-Air,"Rexburg area, covers portions of US Hwy 20 and State Hwy 33","Peter Stilling, K7WIP",,W7ZRQ,,100,http://www.byui.edu/societies/amateur-radio-society/repeaters,,,,,,,,BYU-Idaho Amateur Radio Society Net: Tuesday @ 2000,,Brigham Young University - Idaho,,,,893936,7186,,,,,,,,,,,,,,,,,,,,,,,,,,,,,,
146.7,-0.6,100,N7UNY,"Rexburg, Water Tower",ID,OPEN,,226.9,SE,,146.7,146.1,100,Madison,On-Air,,,5,UVHFS,,,,,,,,,,,,,,,,,,,,,,,,,,,,,,,,,,,,,,,,,,,,,,,,
448.9,-5,,KG7WZG,Idaho Falls,ID,OPEN,,232.3,SE,,448.9,443.9,,Bonneville,,,,,,,,,,Unknown,,,,,,,,,,,,,,,,,,,,,,,,,,,,,,,,KG7WZG (B),"jfindu lookup 
    /   dstar-users lookup",,,,,,,,,,
448.175,-5,100,K6LOV,"Iona,  Iona Hill",ID,OPEN,,234.3,SE,,448.175,443.175,100,Bonneville,On-Air,,,,UVHFS,,,,,,,,,,,,,,,,,,,,,,,,,,,,,,,,,,,,,,,,,,,,,,,,
146.64,-0.6,,K7EFZ,"Iona, Iona Hill",ID,OPEN,,234.3,SE,,146.64,146.04,,Bonneville,On-Air,,Eagle Rock ARC,e-power.,UVHFS,,,,,,,,,,,,Learned this evening that the autopatch has been disabled indefinitely - too much FM radio interference at that location.,,,,,,,,,,,,,,,,,,,,,,,,,,,,,,,,,,,,
447.95,-5,,WB6EVM,Blackfoot,ID,PRIVATE,,237.4,SE,,447.95,442.95,,Bingham,On-Air,Bingham County,,,,,,,,,,,,,,,,,,,,,,,,,,,,,,,,,,,,,,,,,,,,,,,,,,,
146.76,-0.6,103.5,KF7HPT,"Burns, Radar Hill",OR,OPEN,,240.2,SW,,146.76,146.16,103.5,Harney,On-Air,,,,,,,,,,,,,,,,,,,,,,,,,,,,,,,,,,,,,,,,,,,,,,,,,,,,
146.74,-0.6,,K7EFZ,"Idaho Falls, Peterson Hill",ID,OPEN,,241.8,SE,,146.74,146.14,,Bonneville,On-Air,Eagle Rock Amateur Radio  (ERARC),,,UVHFS,,,http://www.erarc.org/,,,,,,,,,,,,,,,,,,,,,,,,,,,,,,,,,,,,,,,,,,,,,
443,5,100,WA4VRV,"Idaho Falls, Quality Inn",ID,OPEN,,242.2,SE,,443,448,100,Bonneville,On-Air,Wide area,WA4VRV,"E-power, EX (NOAA Weather SAME Alerts)",UVHFS,,100,,,,,,,Open ↑ / Open ↓,Yes; analog capable.,,,,,,,,,,,,,,,,,,,,,,,,,,,,,,,,,,,,,,
444.425,0,,N5DJ,Cut Bank,MT,OPEN,,242.6,NE,,444.425,444.425,,Glacier,On-Air,,N5DJ,,,,,,,,,,,,,,,,,,,,,,,,,,,,,,,,,,,,,,,,,,,,,,,,,,
443.325,5,,K7IQA,Cut Bank,MT,OPEN,,242.6,NE,,443.325,448.325,,Glacier,On-Air,Local Area Coverage.,K7IQA,,,,,http://www.cutbankairport.org/highline-radio/local-information/,,,,,,,,,3,,,,,,,,,,,,,,,,,,,,,,,,,,,,,,,,,,,,
147.3,0,,N5DJ,Cut Bank,MT,OPEN,,242.6,NE,,147.3,147.3,,Glacier,On-Air,,N5DJ,,,,,,,,,,,,,,,,,,,,,,,,,,,,,,,,,,,,,,,,,,,,,,,,,,
442.2,0,,N5DJ,Cut Bank,MT,OPEN,,242.6,NE,,442.2,442.2,,Glacier,On-Air,,N5DJ,,,,,,,,,,,,,,,,,,,,,,,,,,,,,,,,,,,,,,,,,,,,,,,,,,
145.19,-0.6,,N7XAY,Republic,WA,OPEN,,250.1,NW,,145.19,144.59,,Ferry,,"Part of a 5 repeater system covering Republic, Tonasket, Okanogan, Grand Coulee and Twisp WA.",,Open autopatch.,,,,,Ask on the air for autopatch instructions.,Unknown,,"Full-time to  
        147.32000 (WA7MV) at Omak, Tunk Mountain, WA .",,,,ARES: Wed and Sun at 18:00.,"Repeater has been linked with 440.800 on Mclure Mt., Twisp, Wa. and is part of a 5 repeater linked system.",,,,,,,,,,,,,,,,,,,,,,,,,,,,,,,,,,,,
147.32,0.6,100,WA7MV,"Omak, Tunk Mountain",WA,OPEN,,259,NW,,147.32,147.92,100,Okanogan,On-Air,Wide area.,Methow Valley Amateur Radio Club,E-power.,,,,http://mvhams.org/,,,,"Full-time to  
        145.19000 (N7XAY) at Republic, WA .",,,,Okanogan County Net: Thu at 19:00.,,,,,,,,,,,,,,,,,,,,,,,,,,,,,,,,,,,,,
53.11,-1.7,100,WA7MV,"Omak, Tunk Mountain",WA,OPEN,,259,NW,,53.11,51.41,100,Okanogan,On-Air,Limited at this time due to low transmitter power.,Methow Valley Amateur Radio Club,,IACC,,,http://mvhams.org/,,,,,,,,,,,,,,,,,,,,,,,,,,,,,,,,,,,,,,,,,,,,,
