Frequency,Offset,Tone,Call,Location,ST/PR,Use,VOIP,Mi,Dir,,Downlink,Uplink,Uplink Tone,Downlink Tone,County,Op Status,Sponsor,Features,Web links,Coordination,Last update,Coverage,Commands,On-air,Grid,Links,YSF Digital Enabled,DG-ID,Mixed-Mode,Nets,Notes,Affiliate,EchoLink,IRLP,D-STAR Enabled,Node,Sources,DMR Enabled,Color Code,Wide Network,Local Network,Talkgroups,Worldwide English,North America,Simplex,TAC 310,TAC 311,DCI Bridge,Echo Test,Hytera USA Reflector,MPRG 2,BGV,NW7RG-USA,USA - Area 7 4647,Local/Cluster,Montana,MPRG,AllStar,WIRES-X,P25 Digital Enabled,NAC,Default Reflector,Parrot,Talkgroup Network,Idaho,Bandwidth,Feed
146.62,-0.6,88.5,KK3ARC,Kooskia,ID,OPEN,,2.6,NNE,,146.62,146.02,88.5,100,Idaho,On-Air,3,E-power (solar).,http://3riversarc.webs.com/,IACC,,,,,,,,,,,,,,,,,,,,,,,,,,,,,,,,,,,,,,,,,,,,,,,
443.925,5,100,,"Kamiah, KOA Campground",ID,OPEN,,4.9,NNW,,443.925,448.925,100,100,Idaho,On-Air,John T. Biggs Sr.,,,,,Kamiah area only,Auto patch 6789 for dial tone 9876 to hang up,,,,,,,,,,,,,,,,,,,,,,,,,,,,,,,,,,,,,,,,,,,,
146.68,-0.6,100,KC7MGR,Grangeville,ID,OPEN,,16.6,SSW,,146.68,146.08,100,,Idaho,On-Air,Camas Prairie ARC,Autopatch.,,UVHFS,,,,,,,,,,,,,,,,,,,,,,,,,,,,,,,,,,,,,,,,,,,,,,,
444.4,5,,,Cottonwood,ID,OPEN,,19,WSW,,444.4,449.4,,,Idaho,,,,,UVHFS,,,,Unknown,,,,,,,,,,,,,,,,,,,,,,,,,,,,,,,,,,,,,,,,,,,
447.4,-5,,,Cottonwood,ID,OPEN,,19,WSW,,447.4,442.4,,,Idaho,,,,,UVHFS,,,,Unknown,,,,,,,,,,,,,,,,,,,,,,,,,,,,,,,,,,,,,,,,,,,
146.84,-0.6,100,KB7VOL,"Cottonwood, Cottonwood Butte",ID,OPEN,,23.9,WSW,,146.84,146.24,100,,Idaho,Off-Air,CPARC,,,UVHFS,,,,,,,,,,,,,,,,,,,,,,,,,,,,,,,,,,,,,,,,,,,,,,,
444.95,5,100,K7EI,"Cottonwood, Cottonwood Butte",ID,CLOSED,,23.9,WSW,,444.95,449.95,100,,Idaho,,,,,UVHFS,,,,Unknown,DN16sb,Full-time to the  K7EI System .,,,,,,,,,,,,,,,,,,,,,,,,,,,,,,,,,,,,,,,,,
444.875,5,100,K7EI,Orofino,ID,OPEN,,26.6,NNW,,444.875,449.875,100,,Clearwater,On-Air,,,,UVHFS,,,,,,Full-time to the  K7EI System .,,,,,,,,,,,,,,,,,,,,,,,,,,,,,,,,,,,,,,,,,
145.49,-0.6,,KC7VBT,Orofino,ID,OPEN,,26.6,NNW,,145.49,144.89,,,Clearwater,On-Air,CVARC,Autopatch. Analog and Digital in / Analog out,,UVHFS,,Orofino area,,,,,,Open ↑ / Open ↓,Yes; analog capable.,Sunday @ 19:30 PST,,,,,,,,,,,,,,,,,,,,,,,,,,,,,,,,,,,,,
145.27,-0.6,100,KD7ALJ,Orofino,ID,OPEN,,26.6,NNW,,145.27,144.67,100,,Clearwater,,,,,UVHFS,,,,Unknown,,,,,,,,,,,,,,,,,,,,,,,,,,,,,,,,,,,,,,,,,,,
146.76,-0.6,131.8,K7NDX,"Orofino, Wells Bench",ID,OPEN,,28.2,NNW,,146.76,146.16,131.8,,Clearwater,On-Air,Clearwater Valley ARC,E-power.,,UVHFS,,Orofino area,,,,,,,,Sun at 19:00,,,,,,,,,,,,,,,,,,,,,,,,,,,,,,,,,,,,,
145.21,-0.6,206.5,W7WWS,Peck,ID,OPEN,,31.2,NW,,145.21,144.61,206.5,,Nez Perce,,NPCEM,,,UVHFS,,,,Unknown,,,,,,,W7WWS is a silent key as of 2003.,,,,,,,,,,,,,,,,,,,,,,,,,,,,,,,,,,,,
53.35,-1.7,100,K7EI,"Lewiston, Craig Mountain",ID,CLOSED,,40.7,W,,53.35,51.65,100,,Nez Perce,On-Air,K7EI,,,UVHFS,,,,,,Full-time to the  K7EI System .,,,,,,,,,,,,,,,,,,,,,,,,,,,,,,,,,,,,,,,,,
146.92,-0.6,110.9,K7EI,"Lewiston,  Craig Mountain",ID,OPEN,,40.7,W,,146.92,146.32,110.9,,Nez Perce,On-Air,K7EI,Linked.,,UVHFS,,,,,,,,,,,,,,,,,,,,,,,,,,,,,,,,,,,,,,,,,,,,,,,
442.1,5,103.5,K7EI,"Lewiston,  Craig Mountain",ID,CLOSED,,42.1,W,,442.1,447.1,103.5,,Nez Perce,On-Air,K7EI,,,UVHFS,,,,,DN16oe,,,,,,,,,,,,,,,,,,,,,,,,,,,,,,,,,,,,,,,,,,
145.19,-0.6,,KF7WOR,"Elk River, Elk Butte",ID,OPEN,,45.2,NNW,,145.19,144.59,,,Clearwater,On-Air,"Glen Ahlborn, AF7JB",,http://www.kbara.org,IACC,,,,,,,,,,7,,Kamiak Butte Amateur Repeater Association,,,,,,,,,,,,,,,,,,,,,,,,,,,,,,,,,,,
446.05,0,103.5,WF7L,Anatone,WA,OPEN,E,49.4,W,,446.05,446.05,103.5,103.5,Asotin,On-Air,WF7L,Echolink Simplex Node with 15 Watts output,,,,"Anatone, Lewiston, Coverage into Hells Canyon and the Craig Mountain area.",0,,,,,,,"WX, WX warnings, Amateur Radio Newsline and Rain Report on Sundays at 19:00",Feel free to use anytime.,,896098,,,,,,,,,,,,,,,,,,,,,,,,,,,,,,,,,,
145.21,-0.6,192.8,W7WWS,"Lewiston,  Lewiston Hill",ID,CLOSED,,52.5,WNW,,145.21,144.61,192.8,,Nez Perce,,NPCEM,,,UVHFS,,Wide area.,,Unknown,,,,,,,W7WWS is a silent key as of 2003.,,,,,,,,,,,,,,,,,,,,,,,,,,,,,,,,,,,,
444.9,5,100,K7EI,"Lewiston, Lewiston Hill",ID,OPEN,,52.5,WNW,,444.9,449.9,100,,Nez Perce,On-Air,K7EI,Closed autopatch.,,UVHFS,,Wide area.,,,DN16ml,,,,,,,,,,,,,,,,,,,,,,,,,,,,,,,,,,,,,,,,,,
146.96,-0.6,,W7VJD,"Lewiston,  Lewiston Hill",ID,OPEN,,52.5,WNW,,146.96,146.36,,,Nez Perce,,Lewiston Clark Amateur Radio Club (LCARC),,,UVHFS,,Wide area.,,Unknown,DN16ml,,,,,,,,,,,,,,,,,,,,,,,,,,,,,,,,,,,,,,,,,,
145.35,-0.6,114.8,N7WEE,Deary,ID,OPEN,,52.9,NNW,,145.35,144.75,114.8,,Latah,,,,,UVHFS,,Worley to Waha to Orofino to Alpowai Grade.,,Unknown,,,,,,,,,,,,,,,,,,,,,,,,,,,,,,,,,,,,,,,,,,,
444.4,5,162.2,W7TRO,Lewiston,ID,OPEN,I,53.1,WNW,,444.4,449.4,162.2,,Nez Perce,On-Air,,,,UVHFS,,,,,,,,,,,,,,7510,,,,,,,,,,,,,,,,,,,,,,,,,,,,,,,,,
146.86,-0.6,,W7VJD,Lewiston,ID,OPEN,,53.1,WNW,,146.86,146.26,,,Nez Perce,On-Air,,,,UVHFS,,,,,,,,,,,,,,,,,,,,,,,,,,,,,,,,,,,,,,,,,,,,,,,
444.925,5,100,K7EI,Lewiston,ID,OPEN,,53.1,WNW,,444.925,449.925,100,,Nez Perce,,,,,UVHFS,,Wide area coverage.,,Unknown,,,,,,,,,,,,,,,,,,,,,,,,,,,,,,,,,,,,,,,,,,,
223.96,-1.6,,KB7RKY,Lewiston,ID,OPEN,,53.1,WNW,,223.96,222.36,,,Nez Perce,,,,,UVHFS,,,,Unknown,,,,,,,Will be linked to KBARA in the future.,,,,,,,,,,,,,,,,,,,,,,,,,,,,,,,,,,,,
145.35,-0.6,114.8,N7SAU,Clarkston,WA,OPEN,,54.3,WNW,,145.35,144.75,114.8,,Asotin,,N7SAU,E-power.,,,,,,Unknown,,,,,,,,,,,,,,,,,,,,,,,,,,,,,,,,,,,,,,,,,,,
146.86,-0.6,,W7VJD,Anatone,WA,OPEN,,55.3,W,,146.86,146.26,,,Asotin,,Lewiston Clarkston ARC,,,,,,,Unknown,,,,,,,,,,,,,,,,,,,,,,,,,,,,,,,,,,,,,,,,,,,
444.375,5,131.8,N7SAU,"Clarkston, Stout Ranch",WA,OPEN,,57.9,WNW,,444.375,449.375,131.8,,Garfield,,N7SAU,E-power.,,,,,,Unknown,,,,,,,,,,,,,,,,,,,,,,,,,,,,,,,,,,,,,,,,,,,
146.7,-0.6,,WB7TBM,"Moscow,  Paradise Ridge",ID,OPEN,,60.1,NW,,146.7,146.1,,,Latah,Off-Air,Thatuna ARC,"E-power, 3,700'.",,UVHFS,,,,,,,,,,,,,,,,,,,,,,,,,,,,,,,,,,,,,,,,,,,,,,,
146.82,-0.6,127.3,WA7HWD,"Moscow, Moscow Mountain",ID,OPEN,,62.2,NW,,146.82,146.22,127.3,,Latah,On-Air,NW Tri-State Amateur Radio Org,Link.,,UVHFS,,Wide area.,,,,,,,,,,,,,,,,,,,,,,,,,,,,,,,,,,,,,,,,,,,,,
444.975,5,100,K7EI,"Moscow, Moscow Mountain",ID,CLOSED,,62.2,NW,,444.975,449.975,100,,Latah,,,,,UVHFS,,Wide area.,,Unknown,DN16nt,Full-time to the  K7EI System .,,,,,,,,,,,,,,,,,,,,,,,,,,,,,,,,,,,,,,,,,
145.39,-0.6,,KA7FAJ,"Clarkston, Potter Hill",WA,OPEN,,66.8,W,,145.39,144.79,,,Asotin,,KA7FAJ,Closed autopatch,,,,,,Unknown,,,,,,,,,,,,,,,,,,,,,,,,,,,,,,,,,,,,,,,,,,,
443.1625,5,,W7YH,Pullman,WA,OPEN,,70.1,NW,,443.1625,448.1625,,,Whitman,On-Air,WSU ARC Rho Epsilon W7YH http://hamradio.wsu.edu/,,,,,6,,,,,,,,,,,,,,W7YH (B) Repeater,"jfindu lookup 
    /   dstar-users lookup",,,,,,,,,,,,,,,,,,,,,,,,,,,,,,
444.3,5,103.5,KC7AUI,Pullman,WA,OPEN,,70.4,NW,,444.3,449.3,103.5,,Whitman,On-Air,KC7AUI,2,,,,Pullman 4 mi radius.,,,,,,,,,,,,,,,,,,,,,,,,,,,,,,,,,,,,,,,,,,,,,
53.75,-1.7,100,N7ZUF,"Colfax, Kamiak Butte",WA,OPEN,,75.2,NW,,53.75,52.05,100,,Whitman,On-Air,,E-power.,,IACC,,,,,,,,,,,,,,,,,,,,,,,,,,,,,,,,,,,,,,,,,,,,,,,
146.74,-0.6,,W7HFI,"Colfax, Kamiak Butte",WA,OPEN,,75.2,NW,,146.74,146.14,,,Whitman,On-Air,N7ZUF,E-power.,,IACC,,Wide area.,,,,,,,,"Whitman County ARES Net, every Thursday at 6:30PM",Whitman County ARES Repeater,,,,,,,,,,,,,,,,,,,,,,,,,,,,,,,,,,,,
146.9,-0.6,,KC7MCC,"McCall, Brundage Mtn",ID,OPEN,,79,S,,146.9,146.3,,,Valley,On-Air,CIARC,"Linked to 441.925, 444.125",http://www.ciarc.org,,,"Adams, Valley and southern Idaho counties.",,,,"Full-time to  
        147.02000 (KC7MCC) at Mccall, No Business Montain, ID .",,,,Wednesday before first Thursday of month (night before monthly CIARC meetings).,Use contact form on www.ciarc.org,Central Idaho Amateur Radio Club,,,,,,,,,,,,,,,,,,,,,,,,,,,,,,,,,,,
146.9,-0.6,123,KC7MCC,"McCall, Brundage Mtn",ID,OPEN,,79,S,,146.9,146.3,123,,Valley,On-Air,CIARC,"Linked to 147.020, 441.925, 444.125.",http://www.ciarc.org,W7ZRQ,,"Adams, Valley and southern Idaho counties.",,,DN15WA,"Full-time to  
        444.12500 (N7IBC) at McCall, ID .
 


Full-time to  
        147.02000 (KC7MCC) at Mccall, No Business Montain, ID .",,,,ID ARES District 3: Monday 2030 Local,Use contact form on www.ciarc.org,Central Idaho Amateur Radio Club,,,,,,,,,,,,,,,,,,,,,,,,,,,,,,,,,,,
147,0.6,103.5,KB7DZR,Joseph,OR,OPEN,E,79.9,SW,,147,147.6,103.5,103.5,Wallowa,On-Air,KB7DZR,"WX, e-power (Batt &amp; Gen).",Joseph Oregon Repeater System,ORRC,,"Joseph, Wallowa Lake, Enterprise, Wallowa Valley and parts of The Eagle Cap Wilderness.",0,,,,,103,Yes; analog capable.,DODROPIN Newsline Net: Sat at 18:00.,"Open for any use and everyone is welcome on this system. Feel free to enter commands for info, weather and Echolink. Printable user guide available on the web site. YSF DSQ code 103",,323569,,,,,,,,,,,,,,,,,,,,,,,,,,,,,,,,,,
442.5,5,100,KC7MCC,"McCall, Brundage Mountain",ID,OPEN,,84,S,,442.5,447.5,100,,Adams,On-Air,Central Idaho Amateur Radio Club (CIARC),,,UVHFS,,,,,,,,,,,,,,,,,,,,,,,,,,,,,,,,,,,,,,,,,,,,,,,
444.125,5,CC0 100.0,N7IBC,McCall,ID,OPEN,,85.5,S,,444.125,449.125,100,,Valley,Off-Air,N7IBC,"Linked, 2m Remote Base, 10m Remote Base",,W7ZRQ,,"McCall, Donnelly",,,,"Full-time to  
        146.90000 (KC7MCC) at McCall, Brundage Mtn, ID .
 


Full-time to  
        147.02000 (KC7MCC) at Mccall, No Business Montain, ID .",,,,,Low Level.,Central Idaho Amateur Radio Club (CIARC)  KC7MCC,,,,,,,0,,,,,,,,,,,,,,,,,,,,,,,,,,,,
146.96,-0.6,88.5,W7PX,"Superior, Thompson Peek",MT,OPEN,,86.7,NE,,146.96,146.36,88.5,,Mineral,On-Air,Hellgate Amateur Radio Club,5,,,,"I-90 = Fish Creek, MT to St. Regis, MT",,,,,,,,,,,,,,,,,,,,,,,,,,,,,,,,,,,,,,,,,,,,,
145.31,-0.6,88.5,KB7SIJ,"St. Maries, Idaho",ID,OPEN,,87.2,NNW,,145.31,144.71,88.5,,Idaho,On-Air,,,,,,,,,,,,,,,,,,,,,,,,,,,,,,,,,,,,,,,,,,,,,,,,,,,
146.72,-0.6,203.5,W7FTX,Hamilton,MT,OPEN,,87.3,ESE,,146.72,146.12,203.5,,Ravalli,On-Air,Bitterfoot ARC,5,https://www.facebook.com/W7FTX/info/?tab=page_info,MRCC,,,,,,,,,,,,,,,,,,,,,,,,,,,,,,,,,,,,,,,,,,,,,,,
146.68,-0.6,100,W1KGK,"Thompson Falls, Clarks Peak South of Thompaon Falls",MT,OPEN,,89.7,NNE,,146.68,146.08,100,,Sanders,On-Air,W1KGK,,,,,NW Montana,11,,,,,,,,,,,,,,,,,,,,,,,,,,,,,,,,,,,,,,,,,,,,
147.02,0.6,,K7HPT,"Saltese,  Lookout Pass",MT,OPEN,,91.5,N,,147.02,147.62,,,Mineral,On-Air,,Linked.,Kamiak Butte Amateur Repeater Association,,,,,,,,,,,,,,,,,,,,,,,,,,,,,,,,,,,,,,,,,,,,,,,,
444.2,5,CC2 131.8,WR7HLN,"Mullan-ID, Lookout Pass",MT,OPEN,,91.5,N,,444.2,449.2,131.8,131.8,Mineral,On-Air,Mac Radio Repeater Group,,http://www.wr7hln.org,MRCC,,From Spokane Washington to I90 to about 60 miles east of the Idaho/Montana Border,,,,Full-time to the  Mac Pass Repeater Group System .,,,,,DMR Info at our website at http://www.dmr-montana.net,Mac Pass Repeater Group System,,,,,,,2,BrandMeister,Mac Pass Repeater Group,"Open Talkgroup View 


 
   
    
     Assignment 
     TS 
     TG 
     Access 
   

  Worldwide English  1  91  Sched    North America  1  93  PTT    Simplex  1  99      TAC 310  1  310  PTT    TAC 311  1  311  PTT    DCI Bridge  1  3100  PTT    Echo Test  1  9990  PTT    Hytera USA Reflector  1  31089  PTT    MPRG 2  1  31302  PTT    BGV  1  31303  PTT    NW7RG-USA  1  31304  PTT    USA - Area 7 4647  1  31607  PTT    Local/Cluster  2  2  Full-Time    Montana  2  3130  Full-Time    MPRG  2  31301  Full-Time  
  
 
 
function myFunction(id) {
    var x = document.getElementById(id);
    if (x.className.indexOf(""w3-show"") == -1) {
        x.className += "" w3-show"";
    } else {
        x.className = x.className.replace("" w3-show"", """");
    }
}",1,1,1,1,1,1,1,1,1,1,1,1,2,2,2,,,,,,,,,,
147.02,0.6,,K7HPT,"Mullan, Lookout Pass",ID,OPEN,,91.6,N,,147.02,147.62,,,Shoshone,On-Air,"W7OE ,  Kamiak Butte Amateur Repeater Association",,,UVHFS,,,,,,,,,,,,,,,,,,,,,,,,,,,,,,,,,,,,,,,,,,,,,,,
444,5,127.3,N7SZY,"Kellogg,  Wardner Peak",ID,OPEN,,93.4,N,,444,449,127.3,,Shoshone,On-Air,,,,,,,,,,,,,,,,,,,,,,,,,,,,,,,,,,,,,,,,,,,,,,,,,,,
146.94,-0.6,127.3,N7SZY,"Kellogg,  Wardner Peak",ID,OPEN,,93.4,N,,146.94,146.34,127.3,,Shoshone,On-Air,SVARC,,,IACC,,,,,,,,,,,,,,,,,,,,,,,,,,,,,,,,,,,,,,,,,,,,,,,
146.66,-0.6,88.5,KE7WR,Stevensville,MT,OPEN,,93.4,E,,146.66,146.06,88.5,,Ravalli,On-Air,KE7WWR,,,MRCC,,,,,,,,,,,,,,,,,,,,,,,,,,,,,,,,,,,,,,,,,,,,,,,
927.75,-25,114.8,KD7HP,Stevensville,MT,OPEN,,93.4,E,,927.75,902.75,114.8,,Ravalli,,,,,,,,,Unknown,,,,,,,,,,,,,,,,,,,,,,,,,,,,,,,,,,,,,,,,,,,
147.02,0.6,100,KC7MCC,"Mccall, No Business Montain",ID,OPEN,,95.9,S,,147.02,147.62,100,100,Adams,On-Air,Central Idaho Amateur Radio Club (CIARC),"E-power, linked.",http://www.ciarc.org,UVHFS,,Wide area.,,,,"Full-time to  
        146.90000 (KC7MCC) at McCall, Brundage Mtn, ID .
 


Full-time to  
        444.12500 (N7IBC) at McCall, ID .
 


Full-time to  
        146.90000 (KC7MCC) at McCall, Brundage Mtn, ID .
 


Full-time to  
        146.96000 (W7CIA) at Cascade, ID .",,,,"Idaho ARES District 3 Net: Mon at 2030 Mountain Time. 
Club NET: Thu (Except 1st Thursday of month) 20:00 Mountain Time.",,,,,,,,,,,,,,,,,,,,,,,,,,,,,,,,,,,,,
224.76,-1.6,CSQ,KB7BTU,"Wallace, Goose Peak",ID,OPEN,,98.2,N,,224.76,223.16,CSQ,,Shoshone,On-Air,KB7BTU,6,,IACC,,Lookout Pass to 4th of July Pass and up the CDA River.,,,,,,,,,,,,,,,,,,,,,,,,,,,,,,,,,,,,,,,,,,,,,
147.18,0.6,,KB7BYR,"Wallace, Goose Peak",ID,OPEN,,98.2,N,,147.18,147.78,,,Shoshone,On-Air,KB7BYR,,,,,"Burke Canyon, Coeur d'Alene River, Thompson Pass",,,,,,,,,,,,,,,,,,,,,,,,,,,,,,,,,,,,,,,,,,,,,
447.5,-5,203.5,W7FTX,Stevensville,MT,OPEN,,98.7,E,,447.5,442.5,203.5,,Ravalli,,Bitterfoor A,4,http://www.members.tripod.com/w7ftx/Club%20RPTRS.htm,,,,,Unknown,,,,,,,,,,,,,,,,,,,,,,,,,,,,,,,,,,,,,,,,,,,
145.15,-0.6,110.9,W7NYW,"La Grande, Mount Fanny",OR,OPEN,,102.4,WSW,,145.15,144.55,110.9,,Union,On-Air,Eastern Oregon Amateur Radio Society,7,,,,,,,,"Full-time to  
        145.17000 (W7NYW) at Ontario, Malheir, OR .
 


Full-time to  
        145.27000 (W7NYW) at Baker City, Beaver Mountain, OR .",,,,,,Baker ARC,,,,,,,,,,,,,,,,,,,,,,,,,,,,,,,,,,,
147.26,0.6,103.5,K7RPT,"La Grande, Mount Fanny",OR,OPEN,,102.4,WSW,,147.26,147.86,103.5,,Union,On-Air,Amateur Radio Relay Group (ARRG),88,http://www.arrg.org/,ORRC,,I-84 west of La Grande and the Baker area.,,,,,,,,,,,,,,,,,,,,,,,,,,,,,,,,,,,,,,,,,,,,,
146.8,-0.6,123,WF7S,"Elgin, Spout Springs Ski Resort",OR,OPEN,,102.7,WSW,,146.8,146.2,123,123,Umatilla,On-Air,Spout Springs Repeater Association,E-power.,http://www.wf7s.net,ORRC,,"Wide area: Spokane to the North, Hood River to the West, Baker City to the Southwest, Joseph and Enterprise to the SE and high Idaho points to the East. Excellent coverage along I-84 except for down in the gorge in Morrow and Wasco counties (coverage ends WB I-84 at ~mp 147 and EB I-84 at mp 314). Coverage for Columbia Basin and Franklin County. No coverage from La Grande mp 261 through hills to the west.",Disable tone requirement by keying A0* (alpha zero asterisk) PL Tone is required again after 9 mins of repeater inactivity.,,,"Full-time to  
        146.62000 (WF7S) at Pasco, WA .",,Open ↑ / Open ↓,Yes; analog capable.,"Business Net: 1st and 3rd Sunday of each month at 19:30. 
Cracker Barrel Rag Chew Net: Weeknights at 20:00.",5,,,,,,,,,,,,,,,,,,,,,,,,,,,,,,,,,,,,
444.925,5,146.2,KF7GOR,"La Grande, Mount Harris",OR,OPEN,E,104.3,WSW,,444.925,449.925,146.2,146.2,Union,On-Air,,7,,,,Union County I-82 and I-84 and into Baker City Area.,For system info Press 0*.,,,147.5,,,,,Remote base required a PL of 146.2.,,72735,,,,,,,,,,,,,,,,,,,,,,,,,,,,,,,,,,
449.075,-5,123,W7GET,"Plains, Pats Knob",MT,OPEN,,104.6,NNE,,449.075,444.075,123,,Sanders,On-Air,,,,,,Wide Area,,,,,,,,,6915,,,,,,,,,,,,,,,,,,,,,,,,,,,,,,,,,,,,
147.14,0.6,103.5,K7KTR,Plains,MT,OPEN,E,104.6,NNE,,147.14,147.74,103.5,,Sanders,On-Air,K7KTR,80,,,,30,,,,"Full-time to  
        146.62000 (KA5LXG) at Bigfork, MT .
 


Full-time to  
        146.70000 (K7HR) at East Glacier, Mt Baldy, MT .",,,,,,,44014,,,,,,,,,,,,,,,,,,,,,,,,,,,,,,,,,,
147.36,0.6,103.5,KD8RMQ,"Plains, In Town",MT,OPEN,E,104.6,NNE,,147.36,147.96,103.5,103.5,Sanders,On-Air,KD8RMQ,EchoLink,http://www.qsl.net/kd8rmq/link,MRCC,,Plains - Paradise,#2 = Activate EchoLink (node)# = Connect to Node #. # = Disconnect from Node.,,,,,,,,Covers Plains and Paradise with a handheld. Covers from Thompson Falls to Perma on a mobile.,,757103,,,,,,,,,,,,,,,,,,,,,,,,,,,,,,,,,,
146.64,-0.6,100,W7GET,"Plains, Pats Knob",MT,OPEN,A,104.6,NNE,,146.64,146.04,100,,Sanders,On-Air,,,,MRCC,,Wide area: From Thompson Falls to St. Regis,,,,,,,,,6,,,,,,,,,,,,,,,,,,,,,,,,,,,41474,,,,,,,,,
443.125,5,,WA7DRE,"Spokane, Sacred Heart Hospital",WA,OPEN,,104.9,NW,,443.125,448.125,,,Spokane,On-Air,WA7DRE,,http://www.wa7dre.org,,,"Spokane, Spokane Valley, Post Falls ID, CDA ID",,,,,,,,,,Washington Digital Radio Enthusiasts,,,,WA7DRE (B) Gateway Repeater,"jfindu lookup 
    /   dstar-users lookup",,,,,,,,,,,,,,,,,,,,,,,,,,,,,,
147.12,0.6,,W1KGK,"Missoula, Point 6",MT,OPEN,,105.4,E,,147.12,147.72,,,Missoula,On-Air,,,,,,Northwest and Western Montana,,,,,,,,,,,,,,,,,,,,,,,,,,,,,,,,,,,,,,,,,,,,,
147.28,0.6,103.5,KD7DDQ,"Milton-Freewater, Pikes Peak",OR,OPEN,,105.6,W,,147.28,147.88,103.5,,Umatilla,On-Air,,3,,,,,,,,,,,,,PL not required.,,,,,,,,,,,,,,,,,,,,,,,,,,,,,,,,,,,,
443.525,5,,WA7DRE,Spokane,WA,OPEN,W,105.7,NW,,443.525,448.525,,,Spokane,On-Air,WA7DRE,,http://www.wa7dre.org,,,"Spokane, Spokane Valley, Post Falls ID, CDA ID",,,,,,Open ↑ / Open ↓,Yes; analog capable.,,,Washington Digital Radio Enthusiasts,,,,,,,,,,,,,,,,,,,,,,,,,,,11375,,,,,,,,
146.8,-0.6,88.5,W7PX,"Missoula, Blanchard Mountain",MT,OPEN,,106.9,E,,146.8,146.2,88.5,,Missoula,On-Air,Hellgate Amateur Radio Club,5,,,,,,,,,,,,,5,,,,,,,,,,,,,,,,,,,,,,,,,,,,,,,,,,,,
147.04,0.6,,W7PX,"Missoula, Point Six",MT,OPEN,,106.9,E,,147.04,147.64,,,Missoula,,Hellgate Amateur Radio Club,7,,,,Wide area.,,Unknown,,,,,,HARC: Wed at 21:00,10,,,,,,,,,,,,,,,,,,,,,,,,,,,,,,,,,,,,
52.85,-1,,K7UXO,Missoula,MT,OPEN,,106.9,E,,52.85,51.85,,,Missoula,,K7UXO,,,,,,,Unknown,,,,,,,,,,,,,,,,,,,,,,,,,,,,,,,,,,,,,,,,,,,
146.9,-0.6,88.5,W7PX,"Missoula,  Point Six",MT,OPEN,,106.9,E,,146.9,146.3,88.5,,Missoula,,Hellgate Amateur Radio Club,7,,,,Wide area.,,Unknown,,,,,,,10,,,,,,,,,,,,,,,,,,,,,,,,,,,,,,,,,,,,
444.8,5,88.5,W7PX,"Missoula,  Point Six",MT,OPEN,,106.9,E,,444.8,449.8,88.5,,Missoula,,Hellgate Amateur Radio Club,7,,,,,,Unknown,,,,,,,10,,,,,,,,,,,,,,,,,,,,,,,,,,,,,,,,,,,,
147,0.6,,NZ7S,"Missoula,  University Mountain",MT,OPEN,,108.8,E,,147,147.6,,,Missoula,On-Air,NZ7S,Closed autopatch.,,,,,,,,,,,,,,,,,,,,,,,,,,,,,,,,,,,,,,,,,,,,,,,,,
448.9,-5,CC1 131.8,WR7HLN,"Missoula, University Mountain",MT,OPEN,E,108.8,E,,448.9,443.9,131.8,131.8,Missoula,On-Air,Mac Pass Repeater Group,"E-power (batt). 5,366 Feet ASL",http://www.wr7hln.org,MRCC,,"Missoula, Stevensville, Hamilton, Polson, Drummond, Superior, and I90",,,,Full-time to the  Mac Pass Repeater Group System .,,,Yes; analog capable.,,DMR Info on our Website at: http://www.dmr-montana.net,,448900,,,,,,1,BrandMeister,Mac Pass Repeater Group,"Open Talkgroup View 


 
   
    
     Assignment 
     TS 
     TG 
     Access 
   

  Worldwide English  1  91  Sched    North America  1  93  PTT    Simplex  1  99      TAC 310  1  310  PTT    TAC 311  1  311  PTT    DCI Bridge  1  3100  PTT    Echo Test  1  9990  PTT    Hytera USA Reflector  1  31089  PTT    MPRG 2  1  31302  PTT    NW7RG-USA  1  31304  PTT    USA - Area 7 4647  1  31607  PTT    Local/Cluster  2  2  Full-Time    Montana  2  3130  Full-Time    MPRG  2  31301  Full-Time  
  
 
 
function myFunction(id) {
    var x = document.getElementById(id);
    if (x.className.indexOf(""w3-show"") == -1) {
        x.className += "" w3-show"";
    } else {
        x.className = x.className.replace("" w3-show"", """");
    }
}",1,1,1,1,1,1,1,1,1,,1,1,2,2,2,,,,,,,,,,
146.92,-0.6,100,WR7HLN,"Missoula, University Mountain",MT,OPEN,,108.8,E,,146.92,146.32,100,100,Missoula,On-Air,Mac Pass Repeater Group,,http://www.macpassradio.com/mprg/toston/,,,"I90, Missoula, Hamilton, Stevensville, Polson, Drummond, Superior",,,,Full-time to the  Mac Pass Repeater Group System .,,,,,,,,,,,,,,,,,,,,,,,,,,,,,,,,,,,,,,,,,
53.29,-1.7,100,WA7UOJ,"Spokane, Mica Peak",WA,OPEN,,111.6,NNW,,53.29,51.59,100,103.5,Spokane,On-Air,,Autopatch.,,IACC,,Wide area.,,,DN17ln,,,,,,,,,,,,,,,,,,,,,,,,,,,,,,,,,,,,,,,,,,
147.24,0.6,127.3,WA7HWD,"Spokane, Mica Peak",WA,OPEN,,111.6,NNW,,147.24,147.84,127.3,127.3,Spokane,On-Air,,"Linked, e-power.",,IACC,,"Spokane, WA.",,,,,,,,Membership Net: Wed 2000.,,Northwest Tri-State ARO,,,,,,,,,,,,,,,,,,,,,,,,,,,,,,,,,,,
145.11,-0.6,118.8,WA7UOJ,"Spokane, Mica Peak",WA,OPEN,,111.6,NNW,,145.11,144.51,118.8,118.8,Spokane,On-Air,,,,IACC,,,,,,,,,,,,,,,,,,,,,,,,,,,,,,,,,,,,,,,,,,,,,,,
444.35,5,192.8,N1NG,"Spokane, South Hill",WA,OPEN,,111.6,NNW,,444.35,449.35,192.8,,Spokane,On-Air,Kamiak Butte Amatuer Repeater Assoc (KBARA),,,UVHFS,,,,,DN17ln,,,,,,,,,,,,,,,,,,,,,,,,,,,,,,,,,,,,,,,,,,
147.38,0.6,100,W7OE,"Spokane, Mica Peak",WA,OPEN,I,111.6,NNW,,147.38,147.98,100,,Spokane,On-Air,W7OE,,,IACC,,Wide area. 30 mi radius.,,,DN17ln,,,,,NW Regional/International Net: Weekdays 0700.  Weather Nets: Weekdays 0545 &amp; 1645.  Wednesday Evening Net: Wed at 1900.  Whitman/Latah County ARES Net: Thur at 1830.  KBARA Tech-Net: Thur at 1930.  Stanley Steamer Net: Sat at 0700.  Road Runners Net: Sun at 0700.  Spokane Region Storehouse ERC Net: Sun at 1930.,,Kamiak Butte Amateur Repeater Assoc,,3957,,,,,,,,,,,,,,,,,,,,,,,,,,,,,,,,,
145.15,-0.6,114.8,WA7RVV,"Spokane, Mica Peak",WA,OPEN,E,111.6,NNW,,145.15,144.55,114.8,114.8,Spokane,On-Air,WA7RVV,,,IACC,,Wide area.,,,DN17ln,,,,,,,,254771,,,,,,,,,,,,,,,,,,,,,,,,,,,,,,,,,,
443.975,5,136.5,K7ID,"Coeur d'Alene, Canfield Mountain",ID,OPEN,E,112.3,NNW,,443.975,448.975,136.5,,Kootenai,On-Air,,,,IACC,,Metro CDA area and I-90.,,,,"Full-time to  
        146.98000 (K7ID) at Post Falls, Mica Peak, ID .",,,,,,,426264,,,,,,,,,,,,,,,,,,,,,,,,,,,,,,,,,,
443.3,5,110.9,K7ZZL,Cascade,ID,OPEN,,112.6,S,,443.3,448.3,110.9,,Valley,On-Air,Deer Point ARC,Remote base.,,UVHFS,,,Link: 694.,,,,,,,,,,,,,,,,,,,,,,,,,,,,,,,,,,,,,,,,,,,,
927.1625,-25,151.4,NB7C,Cascade,ID,OPEN,A,112.6,S,,927.1625,902.1625,151.4,151.4,Valley,On-Air,NB7C,Connected to 927_Tech,,W7ZRQ,,Valley County,,,,,,,,,,WI7ATV,,,,,,,,,,,,,,,,,,,,,,,,,,29826,,,,,,,,,
147.08,0.6,100,KC7ODP,"Post Falls, Mica Peak",ID,OPEN,,112.7,NNW,,147.08,147.68,100,,Kootenai,On-Air,,,,IACC,,,,,,,,,,NW Traffic Net: Wed at 18:30.,,,,,,,,,,,,,,,,,,,,,,,,,,,,,,,,,,,,,
146.98,-0.6,127.3,K7ID,"Post Falls, Mica Peak",ID,OPEN,,112.7,NNW,,146.98,146.38,127.3,,Kootenai,On-Air,Kootenai Amateur Radio Society,,Kootenai Amateur Radio Society,IACC,,,,,,"Full-time to  
        443.97500 (K7ID) at Coeur d'Alene, Canfield Mountain, ID .",,,,KARS NorthWest Traffic Net: Daily 18:30,,,,,,,,,,,,,,,,,,,,,,,,,,,,,,,,,,,,,
444.55,5,,K7KTR,Dixon,MT,OPEN,,113,NE,,444.55,449.55,,,Sanders,,WB7WBJ,,,,,,,Unknown,,,,,,,,,,,,,,,,,,,,,,,,,,,,,,,,,,,,,,,,,,,
444.25,5,,KL7NA,Walla Walla,WA,OPEN,,113.4,W,,444.25,449.25,,,Walla Walla,,,,,,,,,Unknown,,,,,,,,,,,,,,,,,,,,,,,,,,,,,,,,,,,,,,,,,,,
443.45,5,123,AL1Q,"Walla Walla, Hertzer Peak",WA,OPEN,,113.4,W,,443.45,448.45,123,123,Walla Walla,On-Air,AL1Q,"Crossband link with 146.96, AL1Q",,,,"Eastern Washington, effective north up to I-90, west to Toppenish. Oregon coverage limited to high terrain along the Blue Mountains. No significant coverage in Idaho.",,,,,,,,,,Lewis Peak Amateur Repeater Association,,,,,,,,,,,,,,,,,,,,,,,,,,,,,,,,,,,
147.28,0.6,103.5,KD7DDQ,"Walla Walla, Pikes Peak",WA,OPEN,,113.4,W,,147.28,147.88,103.5,,Walla Walla,On-Air,Kamiak Butte Amateur Repeater Assoc (KBARA),3,,,,,,,,,,,,,,,,,,,,,,,,,,,,,,,,,,,,,,,,,,,,,,,,,
146.96,-0.6,74.4,AL1Q,"Walla Walla, Hertzer Peak",WA,OPEN,,113.4,W,,146.96,146.36,74.4,74.4,Walla Walla,On-Air,AL1Q,,,,,"Eastern Washington: Walla Walla, Benton, and Franklin counties. Intermittent contact along I-90, Moses Lake to Spokane, and high points south of I-90 to Snake River, including along SH26. Eastern Oregon: Limited to parts of Umatilla County, Pendleton and points north.",882,,,"Full-time to  
        145.41000 (N7LZM) at Kennewick, Jump Off Joe, WA .
 


Full-time to  
        442.47500 (KD7LZN) at Naches, Whites Pass, WA .",,,,Walla Walla ARES: Thu at 19:00.,,Lewis Peak Amateur Repeater Association,,,,,,,,,,,,,,,,,,,,,,,,,,,,,,,,,,,
147.14,0.6,94.8,KH6IHB,Walla Walla,WA,OPEN,,113.4,W,,147.14,147.74,94.8,,Walla Walla,On-Air,KH6IHB,E-power.,,,,,,,,,,,,,,,,,,,,,,,,,,,,,,,,,,,,,,,,,,,,,,,,,
53.39,-1.7,100,KB6UMY,"Coeur d'Alene, Mica Peak/RX   Blossom/TX",ID,OPEN,EI,114.3,NNW,,53.39,51.69,100,100,Kootenai,On-Air,Brandon Vetter,Linked to 147.280+ and 442.975+ All PL 100.0,,IACC,,Kootenai County,,,,,,,,,,KARS,465683,3773,,,,,,,,,,,,,,,,,,,,,,,,,,,,,,,,,
147.28,0.6,100,KB6UMY,"Post Falls, Blossom Peak",ID,OPEN,EI,114.4,NNW,,147.28,147.88,100,100,Kootenai,On-Air,Brandon Vetter,Linked to 442.975+ 53.39-1.7 PL 100.0 Hz,,IACC,,"Coeur d'Alene, Post Falls, Spokane",,,,,,,,,,,465683,3773,,,,,,,,,,,,,,,,,,,,,,,,,,,,,,,,,
442.975,5,100,KB6UMY,"Post Falls, Blossom Peak",ID,OPEN,EI,114.4,NNW,,442.975,447.975,100,100,Kootenai,On-Air,Brandon Vetter,Linked to 147.280+ 53.39-1.7 PL 100.0 Hz,http://www.blossompeak.org,IACC,,"Post Falls, Spokane and Coeur d'alene area",,,,,,,,,,,465683,3773,,,,,,,,,,,,,,,,,,,,,,,,,,,,,,,,,
444.475,5,CC1,N7MOT,"Coeur d'Alene, Blossom Mtn",ID,OPEN,,114.5,NNW,,444.475,449.475,,,Kootenai,On-Air,N7MOT - Lenny Gemar,Internet linked to PNW c-Bridge and Brandmeister,http://www.qrz.com/db/N7MOT,,,Kootenai County and East Spokane County,,,,,,,,,Available TGs are listed at http://www.qrz.com/db/N7MOT,PNW c-Bridge http://www.trbo.org/pnw/,,,,,,,1,,,,,,,,,,,,,,,,,,,,,,,,,,,,
146.96,-0.6,CC1,W7CIA,Cascade,ID,OPEN,EI,115.4,S,,146.96,146.36,,,Valley,On-Air,,2,http://www.ciarc.org/repeaters/w7cia.shtml,UVHFS,,Two miles south of Smiths Ferry on Hwy 55 to McCall.,,,,"Full-time to  
        147.02000 (KC7MCC) at Mccall, No Business Montain, ID .",,,,,Low level. EchoLink/ IRLP by Control Operator only.,Central Idaho Amateur Radio Club,696264,3210,,,,,1,,,,,,,,,,,,,,,,,,,,,,,,,,,,
444.65,5,CSQ,N7DWC,"Weston, Waldo Mountain",OR,OPEN,,115.6,W,,444.65,449.65,CSQ,,Umatilla,Off-Air,N7DWC,E-power (solar),,ORRC,,"Pendleton, Hermiston Oregon and Walla Walla, Tri-Cities Washington",,,,,,,,,,,,,,,,,,,,,,,,,,,,,,,,,,,,,,,,,,,,,
444.425,5,100,N7FM,Spokane Valley,WA,OPEN,I,116.2,NNW,,444.425,449.425,100,100,Spokane,On-Air,N7FM,,http://www.n7fm.com,IACC,,Spokane,,,DN17jo,,,,,,,,,3507,,,,,,,,,,,,,,,,,,,,,,,,,,,,,,,,,
145.33,-0.6,100,N7FM,Spokane Valley,WA,OPEN,A,116.2,NNW,,145.33,144.73,100,100,Spokane,On-Air,WA6HSL,,,IACC,,,,,DN17jo,"Full-time to  
        224.40000 (K7MMA) at Spokane, Icy Hill, WA .",,,,,,,,,,,,,,,,,,,,,,,,,,,,,,,,28162,,,,,,,,,
146.66,-0.6,,N7FM,Spokane Valley,WA,OPEN,IA,116.2,NNW,,146.66,146.06,,100,Spokane,On-Air,N7FM,,,IACC,,Spokane,,,DN17jo,,,,,,,,,3502,,,,,,,,,,,,,,,,,,,,,,,,41473,,,,,,,,,
145.17,-0.6,114.8,K7MMA,"Spokane Valley, Liberty Lake",WA,OPEN,E,116.3,NNW,,145.17,144.57,114.8,114.8,Spokane,On-Air,KC7GKY/K7MMA,,,IACC,,"Spokane and Spokane Valley to Post Falls, ID Area",,,,,,,,,All licensed amateurs are welcome to use.,,591675,,,,,,,,,,,,,,,,,,,,,,,,,,,,,,,,,,
443.65,5,,W7TRF,Liberty Lake,WA,CLOSED,,116.4,NNW,,443.65,448.65,,,Spokane,,ASARC,Linked.,,,,,,Unknown,,,,,,,,,,,,,,,,,,,,,,,,,,,,,,,,,,,,,,,,,,,
146.88,-0.6,123,WR7VHF,"Spokane, Krell Hill",WA,OPEN,,117,NNW,,146.88,146.28,123,107.2,Spokane,On-Air,Inland Empire VHF Radio Amateurs,Autopatch.,,IACC,,,Autopatch:  * + number- On / #- Off,,DN17in,,,,,Membership Net: Wed at 1930.,,,,,,,,,,,,,,,,,,,,,,,,,,,,,,,,,,,,,
927.25,-25,114.8,W7RGW,"Spokane, Krell Hill",WA,OPEN,,117.2,NNW,,927.25,902.25,114.8,114.8,Spokane,On-Air,,,,IACC,,,,,DN17IN,,,,,,,,,,,,,,,,,,,,,,,,,,,,,,,,,,,,,,,,,,
145.39,-0.6,100,W7UPS,"Spokane, Krell Hill",WA,OPEN,E,117.2,NNW,,145.39,144.79,100,100,Spokane,On-Air,,E-power.,http://w7ups.com,IACC,,Wide area.,,,,,,,,,Wide area coverage on PL 100.0. Local area coverage for Echolink preferred on 127.3.,,130935,,,,,,,,,,,,,,,,,,,,,,,,,,,,,,,,,,
444.5,5,136.5,K7EMF,"Spokane, Krell Mtn",WA,OPEN,,117.2,NNW,,444.5,449.5,,,Spokane,On-Air,,,,,,Wide Area Centered On Spokane,,,,,,Open ↑ / Open ↓,,,,,,,,,,,,,,,,,,,,,,,,,,,,,,,,,,,,,,,
146.98,-0.6,100,W7GRA,"La Grande, Grande Ronde Hospital",OR,OPEN,W,117.4,WSW,,146.98,146.38,100,100,Union,On-Air,,e-power,http://w7gra.org/,ORRC,,Grande Ronde Valley,,,,,,Open ↑ / Open ↓,Yes; analog capable.,Sunday Night Net at 19:00,**NEWS***10/20/17 W7GRA is now a DR-2X repeater. C4FM use on this repeater may require you to update your radio's firmware. Please check with Yaesu to see if it is required for full System Fusion 2 compatibility. All System Fusion radios are upgrade-able.,Grande Ronde Radio Amateurs,,,,,,,,,,,,,,,,,,,,,,,,,,,30274,,,,,,,,
146.98,-0.6,100,AA7WG,"Salmon, Baldy Summit",ID,OPEN,,117.6,SE,,146.98,146.38,100,,Lemhi,On-Air,Lemhi Amateur Radio Club,9,,,,,,,,,,,,,,,,,,,,,,,,,,,,,,,,,,,,,,,,,,,,,,,,,
443.475,5,88.5,W7TRF,"Liberty Lake, Agilent Bldg",WA,OPEN,E,117.9,NNW,,443.475,448.475,88.5,,Spokane,On-Air,Spokane Ham Radio Club,"Closed autopatch, E-power",,,,,"EchoLink : 
Connect- [node #] / Disconnect- #. 
Status- 08 / Play Info- D.",,DN17kq,,,,,Spokane Ham Radio Club Thu at 20:30.,,,282039,,,,,,,,,,,,,,,,,,,,,,,,,,,,,,,,,,
444.45,5,91.5,N7MOT,Post Falls,ID,OPEN,EI,118,NNW,,444.45,449.45,91.5,91.5,Kootenai,On-Air,,"Linked to 442.975 Blossom Mtn
KB6UMY",,IACC,,Kootenai County Prairie 20 mi radius.,,,,,,,,,,,465683,3773,,,,,,,,,,,,,,,,,,,,,,,,,,,,,,,,,
145.37,-0.6,141.3,KA7ENA,"Spokane, Tower Mountain",WA,OPEN,,118,NNW,,145.37,144.77,141.3,141.3,Spokane,On-Air,KA7ENA,,,IACC,,,,,DN17IO,,,,,,,,,,,,,,,,,,,,,,,,,,,,,,,,,,,,,,,,,,
444.125,5,100,KC7AAD,"Spokane, Krell",WA,OPEN,,118,NNW,,444.125,449.125,100,100,Spokane,On-Air,KC7AAD,,,IACC,,Wide Area,,,DN17IO,,,,,,,,,,,,,,,,,,,,,,,,,,,,,,,,,,,,,,,,,,
443.275,5,,K7ID,"Post Falls, Idaho Mica Peak",ID,OPEN,,118,NNW,,443.275,448.275,,136.5,Kootenai,On-Air,Kootenai Amateur Radio Society K7ID,AMS - System Fusion,http://www.K7ID.org,,,Kootenai County and Spokane County,,,,,,Open ↑ / Open ↓,Yes; analog capable.,,,,,,,,,,,,,,,,,,,,,,,,,,,,,,,,,,,,,,
442.425,5,100,K7HRT,Greenacres,WA,OPEN,,119.2,NNW,,442.425,447.425,100,,Spokane,On-Air,N7XKP,,,,,,,,,,,,,,,,,,,,,,,,,,,,,,,,,,,,,,,,,,,,,,,,,,
146.62,-0.6,100,W7VOI,"Cascade, Snowbank Mountain",ID,OPEN,,119.6,S,,146.62,146.02,100,,Valley,On-Air,Voice of Idaho Amateur Radio Club (VOI),,,W7ZRQ,,,,,,,,,,,,,,,,,,,,,,,,,,,,,,,,,,,,,,,,,,,,,,,
147.1,0.6,100,KG7SD,"Spokane, Paradise Rim",WA,OPEN,,119.9,NW,,147.1,147.7,100,100,Spokane,On-Air,,,,IACC,,,,,,,,,,,,,,,,,,,,,,,,,,,,,,,,,,,,,,,,,,,,,,,
442.925,5,100,NV2Z,Otis Orchards,WA,OPEN,W,120,NNW,,442.925,447.925,100,100,Spokane,On-Air,NV2Z,E-power,,,,,,,,,,Open ↑ / Open ↓,Yes; analog capable.,,Digital WIRES-X node,,,,,,,,,,,,,,,,,,,,,,,,,,,,11634,,,,,,,,
444.9,5,,K7LW,Athena,OR,OPEN,,120.2,WSW,,444.9,449.9,,,Umatilla,On-Air,Cookie Radio Club,,,,,"Low level, less than 100 miles",,,DN05ul,,,,,,,,,,,K7LW (B) Repeater,"jfindu lookup 
    /   dstar-users lookup",,,,,,,,,,,,,,,,,,,,,,,,,,,,,,
145.43,-0.6,,KD7YAC,St Ignatius,MT,OPEN,,120.7,NE,,145.43,144.83,,,Lake,,KD7YAC,,,,,,,Unknown,,,,,,,,,,,,,,,,,,,,,,,,,,,,,,,,,,,,,,,,,,,
442.225,5.1,100,AA7WG,"Salmon, Baldy Mountain",ID,OPEN,,120.8,SE,,442.225,447.275,100,100,Lemhi,On-Air,LDS ERC,Remote Base linked to 146.88 Rexburg Menan Butte Repeater,,,,,,,,,,,,,9,,,,,,,,,,,,,,,,,,,,,,,,,,,,,,,,,,,,
147.03,0.6,100,AA7WG,"Salmon, Old Dump Hill above Salmon",ID,OPEN,EI,120.8,SE,,147.03,147.63,100,100,Lemhi,On-Air,LDS ERC,,,,,"Low level, covers most of Lemhi County",,,,,,,,,,,439297,3601,,,,,,,,,,,,,,,,,,,,,,,,,,,,,,,,,
442.1,5,100,AA7WG,"Salmon, Baldy Mountain",ID,,,120.8,SE,,442.1,447.1,100,100,Lemhi,On-Air,,Linked to 146.98 Salmon and 146.78 Challis,,,,,,,,,,,,,,Lemhi Amateur Radio Club,,,,,,,,,,,,,,,,,,,,,,,,,,,,,,,,,,,
147.14,0.6,127.3,AD7DD,Otis Orchards,WA,OPEN,I,121.2,NNW,,147.14,147.74,127.3,,Spokane,On-Air,,WX,,IACC,,Spokane &amp; Couer d' Alene. 30 mi radius.,,,DN17kr,,,,,LDS Stake Net: Sun 1900.,,,,7205,,,,,,,,,,,,,,,,,,,,,,,,,,,,,,,,,
147.16,0.6,136.5,K7EKM,"Spokane, South Hill",WA,OPEN,,122.4,NNW,,147.16,147.76,136.5,136.5,Spokane,On-Air,Spokane DX Association,,,IACC,,Spokane 6 mi radius.,,,DN17HP,,,,,,,,,,,,,,,,,,,,,,,,,,,,,,,,,,,,,,,,,,
147.04,0.6,131.8,K7LW,"Athena, Weston Mountain",OR,OPEN,W,122.8,W,,147.04,147.64,,,Umatilla,On-Air,Cookie Radio Club,E-power,,,,"Low Level, less than 100 miles",,,,,,Open ↑ / Open ↓,,,,,,,,,,,,,,,,,,,,,,,,,,,,,,,40289,,,,,,,,
444.9,5,123,WR7VHF,"Spokane Valley, Riblets",WA,OPEN,,123,NNW,,444.9,449.9,123,,Spokane,On-Air,Inland Empire VHF Radio Amateurs,,,IACC,,,,,DN17iq,,,,,,,,,,,,,,,,,,,,,,,,,,,,,,,,,,,,,,,,,,
444.25,5,110.9,KC7TIG,Rathdrum,ID,OPEN,I,123.1,NNW,,444.25,449.25,110.9,,Kootenai,On-Air,,,,IACC,,,,,,,,,,,,,,8350,,,,,,,,,,,,,,,,,,,,,,,,,,,,,,,,,
147.22,0.6,136.5,N7ESU,Rathdrum,ID,OPEN,,123.1,NNW,,147.22,147.82,136.5,,Kootenai,On-Air,,45,,IACC,,,,,,,,,,,,,,,,,,,,,,,,,,,,,,,,,,,,,,,,,,,,,,,
443.925,5,100,K7MMA,"Spokane, Icy Hill",WA,OPEN,I,124.1,NW,,443.925,448.925,100,100,Spokane,On-Air,"K7MMA &amp; K7TMF, Michael West &amp; Chuck Hill",,http://www.qrz.com/db/K7MMA,IACC,,Spokane and West Spokane. 50 mi radius.,0,,,,,,,East Coast Tech &amp; Swap: Tue at 17:00.,Linked into the Seattle Reflector 9198,,,7879,,,,,,,,,,,,,,,,,,,,,,,,,,,,,,,,,
145.29,-0.6,77,K7MMA,"Spokane, Spokane International Airport",WA,OPEN,W,124.1,NW,,145.29,144.69,77,77,Spokane,On-Air,K7MMA,,http://www.qrz.com/db/K7MMA,,,Spokane Area,,,,,,Open ↑ / Open ↓,Yes; analog capable.,,,,,,,,,,,,,,,,,,,,,,,,,,,,,,18091,,,,,,,,
444.9,5,123,WR7VHF,Spokane Valley,WA,OPEN,,124.2,NNW,,444.9,449.9,123,,Spokane,On-Air,Inland Empire VHF Radio Amateurs,,,IACC,,,,,,,,,,,,,,,,,,,,,,,,,,,,,,,,,,,,,,,,,,,,,,,
441.5,0,,W4LKS,Cheney,WA,OPEN,,124.2,NW,,441.5,441.5,,,Spokane,On-Air,,Full D-STAR Linking,http://www.wa7dre.org,IACC,,"Four Lakes, Airway Heights, Medical Lake, Cheney",,,,,,,,,,,,,,W4LKS (B) Repeater,"jfindu lookup 
    /   dstar-users lookup",,,,,,,,,,,,,,,,,,,,,,,,,,,,,,
224.94,-1.6,107.2,AK2O,Spokane,WA,OPEN,,125,NNW,,224.94,223.34,107.2,,Spokane,On-Air,Spokane Repeater Group,,,,,Local,,,,,,,,,,,,,,,,,,,,,,,,,,,,,,,,,,,,,,,,,,,,,
444.7,5,,AK2O,"Spokane, Brownes Mountain",WA,OPEN,,125,NNW,,444.7,449.7,,,Spokane,Off-Air,AK2O,,,IACC,,Metro Spokane,,,,,,,,,Repeater is down pending repairs.,Spokane Repeater Group,,,,,,,,,,,,,,,,,,,,,,,,,,,,,,,,,,,
147.32,0.6,,AK2O,Spokane,WA,OPEN,,125,NNW,,147.32,147.92,,,Spokane,On-Air,AK2O,,http://www.srgclub.org,IACC,,,,,,,,,,,,Spokane Repeater Group,,,,,,,,,,,,,,,,,,,,,,,,,,,,,,,,,,,
147.3,0.6,100,W7GBU,"Spokane, Brownes Mountain",WA,OPEN,,125,NNW,,147.3,147.9,100,,Spokane,On-Air,Spokane County ARES RACES Support Group,E-power,http://www.spokares.org,IACC,,Wide area.,,,,,,,,730,,,,,,,,,,,,,,,,,,,,,,,,,,,,,,,,,,,,,
443.85,5,114.8,KD7IKZ,Spokane,WA,OPEN,E,125,NNW,,443.85,448.85,114.8,114.8,Spokane,Off-Air,,,http://kd7ikz.myftp.org,IACC,,Spokane and Post Falls.,,,,,,,,,Located downtown.,,216767,,,,,,,,,,,,,,,,,,,,,,,,,,,,,,,,,,
145.21,-0.6,100,W7TRF,"Spokane, South Valley",WA,OPEN,,125,NNW,,145.21,144.61,100,,Spokane,On-Air,Spokane Ham Radio Club,"Closed autopatch, linked, e-power.  Four receivers located at:  Agilent Technologies in Liberty Lake Green Ridge above Liberty Lake Beacon Hill South ridge above the Spokane Valley",,IACC,,,,,,,,,,,,Agilent Technologies,,,,,,,,,,,,,,,,,,,,,,,,,,,,,,,,,,,
147.2,0.6,,K7SRG,Spokane,WA,OPEN,,125,NNW,,147.2,147.8,,,Spokane,On-Air,Spokane Repeater Group,,,IACC,,Wide area: Eastern Washington and Northern Idaho.,,,,,,,,,This repeater is part of a sophisticated large coverage area network. Please visit the web-site to learn more about the repeater system and how to join. Membership is not required to gain PL tones.,,,,,,,,,,,,,,,,,,,,,,,,,,,,,,,,,,,,
1293.3,20,,WA7DRE,Spokane,WA,OPEN,,125,NNW,,1293.3,1313.3,,,Spokane,On-Air,Washington Digital Radio Enthusiasts,,,,,,,,,,,,,,,,,,,WA7DRE (A) Gateway Repeater,"jfindu lookup 
    /   dstar-users lookup",,,,,,,,,,,,,,,,,,,,,,,,,,,,,,
223.94,-1.6,,AK2O,Spokane,WA,OPEN,,125,NNW,,223.94,222.34,,,Spokane,,,,,,,,,Unknown,,,,,,,,,,,,,,,,,,,,,,,,,,,,,,,,,,,,,,,,,,,
444.05,5,,,"Spokane, Paradise Rim",WA,OPEN,,125,NNW,,444.05,449.05,,,Spokane,On-Air,,,,,,,,,,,,Open ↑ / Open ↓,,,,,,,,,,,,,,,,,,,,,,,,,,,,,,,,,,,,,,,
146.66,-0.6,,,Spokane,WA,OPEN,I,125,NNW,,146.66,146.06,,,Spokane,On-Air,N7FM,,,,,25,,,,,,,,IRLP connects to Reflector 9005 from 8:30 AM to 9:00 AM,,,,3502,,,,,,,,,,,,,,,,,,,,,,,,,,,,,,,,,
442.6,5,100,N7FM,Spokane,WA,OPEN,,125,NNW,,442.6,447.6,100,100,Spokane,On-Air,N7FM,,,,,,,,,,,Open ↑ / Open ↓,Yes; analog capable.,,,,,,,,,,,,,,,,,,,,,,,,,,,,,,,,,,,,,,
224.98,-1.6,107.2,N7BFS,Spokane,WA,OPEN,I,125,NNW,,224.98,223.38,107.2,,Spokane,On-Air,N7BFS,,,,,Local,,,,,,,,,Contact me for the IRLP pre-access code that it uses.,,,3250,,,,,,,,,,,,,,,,,,,,,,,,,,,,,,,,,
147.34,0.6,123,WR7VHF,Spokane,WA,OPEN,,125,NNW,,147.34,147.94,123,,Spokane,On-Air,Inland Empire VHF Radio Amateurs,E-power.,,IACC,,,,,,,,,,,Located on the State Farm Bank building downtown.,,,,,,,,,,,,,,,,,,,,,,,,,,,,,,,,,,,,
224.4,-1.6,114.8,K7MMA,"Spokane, Icy Hill",WA,OPEN,,126.4,NNW,,224.4,222.8,114.8,,Spokane,On-Air,WA6HSL,,,IACC,,Spokane and Surrounding Areas,,,,"Full-time to  
        145.33000 (N7FM) at Spokane Valley, WA .",,,,,5100,,,,,,,,,,,,,,,,,,,,,,,,,,,,,,,,,,,,
145.33,-0.6,103.5,K7RPT,"Pendleton, Deadman Pass",OR,OPEN,,127.2,WSW,,145.33,144.73,103.5,,Umatilla,On-Air,Amateur Radio Relay Group (ARRG),E-power.,http://www.arrg.org,ORRC,,Covers Pendleton to LaGrande.,,,,,,,,,108,,,,,,,,,,,,,,,,,,,,,,,,,,,,,,,,,,,,
443.6,5,100,WA7RVV,Medical Lake,WA,OPEN,EI,127.3,NW,,443.6,448.6,100,,Spokane,On-Air,,,,,,"Medical lake, Airway Heights, Fairchild AFB",,,,,,,,,,,254771,3755,,,,,,,,,,,,,,,,,,,,,,,,,,,,,,,,,
443.8,5,123,KA7ENA,"Spokane, Booth Hill",WA,OPEN,,127.7,NW,,443.8,448.825,123,,Spokane,On-Air,KA7ENA,,,,,,,,,,,,,,Tower Mtn?,,,,,,,,,,,,,,,,,,,,,,,,,,,,,,,,,,,,
145.33,-0.6,100,KD7OCP,"Noxon, Green Mountain",MT,OPEN,,128.2,N,,145.33,144.73,100,,Sanders,On-Air,KD7OCP,,,,,,,,,,,,,,,,,,,,,,,,,,,,,,,,,,,,,,,,,,,,,,,,,,
147.12,0.6,103.5,W1KGK,"Missoula, Point Six",MT,OPEN,,128.5,E,,147.12,147.72,103.5,,Missoula,On-Air,,,,,,Western Montana from Idaho to Central Montana,,,,,,,,,,,,,,,,,,,,,,,,,,,,,,,,,,,,,,,,,,,,,
147.06,0.6,77,N7BFS,"Spokane, Five Mile",WA,OPEN,,129.7,NNW,,147.06,147.66,77,77,Spokane,On-Air,N7BFS,,,IACC,,,,,,,,,,,146.62,,,,,,,,,,,,,,,,,,,,,,,,,,,,,,,,,,,,
444.175,5,,N7BFS,"Spokane, Five Mile",WA,OPEN,,130,NNW,,444.175,449.175,,,Spokane,On-Air,N7BFS,,,IACC,,,,,DN17gr,,,,,,"Flat audio response, will pass DSTAR and Astro. For C4FM Astro use NAC 293",,,,,N7BFS (B),"jfindu lookup 
    /   dstar-users lookup",,,,,,,,,,,,,,,,,,,,,,,,293,,,,,,
444.85,5,,KC7MRQ,Ronan,MT,OPEN,W,130.4,NE,,444.85,449.85,,,Lake,Off-Air,,,,,,Local valley coverage,,,,,,Open ↑ / Open ↓,,,WIRES-X enabled 24/7.,,,,,,,,,,,,,,,,,,,,,,,,,,,,11864,,,,,,,,
146.7,-0.6,162.2,KC7MRQ,Ronan,MT,OPEN,EA,130.4,NE,,146.7,146.1,162.2,162.2,Lake,Off-Air,,,,MRCC,,,,,,,,,,,,,274865,,,,,,,,,,,,,,,,,,,,,,,,,29115,,,,,,,,,
443.325,5,,W7TSC,Airway Heights,WA,OPEN,,130.5,NW,,443.325,448.325,,,Spokane,On-Air,W7TSC,,http://wa7dre.org,,,"Spokane County - West plains, West Spokane, Airway Heights, Four Lakes, Medical Lake",,,,,,Open ↑ / Open ↓,,,,Washington Digital Radio Enthusiasts group,,,,,,,,,,,,,,,,,,,,,,,,,,,,,,,,,,,
927.5,-25,,N7ERT,"Pendleton, Cabbage Hill",OR,CLOSED,,131.1,WSW,,927.5,902.5,,,Umatilla,,,,,,,Wide area.,,Unknown,DN05ro,,,,,,Closed repeater. PL withheld by request.,,,,,,,,,,,,,,,,,,,,,,,,,,,,,,,,,,,,
444.975,5,136.5,W7URG,"Pendleton, Cabbage Hill",OR,OPEN,,131.1,WSW,,444.975,449.975,136.5,,Umatilla,On-Air,W7URG - Umatilla Radio Group,3,,,,Wide area. I-84 East and West of Pendleton,,,DN05ro,,,,,,,,,,,,,,,,,,,,,,,,,,,,,,,,,,,,,,,,,,
444.05,5,100,W7UPS,"Ritzville , Adams County",WA,OPEN,I,132.6,WNW,,444.05,449.05,100,123,Asotin,On-Air,W7ups,,,,,20,,,,,,,,,,W7ups,,7073,,,,,,,,,,,,,,,,,,,,,,,,,,,,,,,,,
442,5,110.9,K7ZOX,Spirit Lake,ID,OPEN,,132.6,NNW,,442,447,110.9,,Kootenai,On-Air,,,,IACC,,,,,,,,,,,,,,,,,,,,,,,,,,,,,,,,,,,,,,,,,,,,,,,
146.72,-0.6,,WD7C,Ritzville,WA,OPEN,,132.6,WNW,,146.72,146.12,,,Adams,On-Air,WD7C,Closed autopatch.,,,,,,,,,,,,,,,,,,,,,,,,,,,,,,,,,,,,,,,,,,,,,,,,,
146.88,-0.6,103.5,W7ZKH,"Pendleton, Cabbage Hill",OR,OPEN,,133.1,WSW,,146.88,146.28,103.5,,Umatilla,On-Air,W7URG - Umatilla Radio Group,,,,,"Wide area. Due to terrain, it primarily covers from the repeater location to the West/South/North. It can be used in east La Grande, but is rough. Not serviceable between La Grande and the pass through the canyon on I-84.",,,,,,,,,3,,,,,,,,,,,,,,,,,,,,,,,,,,,,,,,,,,,,
224.56,-1.6,CSQ,N7NKT,"Pendleton, Cabbage Hill",OR,OPEN,,133.1,WSW,,224.56,222.96,CSQ,,Umatilla,On-Air,N7NKT,3,,,,Wide area.,,,,,,,,,,,,,,,,,,,,,,,,,,,,,,,,,,,,,,,,,,,,,
147.12,0.6,100,K7OJI,"Weiser, Sheep Creek",ID,OPEN,,133.9,SSW,,147.12,147.72,,,Washington,On-Air,Treasure Valley Radio Association (TVRA),"Autopatch, e-power, link.",http://www.K7OJI.us,UVHFS,,Wide area; Along the US Hwy 95 North of Weiser for another 50 miles.,,,,,,Open ↑ / Open ↓,,,,,,,,,,,,,,,,,,,,,,,,,,,,,,,,,,,,,,,
444.15,5,CC1,KC7AAD,"Spokane, Lookout Point",WA,OPEN,,135.9,NNW,,444.15,449.15,,,Spokane,On-Air,KC7AAD,,,IACC,,I-90 from Ritzville WA to Coeur d Alene ID,,,,,,,,,Updated Listing,PNW DMR,,,,,,,1,,,,,,,,,,,,,,,,,,,,,,,,,,,,
145.35,-0.6,100,W7CMA,Polson,MT,OPEN,,137.1,NE,,145.35,144.75,100,,Lake,On-Air,FVRG,"Autopatch, e-power, linked, remote base.",,,,Wide area.,,,,,,,,,,,,,,,,,,,,,,,,,,,,,,,,,,,,,,,,,,,,,
448.7,-5,123,W7UPS,"Lind, Lind Hill",WA,OPEN,,137.7,WNW,,448.7,443.7,123,,Adams,On-Air,W7UPS,,http://w7ups.com,,,Medium area.,,,,"Full-time to  
        145.39000 (W7UPS) at Kennewick, Horse Heaven Hills, WA .",,,,,,,,,,,,,,,,,,,,,,,,,,,,,,,,,,,,,,,,,
145.27,-0.6,110.9,W7NYW,"Baker City, Beaver Mountain",OR,OPEN,E,138.9,SW,,145.27,144.67,110.9,110.9,Baker,On-Air,Eastern Oregon ARS,E-power.,,,,Wide area: Baker County. 60 mi radius.,,,,"Full-time to  
        145.15000 (W7NYW) at La Grande, Mount Fanny, OR .
 


Full-time to  
        145.17000 (W7NYW) at Ontario, Malheir, OR .",,,,,6,Baker ARC,414516,,,,,,,,,,,,,,,,,,,,,,,,,,,,,,,,,,
147.12,0.6,100,K7OJI,"Huntington, Lime Hill",OR,OPEN,,138.9,SSW,,147.12,147.72,100,,Baker,On-Air,Treasure Valley Radio Association,"APRS, e-power, linked.",TVRA Repeaters,ORRC,,Wide area. Excelent coverage on I-84 from the east end of Ladd Canyon Canyon (~mp 270) to the Idaho border (mp 376). 75 mi radius.,,,,,,,,,5,,,,,,,,,,,,,,,,,,,,,,,,,,,,,,,,,,,,
444.15,5,100,K7OJI,"Huntington, Lime Hill",OR,OPEN,,138.9,SSW,,444.15,449.15,100,,Baker,On-Air,Treasure Valley Radio Association,5,TVRA Repeaters,ORRC,,"Wide area: Baker City, OR to Boise, ID. 50 mi radius.",,,,,,,,,,,,,,,,,,,,,,,,,,,,,,,,,,,,,,,,,,,,,
442.125,5,123,KI7BPY,Pendleton,OR,OPEN,W,139,WSW,,442.125,447.125,,,Umatilla,On-Air,Cookie Radio Club,,,,,,,,,,,23,,,,,,,,,,,,,,,,,,,,,,,,,,,,,,,11982,,,,,,,,
444.825,5,,KI7BPY,"Pendleton, Mission",OR,OPEN,,139,WSW,,444.825,449.825,,,Umatilla,On-Air,Cookie Radio Club,,,,,,,,,,,,,,,,,,,KI7BPY (B) Repeater,"jfindu lookup 
    /   dstar-users lookup",,,,,,,,,,,,,,,,,,,,,,,,,,,,,,
147.12,0.6,,WB7TBN,"Priest River, Hoodoo Mountain",ID,OPEN,,141.3,NNW,,147.12,147.72,,,Bonner,Off-Air,Pend Oreille ARC,5,,UVHFS,,,,,DN18mb,,,,,,,,,,,,,,,,,,,,,,,,,,,,,,,,,,,,,,,,,,
145.49,-0.6,123,K7JEP,"Sandpoint, Hoodoo Mountain",ID,OPEN,I,141.3,NNW,,145.49,144.89,123,136.5,Bonner,On-Air,Bonner County Amateur Radio Club (BCARC),,http://www.k7jep.org,IACC,,,,,,"Full-time to  
        448.37500 (K7JEP) at Sandpoint, ID .
 


Full-time to  
        146.78000 (K7JEP) at Sagle, Gold Hill, ID .",,,,,,,,7612,,,,,,,,,,,,,,,,,,,,,,,,,,,,,,,,,
146.78,-0.6,110.9,AA7WG,"Challis, Grouse Peak",ID,OPEN,,141.5,SE,,146.78,146.18,110.9,110.9,Custer,On-Air,AA7WG,"linked to 146.98 Salmon, Other links available",,,,"Most of Custer County Idaho, Highway 93",,,,,,,,,8,Custer County Civil Communications Association,,,,,,,,,,,,,,,,,,,,,,,,,,,,,,,,,,,
145.31,-0.6,100,KE7DTL,"Libby, Meadow Peak",MT,OPEN,,141.5,NNE,,145.31,144.71,100,,Lincoln,On-Air,,,,,,,,,,,,,,,,,,,,,,,,,,,,,,,,,,,,,,,,,,,,,,,,,,,
446.8,-5,,KA7NBR,Anaconda,MT,OPEN,,143.8,ESE,,446.8,441.8,,,Deer Lodge,,KA7NBR,,,,,,,Unknown,,,,,,,,,,,,,,,,,,,,,,,,,,,,,,,,,,,,,,,,,,,
147.08,0.6,107.2,K0PP,Anaconda,MT,OPEN,,144.9,ESE,,147.08,147.68,107.2,,Deer Lodge,On-Air,Anaconda ARC,Linked.,,,,,,,,,,,,,,,,,,,,,,,,,,,,,,,,,,,,,,,,,,,,,,,,,
53.03,-1,131.8,KB7IQN,Anaconda,MT,OPEN,,145.3,ESE,,53.03,52.03,131.8,,Deer Lodge,,KB7IQO,,,,,,,Unknown,,,,,,,,,,,,,,,,,,,,,,,,,,,,,,,,,,,,,,,,,,,
146.78,-0.6,123,K7JEP,"Sagle, Gold Hill",ID,OPEN,,146.8,N,,146.78,146.18,123,100,Bonner,On-Air,Bonner County Amateur Radio Club (BCARC),Linked to 443.375.,http://www.k7jep.org,IACC,,,,,,"Full-time to  
        448.37500 (K7JEP) at Sandpoint, ID .
 


Full-time to  
        145.49000 (K7JEP) at Sandpoint, Hoodoo Mountain, ID .",,,,,,,,,,,,,,,,,,,,,,,,,,,,,,,,,,,,,,,,,
444.95,5,110.9,WA7UOJ,"Deer Park, Scoop Mountain",WA,OPEN,,147.7,NNW,,444.95,449.95,110.9,110.9,Spokane,Off-Air,WA7UOJ,Linked,,IACC,,,,,DN17dw,,,,,,,,,,,,,,,,,,,,,,,,,,,,,,,,,,,,,,,,,,
444.65,5,123,KA7ENA,"Deer Park, Scoop Mountain",WA,OPEN,,147.7,NNW,,444.65,449.65,123,,Spokane,Off-Air,KA7ENA,,,,,,,,DN17dw,,,,,,,,,,,,,,,,,,,,,,,,,,,,,,,,,,,,,,,,,,
147.2,0.6,100,K7WIR,"Emmett, Squaw Butte",ID,OPEN,,148.4,S,,147.2,147.8,100,,Gem,On-Air,Western Idaho Amateur Radio Association,6,,UVHFS,,Wide area:,,,,,,,,,,,,,,,,,,,,,,,,,,,,,,,,,,,,,,,,,,,,,
146.76,-0.6,100,K7LYY,"Lakeside, Blacktail Mountain",MT,OPEN,,149.6,NNE,,146.76,146.16,100,,Flathead,On-Air,Flathead Valley ARC,Linked.,,,,,,,,,,,,,,,,,,,,,,,,,,,,,,,,,,,,,,,,,,,,,,,,,
147.18,0.6,100,K7LYY,Blacktail Mountain,MT,OPEN,,149.6,NNE,,147.18,147.78,100,,Flathead,Testing,Flathead Valley Amateur Radio Club,,http://www.fvarc.org,,,Flathead Valley from West Glacier to Ronan,,,,Full-time to the  MRLA System .,,,,,,,,,,,,,,,,,,,,,,,,,,,,,,,,,,,,,,,,,
146.86,-0.6,100,W7ZKA,"Lakeside, Blacktail Mountain",MT,OPEN,,149.6,NNE,,146.86,146.26,100,,Flathead,On-Air,Sam Waldenberg,,,,,,,,,,,,,,,,,,,,,,,,,,,,,,,,,,,,,,,,,,,,,,,,,,
145.27,-0.6,127.3,AA7XM,Sandpoint,ID,OPEN,,149.7,N,,145.27,144.67,127.3,,Bonner,Off-Air,AA7XM,,,UVHFS,,,,,,,,,,,,,,,,,,,,,,,,,,,,,,,,,,,,,,,,,,,,,,,
448.375,5,,K7JEP,Sandpoint,ID,OPEN,,149.7,N,,448.375,453.375,,,Bonner,On-Air,Bonner County Amateur Radio Club,,http://www.k7jep.org,,,,,,,"Full-time to  
        145.49000 (K7JEP) at Sandpoint, Hoodoo Mountain, ID .
 


Full-time to  
        146.78000 (K7JEP) at Sagle, Gold Hill, ID .",,,,,,,,,,,,,,,,,,,,,,,,,,,,,,,,,,,,,,,,,
446.025,0,,N7JCT,Sandpoint,ID,OPEN,,149.7,N,,446.025,446.025,,,Bonner,On-Air,N7JCT,,http://www.n7jct.org,,,Local.,Standard AllStar Commands,,,,,,,,Open node for anyone to use.  Control as you wish.,,,,,,,,,,,,,,,,,,,,,,,,,,,,,,,,,,,,
147.04,0.6,,W7OHI,"Davenport, Teel Hill",WA,OPEN,,150,NW,,147.04,147.64,,,Lincoln,On-Air,LCRP,Linked.,,,,,,,,,,,,,,,,,,,,,,,,,,,,,,,,,,,,,,,,,,,,,,,,,
927.125,-25,103.5,NB7C,Payette,ID,OPEN,A,150.2,SSW,,927.125,902.125,103.5,103.5,Payette,On-Air,"Carl Sorensen, NB7C",,,UVHFS,,City of Payette.,,,,,,,,,,,,,,,,,,,,,,,,,,,,,,,,,,,,29902,,,,,,,,,
443.05,5,114.8,NB7C,Payette,ID,OPEN,EI,150.2,SSW,,443.05,448.05,114.8,,Payette,On-Air,NB7C,EchoIRLP Node,,UVHFS,,,,,,,,,,,,,43417,3417,,,,,,,,,,,,,,,,,,,,,,,,,,,,,,,,,
147.08,0.6,94.8,KC7WFD,"Kennewick, Jump Off Joe",WA,CLOSED,,151,W,,147.08,147.68,94.8,,Benton,On-Air,KC7WFD,"E-power, autopatch.",,,,,,,,"Full-time to  
        147.12000 (KC7WFD) at Moxee City, WA .",,,,,,,,,,,,,,,,,,,,,,,,,,,,,,,,,,,,,,,,,
145.41,-0.6,100,N7LZM,"Kennewick, Jump Off Joe",WA,OPEN,E,151,W,,145.41,144.81,100,,Benton,On-Air,N7LZM,Linked.,,,,Wide area.,,,,"Full-time to  
        146.96000 (AL1Q) at Walla Walla, Hertzer Peak, WA .
 


Full-time to  
        442.47500 (KD7LZN) at Naches, Whites Pass, WA .",,,,,,,380445,,,,,,,,,,,,,,,,,,,,,,,,,,,,,,,,,,
443.775,5,100,W7JWC,Kennewick,WA,OPEN,I,151.2,W,,443.775,448.775,100,,Benton,On-Air,W7JWC,,,,,,,,,,,,,,,,,3122,,,,,,,,,,,,,,,,,,,,,,,,,,,,,,,,,
444.4,5,250.3,KD7JC,Kennewick,WA,OPEN,,151.2,W,,444.4,449.4,250.3,,Benton,Off-Air,KD7JC,,,,,,,,,,,,,,,,,,,,,,,,,,,,,,,,,,,,,,,,,,,,,,,,,,
443.95,5,123,W7UPS,Kennewick,WA,OPEN,,151.2,W,,443.95,448.95,123,123,Benton,On-Air,W7UPS,Closed autopatch,http://w7ups.com,,,Local,,,,,,,,,,,,,,,,,,,,,,,,,,,,,,,,,,,,,,,,,,,,,
145.31,-0.6,100,KA7ERV,"Lowman, Pilot Peak",ID,OPEN,,151.6,S,,145.31,144.71,100,,Boise,On-Air,KA7ERV,E-power (solar).,,,,,,,,,,,,,,Boise County ARES,,,,,,,,,,,,,,,,,,,,,,,,,,,,,,,,,,,
147.12,0.6,100,WB7TBM,"Newport, Cooks Mountain",WA,OPEN,,151.9,NNW,,147.12,147.72,100,,Pend Orielle,Off-Air,Thatuna Amateur Radio Club,,,,,,,,,,,,,,,,,,,,,,,,,,,,,,,,,,,,,,,,,,,,,,,,,,
444.575,5,100,KB7TBN,"Newport, Cooks Mountain",WA,OPEN,,151.9,NNW,,444.575,449.575,100,,Pend Orielle,,PCARC,3,,,,,,Unknown,,,,,,,,,,,,,,,,,,,,,,,,,,,,,,,,,,,,,,,,,,,
444.675,5,114.8,WB7UCI,Loon Lake,WA,PRIVATE,,153.6,NNW,,444.675,449.675,114.8,,Stevens,,WB7UCI,,,,,,,Unknown,,,,,,,,,,,,,,,,,,,,,,,,,,,,,,,,,,,,,,,,,,,
147.22,0.6,,N7LZM,"Kennewick, Johnson Butte",WA,OPEN,,154,W,,147.22,147.82,,,Benton,On-Air,N7LZM,E-power.,,,,,,,,,,,,,,,,,,,,,,,,,,,,,,,,,,,,,,,,,,,,,,,,,
146.64,-0.6,100,W7AZ,"Kennewick, Johnson Butte",WA,OPEN,W,154,W,,146.64,146.04,100,100,Benton,On-Air,Tri-Cities ARC,E-power.,http://www.w7az.org,,,,,,DN06jc,,,Open ↑ / Open ↓,Yes; analog capable.,,,,,,,,,,,,,,,,,,,,,,,,,,,,,,11962,,,,,,,,
443.15,5,100,K7RHB,Ontario,OR,OPEN,E,154.3,SSW,,443.15,448.15,100,,Malhuer,On-Air,,,,,,,,,,,,,,,2,,224189,,,,,,,,,,,,,,,,,,,,,,,,,,,,,,,,,,
443.65,5,100,KC7BSA,Fruitland,ID,OPEN,I,154.7,SSW,,443.65,448.65,100,,Payette,On-Air,,,IRLP site,UVHFS,,,,,,,,,,,,,,3130,,,,,,,,,,,,,,,,,,,,,,,,,,,,,,,,,
444.95,5,136.5,W7URG,"Ukiah, Carney Butte",OR,OPEN,,155.3,WSW,,444.95,449.95,136.5,,Umatilla,On-Air,W7URG - Umatilla Radio Group,4,,ORRC,,Umatilla Country and surrounding counties including Washington to the north. US395 North and south from the Washington boarder. More than 90 miles of I-84.,,,DN05mg,,,,,,900,,,,,,,,,,,,,,,,,,,,,,,,,,,,,,,,,,,,
444.825,5,100,KB7SQE,Libby,MT,OPEN,,156.3,N,,444.825,449.825,100,,Lincoln,On-Air,KB7SQE,,,,,,,,,"Full-time to  
        147.26000 (WR7DW) at Olney, Werner Peak, MT .",,,,,,,,,,,,,,,,,,,,,,,,,,,,,,,,,,,,,,,,,
444.35,5,,KB7SQE,Libby,MT,OPEN,I,156.3,N,,444.35,449.35,,100,Lincoln,On-Air,KB7SQE,,,MRCC,,,,,,146.29,,,,,,,,3056,,,,,,,,,,,,,,,,,,,,,,,,,,,,,,,,,
145.23,-0.6,100,K7MEE,"Sandpoint, Schweitzer Mountain",ID,OPEN,,156.6,N,,145.23,144.63,100,,Bonner,Off-Air,Bonner County,E-power.,,UVHFS,,"Bonner County, ID reaching into Boundary &amp; Kootenai Co., ID, Pend Oreille and parts of Spokane Co., WA and Sanders Co., MT",,,,"Full-time to  
        444.07500 (K7MEE) at Sandpoint, Schweitzer Mountain, ID .",,,,,,,,,,,,,,,,,,,,,,,,,,,,,,,,,,,,,,,,,
444.075,5,100,K7MEE,"Sandpoint, Schweitzer Mountain",ID,OPEN,A,156.6,N,,444.075,449.075,100,,Bonner,Off-Air,Bonner County,E-power.,,UVHFS,,"Bonner County, ID, into Boundary &amp; Kootenai Co., ID, Pend Orielle and parts of Spokane Co., WA, parts of Sanders Co., MT",,,,"Full-time to  
        145.23000 (K7MEE) at Sandpoint, Schweitzer Mountain, ID .",,,,,,,,,,,,,,,,,,,,,,,,,,,,,,,,27010,,,,,,,,,
147.1,0.6,100,K7OJI,"Ontario, Malheur Butte",OR,OPEN,,157,SSW,,147.1,147.7,100,,Malhuer,On-Air,Tresure Valley Radio Assoc,"E-power, linked.",http://www.K7OJI.us,ORRC,,,,,DN14ka,,,,,,2,,,,,,,,,,,,,,,,,,,,,,,,,,,,,,,,,,,,
145.17,-0.6,110.9,W7NYW,"Ontario, Malheir",OR,OPEN,,157,SSW,,145.17,144.57,110.9,,Malhuer,On-Air,TVRA Ham Club,E-power.,,,,Wide area.,,,,"Full-time to  
        145.15000 (W7NYW) at La Grande, Mount Fanny, OR .
 


Full-time to  
        145.27000 (W7NYW) at Baker City, Beaver Mountain, OR .",,,,,2,,,,,,,,,,,,,,,,,,,,,,,,,,,,,,,,,,,,
146.62,-0.6,123,WF7S,Pasco,WA,OPEN,W,157.2,W,,146.62,146.02,123,123,Franklin,On-Air,Spout Springs Repeater Association,,http://www.wf7s.net,,,"Tri-Cities Washington, north towards Wenatchee/Ephrata/Quincy",,,,"Full-time to  
        146.80000 (WF7S) at Elgin, Spout Springs Ski Resort, OR .",,,,Monday-Friday at 20:00.,,,,,,,,,,,,,,,,,,,,,,,,,,,,,,,,,,,,,
145.45,-0.6,,K7SRG,Pasco,WA,OPEN,,158.3,W,,145.45,144.85,,,Franklin,On-Air,SRG,,http://www.srgclub.org,,,Part of SRG's wide area coverage.,,,,,,,,,,,,,,,,,,,,,,,,,,,,,,,,,,,,,,,,,,,,,
146.76,-0.6,100,W7VPA,"Richland , Rattlesnake Mtn",WA,OPEN,,158.3,W,,146.76,146.16,100,100,Benton,On-Air,Tri-Cities Amateur Radio Club,,,,,Very good coverage of the lower Columbia basin and out to Walla Walla.,,,,,,,,,,,,,,,,,,,,,,,,,,,,,,,,,,,,,,,,,,,,,
224.88,-1.6,100,KD7LXW,Emmett,ID,OPEN,E,158.9,S,,224.88,223.28,100,,Gem,On-Air,KD7LXW,6,,UVHFS,,Wide area. 75 mi radius.,,,,,,,,,,,182942,,,,,,,,,,,,,,,,,,,,,,,,,,,,,,,,,,
147.22,0.6,,N7UBO,Emmett,ID,OPEN,,159,S,,147.22,147.82,,,Gem,On-Air,,,,,,,,,,,,,,,,,,,,,,,,,,,,,,,,,,,,,,,,,,,,,,,,,,,
147.22,0.6,,N7UBO,Emmett,ID,OPEN,,159,S,,147.22,147.82,,,Gem,On-Air,N7UBO,Yaesu System Fusion,,W7ZRQ,,,,,,,,Open ↑ / Open ↓,Yes; analog capable.,,,,,,,,,,,,,,,,,,,,,,,,,,,,,,,,,,,,,,
444.1,5,CC2 100.0,WR7HLN,"Dillon, Badger Pass",MT,OPEN,E,159.2,SE,,444.1,449.1,100,100,Beaverhead,On-Air,Mac Pass Repeater Group,E-power (solar),www.wr7hln.org,MRCC,,,,,,Full-time to the  Mac Pass Repeater Group System .,,,Yes; analog capable.,,"Repeater is on Solar Powered 24 hours a day, so is emergency use at all times. Also uses Internet via Ubiquiti 5.8Ghz Path. All repeater are on the Mac Pass Repeater Group. 
7,520'.",Mac Pass repeater Group,259336,,,,,,2,BrandMeister,BrandMeister US,"Open Talkgroup View 


 
   
    
     Assignment 
     TS 
     TG 
     Access 
   

  Worldwide English  1  91  Sched    North America  1  93  PTT    TAC 310  1  310  PTT    TAC 311  1  311  PTT    DCI Bridge  1  3100  PTT    Parrot  1  9990  PTT    Hytera USA Reflector  1  31089  PTT    MPRG 2  1  31302  Full-Time    BGV  1  31303  Full-Time    NW7RG-USA  1  31304  PTT    USA - Area 7 4647  1  31607  PTT    Local/Cluster  2  2  Full-Time    Montana  2  3130  Full-Time    MPRG  2  31301  Full-Time  
  
 
 
function myFunction(id) {
    var x = document.getElementById(id);
    if (x.className.indexOf(""w3-show"") == -1) {
        x.className += "" w3-show"";
    } else {
        x.className = x.className.replace("" w3-show"", """");
    }
}",1,1,,1,1,1,,1,1,1,1,1,2,2,2,,,,,,1,,,,
146.62,-0.6,100,KA5LXG,Bigfork,MT,OPEN,,160,NNE,,146.62,146.02,100,,Flathead,On-Air,FVRG,"Autopatch, e-power",,,,Wide area.,,,,"Full-time to  
        147.14000 (K7KTR) at Plains, MT .
 


Full-time to  
        146.70000 (K7HR) at East Glacier, Mt Baldy, MT .",,,,,,,,,,,,,,,,,,,,,,,,,,,,,,,,,,,,,,,,,
442.075,5,88.5,KA5LXG,Bigfork,MT,OPEN,,160,NNE,,442.075,447.075,88.5,,Flathead,,FVRG,"Autopatch, e-power, linked, remote base.",,,,Wide area.,,Unknown,,,,,,,,,,,,,,,,,,,,,,,,,,,,,,,,,,,,,,,,,,,
145.47,-0.6,100,WI7ATV,"Idaho City, Shafer Butte",ID,OPEN,,160.2,S,,145.47,144.87,100,100,Boise,On-Air,NB7C,,,W7ZRQ,,Treasure Valley  75 mile radius,,,,,,Open ↑ / Open ↓,Yes; analog capable.,,,Western Idaho Amateur Television/ Repeater Associa,,,,,,,,,,,,,,,,,,,,,,,,,,,,,,,,,,,
441.95,5,,W7URG,Hermiston,OR,OPEN,,160.3,W,,441.95,446.95,,,Umatilla,Off-Air,Umatilla Radio Group,,,,,Wide area. 75 mi radius.,,,,,,,,,,,,,,W7URG (B),"jfindu lookup 
    /   dstar-users lookup",,,,,,,,,,,,,,,,,,,,,,,,,,,,,,
147.02,0.6,103.5,AI7HO,"Plymouth, Sillusi Butte",WA,OPEN,E,160.6,W,,147.02,147.62,103.5,103.5,Benton,On-Air,Hermiston Amateur Radio Club (HARC),1,,,,,,,,,,,,,,,915855,,,,,,,,,,,,,,,,,,,,,,,,,,,,,,,,,,
145.49,-0.6,67,KC7RWC,"Plymouth, Sillusi Butte",WA,OPEN,,160.7,W,,145.49,144.89,67,,Benton,On-Air,Umatilla Co ARES,45,,,,"Plymouth, Umatilla, and Hermiston. 30 mi radius.",,,,"Part-time to  
        146.78000 (KC7SOY) at Heppner, Black Mountain, OR .",,,,,,,,,,,,,,,,,,,,,,,,,,,,,,,,,,,,,,,,,
146.84,-0.6,100,K7LBY,"Libby, King Mountain",MT,OPEN,,162.1,N,,146.84,146.24,100,,Lincoln,On-Air,Lincoln County Amateur Radio Group,,,,,South Lincoln County,,,,,,,,LDS Traffic Net: Sun at 20:30.,,,,,,,,,,,,,,,,,,,,,,,,,,,,,,,,,,,,,
442.875,5,203.5,WA7BCA,West Richland,WA,CLOSED,,162.1,W,,442.875,447.875,203.5,,Benton,,Benton County ARES,,,,,,,Unknown,,,,,,,,,,,,,,,,,,,,,,,,,,,,,,,,,,,,,,,,,,,
443.75,5,103.5,AI7HO,"Plymouth, Silousi Butte",WA,OPEN,,162.4,W,,443.75,448.75,103.5,,Benton,On-Air,Hermiston Amatuer Radio Club,Linkable to the 147.020,http://www.ai7ho.org/,,,"Umatilla, Morrow, and Benton counties
I-84, I-82, 395",,,,,,,,HARC Monday night net  1900 hrs Mondays except 2nd Mon.,,,,,,,,,,,,,,,,,,,,,,,,,,,,,,,,,,,,,
146.82,-0.6,88.5,,"Libby, Blue Mountain Lookout",MT,OPEN,,163.3,N,,146.82,146.22,88.5,,Lincoln,On-Air,,,,,,,,,,"Full-time to  
        444.22500 (W3YAK) at Libby, Blue Mountain, MT .
 


Full-time to  
        147.00000 () at Yaak, MT .",,,,,Linked to 444.225 on Blue Mountain and 147.000 in Yaak,,,,,,,,,,,,,,,,,,,,,,,,,,,,,,,,,,,,
146.94,-0.6,100,K7BSE,"Idaho City, Shafer Butte",ID,OPEN,,164.1,S,,146.94,146.34,100,,Boise,On-Air,"Idaho Society of Radio Amateurs (ISRA), Boise Chapter",,,UVHFS,,Wide area. SW Idaho.,Link: 694.,,DN13ws,"Linkable to  
        443.30000 (K7ZZL) at Cascade, ID .",,,,ISRA: Sun at 20:30.,,,,,,,,,,,,,,,,,,,,,,,,,,,,,,,,,,,,,
444.9,5,100,W7VOI,"Idaho City, Shafer Butte",ID,OPEN,,164.1,S,,444.9,449.9,100,,Boise,On-Air,,,,W7ZRQ,,Wide area.,,,,,,,,,,Voice of Idaho (VOI) Amateur Radio Club,,,,,,,,,,,,,,,,,,,,,,,,,,,,,,,,,,,
927.1125,-25,D432,NB7C,"Idaho City, Shafer Butte",ID,OPEN,EA,164.1,S,,927.1125,902.1125,D432,D432,Boise,On-Air,"Carl Sorensen, NB7C",,,UVHFS,,Southwest Idaho,,,,,,,,,,,93417,,,,,,,,,,,,,,,,,,,,,,,,,29901,,,,,,,,,
146.84,-0.6,100,W7VOI,"Idaho City, Shafer Butte",ID,OPEN,,164.1,S,,146.84,146.24,100,,Boise,On-Air,Voice of Idaho Amateur Radio Club (VOI),,,W7ZRQ,,Wide area.,,,,,,,,,6,,,,,,,,,,,,,,,,,,,,,,,,,,,,,,,,,,,,
444.675,5,156.7,N7KNL,Shafer Butte,ID,OPEN,I,164.1,S,,444.675,449.675,156.7,,Boise,On-Air,N7KNL,,,,,,,,,,,,,,,,,3541,,,,,,,,,,,,,,,,,,,,,,,,,,,,,,,,,
444.5,5,100,WR7ID,"Idaho City, Shafer Butte",ID,OPEN,,164.1,S,,444.5,449.5,100,,Boise,On-Air,Intrastate Repeater System (IRS),,http://www.intrastaterepeatersystem.org/,,,Caldwell.,,,,,,,,,,,,,,,,,,,,,,,,,,,,,,,,,,,,,,,,,,,,,
147.22,0.6,103.5,W7PAG,Nyssa,OR,OPEN,,165.1,SSW,,147.22,147.82,103.5,,Malhuer,Off-Air,,2,,,,,,,DN13lu,,,,,,QTH.,,,,,,,,,,,,,,,,,,,,,,,,,,,,,,,,,,,,
449.4,-5,131.8,KB8ML,Butte,MT,OPEN,E,165.3,ESE,,449.4,444.4,131.8,,Silver Bow,Off-Air,,,,,,,,,,,,,,,,,355351,,,,,,,,,,,,,,,,,,,,,,,,,,,,,,,,,,
144.5,3,107.2,,Butte,MT,OPEN,,165.3,ESE,,144.5,147.5,107.2,,Silver Bow,On-Air,,,,,,,,,,,,,,,,,,,,,,,,,,,,,,,,,,,,,,,,,,,,,,,,,,,
146.94,-0.6,100,W7ROE,Butte,MT,OPEN,,165.3,ESE,,146.94,146.34,100,,Silver Bow,On-Air,Butte ARC,,,,,Wide area.,,,,,,,,,,,,,,,,,,,,,,,,,,,,,,,,,,,,,,,,,,,,,
147.02,0.6,107.2,W7VNE,Butte,MT,OPEN,,165.3,ESE,,147.02,147.62,107.2,,Silver Bow,On-Air,Anaconda ARC,"E-power, linked.",,,,30,,,,,,,,,,,,,,,,,,,,,,,,,,,,,,,,,,,,,,,,,,,,,
444.225,5,88.5,W3YAK,"Libby, Blue Mountain",MT,OPEN,,165.7,N,,444.225,449.225,88.5,,Lincoln,On-Air,,,,,,,,,,"Full-time to  
        146.82000 () at Libby, Blue Mountain Lookout, MT .",,,,,,,,,,,,,,,,,,,,,,,,,,,,,,,,,,,,,,,,,
145.41,-0.6,77,N7KAM,"Coolin, Priest Lake",ID,OPEN,,166.4,NNW,,145.41,144.81,77,,Bonner,On-Air,N7KAM,,http://www.wildrepeaters.org,,,"Priest River to North of the Lake:  Low to medium power mobile
Some portable coverage is available at the South end of the lake.

Indian Creek Campground: portable coverage in most areas.

Lionhead Campground:  Medium power mobile coverage; poor portable",,,,,,,,,,,,,,,,,,,,,,,,,,,,,,,,,,,,,,,,,,,,,
444.075,5,CC1,WA7GSK,"Boise, Lower Deer Point",ID,OPEN,,166.4,S,,444.075,449.075,,,Boise,On-Air,WA7GSK,,,,,Treasure Valley and SW Idaho,,,,,,,,,"Brandmeister Network 
http://www.wa7gsk.com click on DMR Tab for codeplug info",Gem State Communications,,,,,,,1,,,"Open Talkgroup View 


 
   
    
     Assignment 
     TS 
     TG 
     Access 
   

  Idaho  1  3116  Full-Time    Local/Cluster  2  2  PTT  
  
 
 
function myFunction(id) {
    var x = document.getElementById(id);
    if (x.className.indexOf(""w3-show"") == -1) {
        x.className += "" w3-show"";
    } else {
        x.className = x.className.replace("" w3-show"", """");
    }
}",,,,,,,,,,,,,2,,,,,,,,,BrandMeister US,1,,
444.475,5,D245,KE7YD,"Boise, Deer Point",ID,OPEN,,166.5,S,,444.475,449.475,D245,D245,Ada,On-Air,KE7YD,E-power.,,W7ZRQ,,SW Idaho,,,,,,,,Tue at 19:00.,,Ada County ACS,,,,,,,,,,,,,,,,,,,,,,,,,,,,,,,,,,,
449.85,-5,173.8,WV7I,Eagle,ID,OPEN,,167.3,S,,449.85,444.85,173.8,,Ada,On-Air,,,,UVHFS,,Low level.,,,,,,,,,,,,,,,,,,,,,,,,,,,,,,,,,,,,,,,,,,,,,
443.725,5,,W7GHJ,"Chewelah, Chewelah Peak",WA,OPEN,E,167.4,NNW,,443.725,448.725,,,Stevens,On-Air,North East Washington Amateur Radio Club [NEWARC],,,IACC,,"South end of Colville to Clayton, Chewelah, Valley, Springdale. With a good antenna &amp; propagation can be hit from Deer Park &amp; Spokane. 20 mi radius.","Standard EchoLink commands. [We have quick dial DTMF commands also, if you would like to know them, or have your repeater added, email us]",,,,,,,,"~50' AGL on a Mt. +9 db gain Antenna, Moderate coverage. Echolink [conferences allowed]",,979409,,,,,,,,,,,,,,,,,,,,,,,,,,,,,,,,,,
147.14,0.6,100,AE6DX,"Sawtooth City, Galena Peak",ID,OPEN,,168.8,SSE,,147.14,147.74,100,100,Blaine,On-Air,Wood River ARC,,WRARC repeaters,UVHFS,,Sawtooth National Forest and Stanley,,,,"Full-time to  
        147.18000 (N7ACB) at Ketchum, Bald Mountain, ID .",,,,Mon at 19:00,,,,,,,,,,,,,,,,,,,,,,,,,,,,,,,,,,,,,
147.38,0.6,D026,N7BOI,"Boise, Seaman's Gulch",ID,OPEN,,169.1,S,,147.38,147.98,D026,D026,Ada,On-Air,City of Boise Type 3 All-Hazards Incident Management Team,"E-power, weather nets.",http://www.cityofboise.org/,W7ZRQ,,SW Idaho 20 mi radius.,,,,,,,,,Primary usage is PUBLIC SAFETY - RESTRICTED to Incident Management Team members during IMT incidents and events.  Please contact Boise AHIMT COML for details: K7HBJ@arrl.net,City of Boise ACS,,,,,,,,,,,,,,,,,,,,,,,,,,,,,,,,,,,
223.9,-1.6,,AK2O,"Chewelah, Stranger Mountain",WA,OPEN,,169.5,NNW,,223.9,222.3,,,Stevens,On-Air,SRG,,,IACC,,Wide area.,,,,,,,,NW Regional/International Net: Weekdays 0700.  Weather Nets: Weekdays 0545 &amp; 1645.  Wednesday Evening Net: Wed at 1900.  Whitman/Latah County ARES Net: Thur at 1830.  KBARA Tech-Net: Thur at 1930.  Stanley Steamer Net: Sat at 0700.  Road Runners Net: Sun at 0700.  Spokane Region Storehouse ERC Net: Sun at 1930.,Hub repeater links KBARA and the Evergreen Intertie.,,,,,,,,,,,,,,,,,,,,,,,,,,,,,,,,,,,,
147.36,0.6,,K1RR,"Chewelah, Stranger Mountain",WA,OPEN,I,169.5,NNW,,147.36,147.96,,,Stevens,On-Air,Kamiak Butte Amateur Repeater Assoc,,Kamiak Butte Amateur Repeater Assoc,IACC,,,,,,,,,,"NW Regional/International Net: Weekdays 0700. 
Weather Nets: Weekdays 0545 and 1645. 
Wednesday Evening Net: Wed at 1900. 
Whitman/Latah County ARES Net: Thur at 1830. 
Stanley Steamer Net: Sat at 0700. 
Road Runners Net: Sun at 0700. 
Spokane Region Storehouse ERC Net: Sun at 1930.",,Evergreen Intertie,,3638,,,,,,,,,,,,,,,,,,,,,,,,,,,,,,,,,
145.25,-0.6,CSQ,N7BFS,"Chewelah, Stensgar Mountain",WA,OPEN,,169.5,NNW,,145.25,144.65,CSQ,CSQ,Stevens,On-Air,N7BFS,Wide Area.,,IACC,,"Stevens county, Lincoln county, Spokane county, HWY 395, HWY 2",,,,,,,Yes; analog capable.,DSTAR and P25 nets available if enough interest is shown.,Owner has set up to be a passive non bit regen system for Digital Data and Digital Voice. Digital voice and data have priority over analog except in emergency situations.,,,,,N7BFS (C),"jfindu lookup 
    /   dstar-users lookup",,,,,,,,,,,,,,,,,,,,,,,,293,,,,,,
146.7,-0.6,100,N7MHE,"Moses Lake, Wheeler Rd",WA,OPEN,,170.7,WNW,,146.7,146.1,100,,Grant,On-Air,N7MHE,,,IACC,,Moses Lake.,,,,,,,,,Low level repeater located on top of a building in Moses Lake.,,,,,,,,,,,,,,,,,,,,,,,,,,,,,,,,,,,,
444.65,5,110.9,KA7EWN,"Boise, Wilderness Ridge",ID,OPEN,,170.9,S,,444.65,449.65,110.9,,Ada,On-Air,,6,,UVHFS,,Wide area:  70 mi radius.,,,,,,,,,PL tone optional.,,,,,,,,,,,,,,,,,,,,,,,,,,,,,,,,,,,,
146.96,-0.6,123,W7BFI,"Bonners Ferry, Black Mountain",ID,OPEN,E,170.9,N,,146.96,146.36,123,,Boundary,On-Air,Boundary ARC,6,,IACC,,,,,,,,,,,,,505896,,,,,,,,,,,,,,,,,,,,,,,,,,,,,,,,,,
444.275,5,,K6LOR,Middleton,ID,OPEN,,171,S,,444.275,449.275,,100,Canyon,Testing,W7VWR,,http://www.vwreact.org,,,Greater Middleton and Western Star,,,,,,,,,Low level repeater for in building coverage in Middleton - Shared frequency with Downtown Boise Repeater with tones TX123.0/RX123.0,Valley Wide REACT,,,,,,,,,,,,,,,,,,,,,,,,,,,,,,,,,,,
146.5,0,,K6LOR,Middleton,ID,OPEN,E,171,S,,146.5,146.5,,100,Canyon,Testing,K6LOR,,http://www.vwreact.org,,,Middleton &amp; Western Star,"Enter node to connect, 02 for random conference, # to disconnect.",,,,,,,,"Low level low power simplex node, PL 100.0 required.",Valley Wide REACT,707383,,,,,,,,,,,,,,,,,,,,,,,,,,,,,,,,,,
146.62,-0.6,88.5,W7URG,"Heppner, Black Mountain",OR,OPEN,,172.6,WSW,,146.62,146.02,88.5,,Morrow,Off-Air,Umatilla Radio Group,5,,,,,,,DN05if,,,,,,Limit talk time in winter months due to solar power.,,,,,,,,,,,,,,,,,,,,,,,,,,,,,,,,,,,,
146.78,-0.6,67,KC7SOY,"Heppner, Black Mountain",OR,OPEN,,172.6,WSW,,146.78,146.18,67,,Morrow,On-Air,Morrow County ARES,5,,,,"Wide area. Coverage on I-84 to the northwest of this repeater is heavily shadowed by the gorge. Coverage essentially ends westbound on I-84 at MP 150. It also does not reach east of the Blue Mountains, cutting off coverage to the east on I-84 at Cabbage Hill (mp 224). Some moderate coverage at La Grande (mp 261).",,,DN05if,"Part-time to  
        145.49000 (KC7RWC) at Plymouth, Sillusi Butte, WA .",,,,Sunday evening ARES net at 1930 hrs,,Umatilla/Morrow ARES,,,,,,,,,,,,,,,,,,,,,,,,,,,,,,,,,,,
147.26,0.6,100,AB7HP,"Boise,  Hewlett-Packard",ID,OPEN,,173,S,,147.26,147.86,100,,Ada,On-Air,Hewlett Packard Boise Amateur Radio Club (HPBARC),,,UVHFS,,,,,,,,,,,,,,,,,,,,,,,,,,,,,,,,,,,,,,,,,,,,,,,
146.76,-0.6,,K7IMM,Dillon,MT,OPEN,,173.5,SE,,146.76,146.16,,,Beaverhead,On-Air,DARC,,,,,,,,,,,,,,,,,,,,,,,,,,,,,,,,,,,,,,,,,,,,,,,,,,
145.43,-0.6,,WR7VHF,"Chewelah, Chewelah Peak",WA,OPEN,,173.7,NNW,,145.43,144.83,,,Stevens,On-Air,Inland Empire VHF Radio Amateurs,,,,,,,,,,,,,,,,,,,,,,,,,,,,,,,,,,,,,,,,,,,,,,,,,,
449.775,-5,,K7IMM,Dillon,MT,OPEN,,173.7,SE,,449.775,444.775,,,Beaverhead,,DARC,Linked.,,,,,,Unknown,,,,,,,,,,,,,,,,,,,,,,,,,,,,,,,,,,,,,,,,,,,
443.2,5,100,KB7SYE,Boise,ID,OPEN,E,173.7,S,,443.2,448.2,100,,Ada,Off-Air,,,,W7ZRQ,,West Boise,,,,,,,,,,,511932,,,,,,,,,,,,,,,,,,,,,,,,,,,,,,,,,,
440.7125,5,CC1,AF7PR,"Richland, Rattlesnake Mtn",WA,OPEN,,173.9,W,,440.7125,445.7125,,,Benton,Off-Air,PNW DMR,"Linked to DMR repeaters in ID, OR, WA and BC.",PNW DMR,,,I-82 Yaima to Walla Walla,,,,,,,,,Same frequency pair and Color Code for&nbsp;Olympia DMR,PNW DMR,,,,,,,1,,,,,,,,,,,,,,,,,,,,,,,,,,,,
147.38,0.6,,K7LYY,"Whitefish,  Sandy Hill",MT,OPEN,,174.4,NNE,,147.38,147.98,,,Flathead,On-Air,Flathead Valley ARC,Linked.,,,,Local valley area.,,,,,,,,,,,,,,,,,,,,,,,,,,,,,,,,,,,,,,,,,,,,,
449.1,-5,100,W7AZ,"Richland, Rattlesnake Mtn",WA,OPEN,,174.5,W,,449.1,444.1,100,,Benton,On-Air,Tri-Cities Amateur Radio Club,,,,,Tri-Cities &amp; Yakima,,,,,,,,,,,,,,,,,,,,,,,,,,,,,,,,,,,,,,,,,,,,,
442.6,5,100,KC7LHV,"Meridian, Eagle Road and Ustick Road",ID,OPEN,A,174.5,S,,442.6,447.6,,,Ada,On-Air,BARC,,,W7ZRQ,,,,,,,,Open ↑ / Open ↓,,,,,,,,,,,,,,,,,,,,,,,,,,,,,,42253,,,,,,,,,
443.45,5,,W7BDR,"Boise, Lower Deer Point",ID,OPEN,,174.9,S,,443.45,448.45,,,Ada,On-Air,,,,,,Southwest Idaho Eastern Oregon,,,,,,,,,,Digital Amateur Radio Club of the Treasure Valley,,,,W7BDR (B) Gateway Repeater,"jfindu lookup 
    /   dstar-users lookup",,,,,,,,,,,,,,,,,,,,,,,,,,,,,,
147.04,0.6,100,W7BFI,Bonners Ferry,ID,OPEN,,175.1,N,,147.04,147.64,100,,Boundary,On-Air,,,http://w7bfi.com,IACC,,,,,,,,,,,,,,,,,,,,,,,,,,,,,,,,,,,,,,,,,,,,,,,
443.025,5,100,W7BFI,Bonners Ferry,ID,OPEN,,175.1,N,,443.025,448.025,100,,Boundary,On-Air,Boundary Amateur Radio Club,,,IACC,,"All of Bonners Ferry, North to Creston BC., South to Mc Arthur lake, East to Moyie Springs.",,,,,,,,,,,,,,,,,,,,,,,,,,,,,,,,,,,,,,,,,,,,,
52.62,-1.7,110.9,WA9WSJ,"Boise, Wilderness Ridge",ID,OPEN,,175.2,S,,52.62,50.92,110.9,,Ada,On-Air,,,,UVHFS,,,,,,,,,,,,,,,,,,,,,,,,,,,,,,,,,,,,,,,,,,,,,,,
147.32,0.6,100,N7FYZ,Boise,ID,OPEN,,175.2,S,,147.32,147.92,100,,Ada,On-Air,N7FYZ,,,UVHFS,,,,,,,,,,,,,,,,,,,,,,,,,,,,,,,,,,,,,,,,,,,,,,,
223.94,-1.6,100,KB7ZD,Boise,ID,OPEN,,175.2,S,,223.94,222.34,100,,Ada,On-Air,,Link to a 6-meter remote base.,,UVHFS,,,,,,,,,,,,,,,,,,,,,,,,,,,,,,,,,,,,,,,,,,,,,,,
444.725,5,100,W7VWR,Boise,ID,OPEN,,175.2,S,,444.725,449.725,100,,Ada,On-Air,W7VWR,E-power,http://www.vwreact.org,W7ZRQ,,Treasure Valley,,,,,,,,,No courtesy tone during hang time,Valley Wide REACT,,,,,,,,,,,,,,,,,,,,,,,,,,,,,,,,,,,
147.3,0.6,100,N7DJX,Boise,ID,OPEN,,175.2,S,,147.3,147.9,100,,Ada,On-Air,,Autopatch.,,,,,,,,,,,,,,,,,,,,,,,,,,,,,,,,,,,,,,,,,,,,,,,,,
224.5,-1.6,100,KA7EWN,Boise,ID,OPEN,,175.2,S,,224.5,222.9,100,,Ada,On-Air,,6,,UVHFS,,Wide area. 75 mi radius.,,,,,,,,,,,,,,,,,,,,,,,,,,,,,,,,,,,,,,,,,,,,,
146.78,-0.6,88.5,W7VWR,Boise,ID,OPEN,,175.3,S,,146.78,146.18,88.5,88.5,Ada,Off-Air,K6LOR,"E-power (solar), portable.",http://www.vwreact.org,,,Portable repeater for special events,,,,,,,,,,Valley Wide REACT,,,,,,,,,,,,,,,,,,,,,,,,,,,,,,,,,,,
444.275,5,,W7VWR,"Boise, Downtown",ID,OPEN,,175.5,S,,444.275,449.275,,123,Ada,On-Air,W7VWR,,http://www.vwreact.org,,,Downtown Boise,,,,,,,,,,Valley Wide REACT,,,,,,,,,,,,,,,,,,,,,,,,,,,,,,,,,,,
147.08,0.6,100,KC9CJ,"Meridian, Meridian",ID,OPEN,,176.2,S,,147.08,147.68,100,,Ada,Testing,State of Idaho,,,W7ZRQ,,40,,,,,,,,,,,,,,,,,,,,,,,,,,,,,,,,,,,,,,,,,,,,,
145.125,-0.6,,KF7MJA,Moyie Springs,ID,OPEN,,176.3,N,,145.125,144.525,,,Boundary,On-Air,North Star Digital Association,Dplus,System Information,IACC,,15,,,,,,,,,,,,,,KF7MJA (C),"jfindu lookup 
    /   dstar-users lookup",,,,,,,,,,,,,,,,,,,,,,,,,,,,,,
147,0.6,100,W7OHI,Almira,WA,OPEN,,176.8,NW,,147,147.6,100,,Lincoln,On-Air,LCRG,Linked.,,,,,,,,,,,,,,,,,,,,,,,,,,,,,,,,,,,,,,,,,,,,,,,,,
145.45,-0.6,,AF7LJ,Moyie Springs,ID,OPEN,,177.1,N,,145.45,144.85,,,Boundary,On-Air,Earl G. Borer,,,,,"Boundary Co,ID  Lincoln Co",,,,,,,,Sunday 8:00 pm LDS Emergency net,,,,,,,,,,,,,,,,,,,,,,,,,,,,,,,,,,,,,
147.1,0.6,100,WR7HLN,"Helena, MacDonald Pass",MT,OPEN,,177.2,ESE,,147.1,147.7,100,,Lewis and Clark,On-Air,Mac Pass Repeater Group,7155,http://www.wr7hln.org,MRCC,,75,,,,Full-time to the  Mac Pass Repeater Group System .,,,,,,,,,,,,,,,,,,,,,,,,,,,,,,,,,,,,,,,,L,
444.1,5,CC1 131.8,WR7HLN,"Helena, MacDonald Pass",MT,OPEN,E,177.3,ESE,,444.1,449.1,131.8,131.8,Lewis and Clark,On-Air,WR7AGT  Mac Pass Repeater Group,,http://www.wr7hln.org,MRCC,,,,,,Full-time to the  Mac Pass Repeater Group System .,,,,,7,,111730,,,,,,1,BrandMeister,Mac Pass Repeater Group,"Open Talkgroup View 


 
   
    
     Assignment 
     TS 
     TG 
     Access 
   

  Worldwide English  1  91  Sched    North America  1  93  PTT    Simplex  1  99      TAC 310  1  310  PTT    TAC 311  1  311  PTT    DCI Bridge  1  3100  PTT    Echo Test  1  9990  PTT    Hytera USA Reflector  1  31089  PTT    MPRG 2  1  31302  PTT    BGV  1  31303  Full-Time    NW7RG-USA  1  31304  PTT    USA - Area 7 4647  1  31607  PTT    Local/Cluster  2  2  Full-Time    Montana  2  3130  Full-Time    MPRG  2  31301  Full-Time  
  
 
 
function myFunction(id) {
    var x = document.getElementById(id);
    if (x.className.indexOf(""w3-show"") == -1) {
        x.className += "" w3-show"";
    } else {
        x.className = x.className.replace("" w3-show"", """");
    }
}",1,1,1,1,1,1,1,1,1,1,1,1,2,2,2,,,,,,,,,,
147.22,0.6,100,N7RB,"Helena, Mount Belmont",MT,OPEN,,178.5,E,,147.22,147.82,100,100,Lewis and Clark,On-Air,Capital City ARC,7,,,,,,,,,,,,ARES: Tue at 19:30.,,,,,,,,,,,,,,,,,,,,,,,,,,,,,,,,,,,,,
443.8,5,100,N7DJX,Boise,ID,OPEN,,178.6,S,,443.8,448.825,100,,Ada,On-Air,,,,W7ZRQ,,,,,,,,,,,,,,,,,,,,,,,,,,,,,,,,,,,,,,,,,,,,,,,
147.16,0.6,,AI7HO,"Boardman, Coalfire plant",OR,OPEN,,179.9,W,,147.16,147.76,,,Morrow,On-Air,Hermiston Amatuer Radio Club,,,,,"North Morrow, Gilliam and Umatilla Counties Oregon. South Benton &amp; Klikitat Counties Washington. Highway coverage Oregon 84 and 74,  Washington 14.",,,,,,,,,,,,,,,,,,,,,,,,,,,,,,,,,,,,,,,,,,,,,
145.27,-0.6,100,KO8N,"Whitefish, Big Mountain",MT,OPEN,,180.1,NNE,,145.27,144.67,100,,Flathead,On-Air,FVRG,6,,,,Wide area.,,,,,,,,,,,,,,,,,,,,,,,,,,,,,,,,,,,,,,,,,,,,,
145.23,-0.6,67,KC7SOY,"Heppner , Black Mountain",OR,OPEN,,181,WSW,,145.23,144.63,67,CSQ,Morrow,On-Air,Morrow County ARES,digipeater,,,,,,,,,,,,,,,,,,,,,,,,,,,,,,,,,,,,,,,,,,,,,,,,,
444.875,5,141.3,WB7WHF,Prosser,WA,OPEN,,181.4,W,,444.875,449.875,141.3,,Benton,On-Air,WB7WHF,2,,,,,,,,,,,,,,,,,,,,,,,,,,,,,,,,,,,,,,,,,,,,,,,,,
927.1875,-25,D432,K7OVG,Nampa,ID,OPEN,A,182.1,S,,927.1875,902.1875,D432,D432,Canyon,On-Air,,,,W7ZRQ,,"Mobile: I-84 exit 9 (new Plymouth) to exit 17 (Sand Hollow) fair coverage. Exit 17 through exit 42 (Ten Mile Exit) good coverage. Mobile Coverage east of Boise will be supplied at a later date. Very Good coverage Caldwell, Nampa, Kuna Area Fair to Good Coverage Meridian and West Boise",,,,,,,,,"Normally connected to 27714 - NB7C - Idaho 900 Mhz Hub - Payette, Idaho",Western Idaho ATV Group,,,,,,,,,,,,,,,,,,,,,,,,,,41599,,,,,,,,,
444.1,5,156.7,NG7O,Nampa,ID,OPEN,EIA,182.2,S,,444.1,449.1,156.7,156.7,Canyon,On-Air,,2,,W7ZRQ,,,,,,,,,,,,,12532,4517,,,,,,,,,,,,,,,,,,,,,,,,27131,,,,,,,,,
147.14,0.6,100,KB7WPU,Hartline,WA,OPEN,E,182.3,NW,,147.14,147.74,100,,Grant,Off-Air,KB7WPU,,,,,,,,,,,,,,,,377349,,,,,,,,,,,,,,,,,,,,,,,,,,,,,,,,,,
444.45,5,100,KB7WPU,Hartline,WA,OPEN,,182.3,NW,,444.45,449.45,100,,Grant,On-Air,,,,,,,,,,,,,,,,,,,,,,,,,,,,,,,,,,,,,,,,,,,,,,,,,,,
224.42,-1.6,103.5,KB7WPU,Hartline,WA,OPEN,,182.3,NW,,224.42,222.82,103.5,,Grant,Testing,,,,,,,,,,,,,,,,,,,,,,,,,,,,,,,,,,,,,,,,,,,,,,,,,,,
444.65,5,100,WR7DW,"Olney, Werner Peak",MT,OPEN,,182.9,NNE,,444.65,449.65,100,,Flathead,On-Air,WR7DW,E-power (solar).,,,,Covers Glacier Park Mt,,,,,,Open ↑ / Open ↓,Yes; analog capable.,,7,,,,,,,,,,,,,,,,,,,,,,,,,,,,,,,,,,,,
147.26,0.6,100,WR7DW,"Olney, Werner Peak",MT,OPEN,,182.9,NNE,,147.26,147.86,100,,Flathead,Off-Air,WR7DW,E-power (solar). 1 minute timer,,MRCC,,Covers Glacier Park.,,,,"Full-time to  
        444.82500 (KB7SQE) at Libby, MT .",,,,,7,,,,,,,,,,,,,,,,,,,,,,,,,,,,,,,,,,,,
145.25,-0.6,100,K3ZFF,"Boise, Blacks Creek",ID,OPEN,,183.6,S,,145.25,144.65,100,100,Ada,On-Air,Boise County Amateur Radio Club,,,W7ZRQ,,,,,,,,,,,,,,,,,,,,,,,,,,,,,,,,,,,,,,,,,,,,,,,
145.29,-0.6,100,W7VOI,"Boise, Boise Bench",ID,OPEN,,184,S,,145.29,144.69,100,,Ada,On-Air,Voice of Idaho Amateur Radio Club (VOI),Portable repeater,http://voiceofidaho.org,W7ZRQ,,Low level repeater covering Downtown Boise and the central Treasure Valley. Pair is also used on our portable repeater.,,,,,,,,,,,,,,,,,,,,,,,,,,,,,,,,,,,,,,,,,,,,,
146.88,-0.6,100,K7ZZL,Marsing,ID,OPEN,,184.2,SSW,,146.88,146.28,100,100,Owyhee,On-Air,"Deer Point Amateur Radio Club, W7ZRQ","Link, e-power, C4FM, FDMA",,W7ZRQ,,70,Autopatch: On * / Off #,,,,,Open ↑ / Open ↓,Yes; analog capable.,AmRRON: First and third Wed at 20:00.,SW of Marsing at 4740' AMSL.,,,,,,,,,,,,,,,,,,,,,,,,,,,,,,,,,,,,
443.55,5,100,K7ZZL,Marsing,ID,OPEN,,184.2,SSW,,443.55,448.55,100,100,Owyhee,On-Air,Deer Point ARC,"link, e-power.",,W7ZRQ,,,,,,,,Open ↑ / Open ↓,Yes; analog capable.,,SW of Marsing at 4740' AMSL.,,,,,,,,,,,,,,,,,,,,,,,,,,,,,,,,,,,,
443.25,5,110.9,K7ZZL,Blacks Creek,ID,OPEN,,184.5,S,,443.25,448.25,110.9,110.9,Ada,On-Air,,Remote base.,,UVHFS,,50,,,,,,,,,,,,,,,,,,,,,,,,,,,,,,,,,,,,,,,,,,,,,
449.2,-5,CC1 131.8,WR7HLN,"Boulder, Boulder Hill",MT,OPEN,E,184.6,ESE,,449.2,444.2,131.8,131.8,Jefferson,On-Air,WR7AGT  Mac Pass Repeater Group,,http://www.wr7hln.org,MRCC,,"I15 from Butte to Helena, MT69 to I90 to Cardwell.",,,,Full-time to the  Mac Pass Repeater Group System .,,,,,DMR Info is available at: http://www.dmr-montana.net,Mac Pass Repeater Group,449200,,,,,,1,BrandMeister,Mac Pass Repeater Group,"Open Talkgroup View 


 
   
    
     Assignment 
     TS 
     TG 
     Access 
   

  Worldwide English  1  91  Sched    North America  1  93  PTT    Simplex  1  99      TAC 310  1  310  PTT    TAC 311  1  311  PTT    Echo Test  1  9990  PTT    Hytera USA Reflector  1  31089  PTT    MPRG 2  1  31302  PTT    BGV  1  31303  PTT    NW7RG-USA  1  31304  PTT    USA - Area 7 4647  1  31607  PTT    Local/Cluster  2  2  Full-Time    Montana  2  3130  Full-Time    MPRG  2  31301  Full-Time  
  
 
 
function myFunction(id) {
    var x = document.getElementById(id);
    if (x.className.indexOf(""w3-show"") == -1) {
        x.className += "" w3-show"";
    } else {
        x.className = x.className.replace("" w3-show"", """");
    }
}",1,1,1,1,1,,1,1,1,1,1,1,2,2,2,,,,,,,,,,
443.5,5,173.8,KB7WPU,Soap Lake,WA,OPEN,,185.2,WNW,,443.5,448.5,173.8,173.8,Grant,On-Air,,,,,,Soap Lake/Ephrata Low Level Repeater,,,,,,,,,,,,,,,,,,,,,,,,,,,,,,,,,,,,,,,,,,,,,
145.39,-0.6,103.5,W7UPS,"Kennewick, Horse Heaven Hills",WA,OPEN,EIA,186.2,W,,145.39,144.79,103.5,,Benton,On-Air,W7UPS,,http://w7ups.com,IACC,,Local. 40 mi radius.,393,,,"Full-time to  
        448.70000 (W7UPS) at Lind, Lind Hill, WA .",,,,,,,341426,3223,,,,,,,,,,,,,,,,,,,,,,,,28399,,,,,,,,,
147,0.6,88.5,,Yaak,MT,OPEN,,186.2,N,,147,147.6,88.5,,Lincoln,On-Air,,,,,,,,,,"Full-time to  
        146.82000 () at Libby, Blue Mountain Lookout, MT .",,,,,Linked to 444.225 and 146.820 on Blue Mountain,,,,,,,,,,,,,,,,,,,,,,,,,,,,,,,,,,,,
145.39,-0.6,100,WR7DW,"Eureka, Virginia Hill",MT,OPEN,,187.2,NNE,,145.39,144.79,100,100,Lincoln,On-Air,,,,MRCC,,Eureka Montana,,,,,,,,,,,,,,,,,,,,,,,,,,,,,,,,,,,,,,,,,,,,,
146.5,0,100,KF7VSX,"Elmer City, Keller Butte",WA,OPEN,,187.3,NW,,146.5,146.5,100,77,Ferry,On-Air,Lake Roosevelt High School Amateur Radio Club,,,,,,,,,,,,,,"Simplex (record and re-transmit) repeater running only 4.75 w (VHF) 
Location in Ferry County about 2.4 miles east of Okanogan county line",,,,,,,,,,,,,,,,,,,,,,,,,,,,,,,,,,,,
446.5,0,100,KF7VSX,"Colville Indian Reservation, Keller Butte",WA,OPEN,,187.3,NW,,446.5,446.5,100,77,Ferry,On-Air,Lake Roosevelt High School Amateur Radio Club,,,,,,,,,,,,,,Simplex (record and re-transmit) repeater running only 4w (UHF),,,,,,,,,,,,,,,,,,,,,,,,,,,,,,,,,,,,
444.9,5,103.5,W7DTS,"Ephrata, Beezly Hill",WA,OPEN,EI,187.4,WNW,,444.9,449.9,103.5,103.5,Grant,On-Air,W7DTS,Linked to 1292.500.,,,,,,,,"Full-time to  
        444.75000 (N7RHT) at East Wenatchee, Badger Mountain, WA .",,,,,,,286250,7141,,,,,,,,,,,,,,,,,,,,,,,,,,,,,,,,,
443.9,5,,W7TT,"Ephrata, Beezly Hill",WA,OPEN,,187.4,WNW,,443.9,448.9,,,Grant,On-Air,Central Washington ARC,E-power.,,,,,,,,,,,,,,,,,,W7TT (B) Gateway Repeater,"jfindu lookup 
    /   dstar-users lookup",,,,,,,,,,,,,,,,,,,,,,,,,,,,,,
145.31,-0.6,100,W7TT,"Ephrata, Beezly Hill",WA,OPEN,,187.5,WNW,,145.31,144.71,100,,Grant,On-Air,Central Washington Amateur Radio Club,,https://w7tt.org,,,Eastbound approaching the repeater begins at mp 142 on I-90.,,,,,,,,Tue 20:00.,,,,,,,,,,,,,,,,,,,,,,,,,,,,,,,,,,,,,
147.18,0.6,100,N7ACB,"Ketchum, Bald Mountain",ID,OPEN,,188.1,SSE,,147.18,147.78,100,100,Blaine,On-Air,Wood River ARC (WRARC),9,WRARC repeaters,UVHFS,,Wide area: Wood River Valley to as far south as Twin Falls and Burley. 80 mi radius.,"Autopatch : 
*61 up / #6 Down.  We will change this to *Up and #Down shortly.
 To call 911: enter 141911 on either repeater. You will be connected the Blaine County E-911 center in Hailey, ID. Use 140 to drop the call.",,DN23tp,"Full-time to  
        147.14000 (AE6DX) at Sawtooth City, Galena Peak, ID .",,,,Mon at 19:00,Visitors are encourage to call CQ.,"Chuck Robertson, N7CVR",,,,,,,,,,,,,,,,,,,,,,,,,,,,,,,,,,,
145.24,-0.6,162.2,W7JVO,"John Day, Airport",OR,OPEN,,188.5,SW,,145.24,144.64,162.2,,Grant,On-Air,W7JVO,,http://hidarg.org/index.php/repeaters,,,Hwy 26 west to Dayville &amp; east to Unity,,,,Full-time to the  HiDARG System .,,,,Mon at 19:00.,3,H.I.D.A.R.G.,,,,,,,,,,,,,,,,,,,,,,,,,,,,,,,,,,,
146.86,-0.6,100,KE7NRA,"Grand Coulee, Grand Coulee Dam",WA,OPEN,,188.7,NW,,146.86,146.26,100,,Okanogan,On-Air,Coulee Dam Radio Club,Linked with the McClure and Pitcher repeaters,,,,,,,,,,,,,,,,,,,,,,,,,,,,,,,,,,,,,,,,,,,,,,,,,
146.62,-0.6,100,K7JAR,"Colville, Monumental Mountain",WA,OPEN,,189.2,NNW,,146.62,146.02,100,,Stevens,On-Air,Panorama Land ARC,"E-power, linked.",,IACC,,Wide area.,,,,,,,,,,,,,,,,,,,,,,,,,,,,,,,,,,,,,,,,,,,,,
146.64,-0.6,,N7LZM,"Canyon City, Eagle Peak",OR,OPEN,,189.9,SW,,146.64,146.04,,,Grant,On-Air,Grant County Amateur Radio Club,,,,,,,,DN04mi,,,,,,4,,,,,,,,,,,,,,,,,,,,,,,,,,,,,,,,,,,,
53.11,-1,,WR7HLN,Helena,MT,OPEN,,190.4,ESE,,53.11,52.11,,,Lewis and Clark,,Mac Pass Repeater Group,,,,,,,Unknown,,Full-time to the  Mac Pass Repeater Group System .,,,,,,,,,,,,,,,,,,,,,,,,,,,,,,,,,,,,,,,,,
147.32,0.6,,W7MRI,Helena,MT,OPEN,,190.5,ESE,,147.32,147.92,,,Lewis and Clark,On-Air,W7MRI,,,,,,,,,,,,,,,,,,,,,,,,,,,,,,,,,,,,,,,,,,,,,,,,,,
147.1,0.6,100,WR7HLN,"Helena, Mac Donald Pass Site",MT,OPEN,W,190.9,ESE,,147.1,147.7,100,,Lewis and Clark,On-Air,Mac Pass Repeater Group,,http://www.wr7hln.org,MRCC,,75,,,,Full-time to the  Mac Pass Repeater Group System .,,,,,"Repeater is Internet Connected at the Repeater on a Mountain at 7,200 feet elevation. Digital will be working when Yaesu gets things working on Auto Mode with Wires, currently as FM",,,,,,,,,,,,,,,,,,,,,,,,,,,,,,,,,,,,
443,5,,K7WES,Helena,MT,OPEN,,190.9,ESE,,443,448,,,Lewis and Clark,,WR7AGT,,,,,,,Unknown,,,,,,,,,,,,,,,,,,,,,,,,,,,,,,,,,,,,,,,,,,,
444.175,5,100,K7LCD,"Melba, Hat Butte",ID,OPEN,EA,191.2,S,,444.175,449.175,,,Canyon,On-Air,NF7T,,http://www.k7lcd.org,W7ZRQ,,50,,,,,,Open ↑ / Open ↓,,,Coordinated by W7ZRQ,Lewis &amp; Clark ARC,478568,,,,,,,,,,,,,,,,,,,,,,,,,43854,,,,,,,,,
145.35,-0.6,100,K7LCD,"Melba, Hat Butte",ID,OPEN,W,191.2,S,,145.35,144.75,,,Canyon,On-Air,NF7T,Wires-X KB7VVD node,http://www.k7lcd.org,W7ZRQ,,"Boise, Nampa, Caldwell, Emmett, Meridian, Melba, Star, Eagle, Mt Home, Marsing, Murphy.",,,,,,Open ↑ / Open ↓,,"Lewis &amp; Clark ARC, Wed at 8:00 P.M. MST",,LEWIS &amp; CLARK ARC,,,,,,,,,,,,,,,,,,,,,,,,,,,30283,,,,,,,,
145.35,-0.6,100,N7MHE,"Vantage, Saddle Mountain",WA,OPEN,,191.3,WNW,,145.35,144.75,100,,Grant,Off-Air,N7MHE,Autopatch.,,IACC,,,,,,,,,,,,,,,,,,,,,,,,,,,,,,,,,,,,,,,,,,,,,,,
440.925,5,CC,AF7PR,Moses Lake,WA,OPEN,,191.6,WNW,,440.925,445.925,,,Grant,On-Air,PNW DMR,"Linked to DMR repeaters in ID, OR, WA and BC.",http://www.pnwdigital.net,,,I-90 Ritzville to Vantage / Soap Lk to Othello 5 mi radius.,,,,,,,,,Same frequency pair and Color Code for Ellensburg DMR,PNW DMR,,,,,,,,,,,,,,,,,,,,,,,,,,,,,,,,,,,
145.47,-0.6,,NE7WA,Ione,WA,OPEN,,191.6,NNW,,145.47,144.87,,,Pend Orielle,Off-Air,North Pend Oreille County Amateur Radio Club,E-power (batt).,,,,,,,,,,,,,,,,,,,,,,,,,,,,,,,,,,,,,,,,,,,,,,,,,
443.125,5,,NE7WA,Ione,WA,OPEN,,191.8,NNW,,443.125,448.125,,,Pend Orielle,Off-Air,North Pend Orielle County Amateur Radio Club,,,IACC,,,,,,,,,,,,,,,,,,,,,,,,,,,,,,,,,,,,,,,,,,,,,,,
224.68,-1.6,100,NE7WA,Ione,WA,OPEN,,191.8,NNW,,224.68,223.08,100,,Pend Orielle,Off-Air,North Pend Orielle County Amateur Radio Club,E-power.,,,,,,,,,,,,,,,,,,,,,,,,,,,,,,,,,,,,,,,,,,,,,,,,,
448.9,-5,CC1 131.8,WR7HLN,"Helena, North Hills",MT,OPEN,E,192.8,E,,448.9,443.9,131.8,131.8,Lewis and Clark,On-Air,Mac Pass Repeater Group,,http://www.wr7hln.org,MRCC,,"The Helena Valley, North along I90 to Sieben Flats, South to Boulder Hill and Boulder, East to Winston, West to Elliston, and the north and northwest valley.
Coverage The Helena Valley, North along I90 to Sieben Flats, South to Boulder Hill and Boulder, East to Winston, West to Elliston, and the north and northwest valley.",,,,Full-time to the  Mac Pass Repeater Group System .,,,,,DMR Info is at our website at http://www.dmr-montana.net,Mac Pass Repeater Group,528525,,,,,,1,BrandMeister,Mac Pass Repeater Group,"Open Talkgroup View 


 
   
    
     Assignment 
     TS 
     TG 
     Access 
   

  Worldwide English  1  91  Sched    North America  1  93  PTT    Simplex  1  99      TAC 310  1  310  PTT    TAC 311  1  311  PTT    DCI Bridge  1  3100  PTT    Echo Test  1  9990  PTT    Hytera USA Reflector  1  31089  PTT    MPRG 2  1  31302  PTT    BGV  1  31303  PTT    NW7RG-USA  1  31304  PTT    USA - Area 7 4647  1  31607  PTT    Local/Cluster  2  2  Full-Time    Montana  2  3130  Full-Time    MPRG  2  31301  Full-Time  
  
 
 
function myFunction(id) {
    var x = document.getElementById(id);
    if (x.className.indexOf(""w3-show"") == -1) {
        x.className += "" w3-show"";
    } else {
        x.className = x.className.replace("" w3-show"", """");
    }
}",1,1,1,1,1,1,1,1,1,1,1,1,2,2,2,,,,,,,,,,
147.34,0.6,,KC7CUE,"Eureka, Pinkham Mountain",MT,OPEN,,193.8,NNE,,147.34,147.94,,,Missoula,On-Air,,,,,,,,,,,,,,,,,,,,,,,,,,,,,,,,,,,,,,,,,,,,,,,,,,,
443.8,5,100,WR7DW,"Eureka, Virginia Hill",MT,OPEN,,193.9,NNE,,443.8,448.825,100,100,Lincoln,On-Air,WR7DW,,,MRCC,,Eureka Montana,,,,,,,,,,,,,,,,,,,,,,,,,,,,,,,,,,,,,,,,,,,,,
145.43,-0.6,100,KC7CUE,"Eureka, Sams Hill",MT,OPEN,E,193.9,NNE,,145.43,144.83,100,,Lincoln,On-Air,FVRG,"Autopatch, e-power, linked, remote base.",,MRCC,,Wide area.,,,,,,,,,,,276435,,,,,,,,,,,,,,,,,,,,,,,,,,,,,,,,,,
444.25,5,,WR7DW,"Eureka, Pinkham Mountain",MT,OPEN,,193.9,NNE,,444.25,449.25,,100,Lincoln,On-Air,WR7DW,,,,,,,,,,,,,,,,,,,,,,,,,,,,,,,,,,,,,,,,,,,,,,,,,,
147.36,0.6,100,K7TRH,"Marsing, French John Hill",ID,OPEN,,194.8,SSW,,147.36,147.96,100,,Owyhee,On-Air,CCEM,"Link, e-power.",,UVHFS,,Wide area.,,,,,,,,,,,,,,,,,,,,,,,,,,,,,,,,,,,,,,,,,,,,,
442.9,5,100,K7TRH,"Marsing, French John Hill",ID,OPEN,,194.8,SSW,,442.9,447.9,100,CSQ,Owyhee,On-Air,CCEM,"Link, e-power",,W7ZRQ,,Wide area.,,,,,,,,,Elevation: 3600',,,,,,,,,,,,,,,,,,,,,,,,,,,,,,,,,,,,
147.22,0.6,,N7LZM,"John Day, Fall Mountain",OR,OPEN,,196.5,SW,,147.22,147.82,,,Grant,Off-Air,,5,,,,,,,,,,,,,,,,,,,,,,,,,,,,,,,,,,,,,,,,,,,,,,,,,
443.375,5,88.5,K7HR,"East Glacier, Mt Baldy",MT,OPEN,,200.2,NE,,443.375,448.375,88.5,,Glacier,Off-Air,HARK,"E-power, remote base.",http://www.cutbankairport.org/highline-radio/local-information/,,,,,,,,,,,,,,,,,,,,,,,,,,,,,,,,,,,,,,,,,,,,,,,,
146.7,-0.6,103.5,K7HR,"East Glacier, Mt Baldy",MT,OPEN,,200.2,NE,,146.7,146.1,103.5,,Glacier,On-Air,,E-power.,,,,,,,,"Full-time to  
        147.14000 (K7KTR) at Plains, MT .
 


Full-time to  
        146.62000 (KA5LXG) at Bigfork, MT .",,,,,,,,,,,,,,,,,,,,,,,,,,,,,,,,,,,,,,,,,
146.82,-0.6,100,K7JAQ,"St. Mary, Hudson Bay Divide",MT,OPEN,,215.4,NNE,,146.82,146.22,100,,Glacier,On-Air,HARK,,http://www.cutbankairport.org/highline-radio/local-information/,,,,,,,,,,,,,,,,,,,,,,,,,,,,,,,,,,,,,,,,,,,,,,,,
441.2,5,,K7JAQ,"St. Mary, Hudson Bay Divide",MT,OPEN,,215.4,NNE,,441.2,446.2,,,Glacier,On-Air,K7JAQ,,,,,,,,,,,,,,,,,,,,,,,,,,,,,,,,,,,,,,,,,,,,,,,,,,
146.85,-0.6,100,WA7FDR,"Howe, Jumpoff Peak",ID,OPEN,,216.9,SE,,146.85,146.25,100,,Butte,On-Air,ERARRA,,http://utahvhfs.org/other_rpt.html#jumpoff,UVHFS,,"Wide area. Idaho Falls, Pocatello, and southern Idaho.",,,,"Full-time to  
        145.23000 (WA7FDR) at Island Park, Sawtell Peak, ID .
 


Full-time to  
        145.27000 (WA7FDR) at Burley, Mt Harrison, ID .
 


Full-time to the  Intermountain Intertie System .",,,,,9,Intermountain Intertie,,,,,,,,,,,,,,,,,,,,,,,,,,,,,,,,,,,
145.19,-0.6,,N7XAY,Republic,WA,OPEN,,217,NW,,145.19,144.59,,,Ferry,,,Open autopatch.,,,,"Part of a 5 repeater system covering Republic, Tonasket, Okanogan, Grand Coulee and Twisp WA.",Ask on the air for autopatch instructions.,Unknown,,"Full-time to  
        147.32000 (WA7MV) at Omak, Tunk Mountain, WA .",,,,ARES: Wed and Sun at 18:00.,"Repeater has been linked with 440.800 on Mclure Mt., Twisp, Wa. and is part of a 5 repeater linked system.",,,,,,,,,,,,,,,,,,,,,,,,,,,,,,,,,,,,
444.525,5,94.8,K7SMX,"Chelan, McNeal Canyon",WA,OPEN,,218.2,NW,,444.525,449.525,94.8,,Douglas,On-Air,Lake Chelan Radio Club (LCRC),,,,,Chelan Valley.,,,,,,,,,,,,,,,,,,,,,,,,,,,,,,,,,,,,,,,,,,,,,
147.1,0.6,CSQ,K7SMX,"Chelan, McNeal Canyon",WA,OPEN,,218.2,NW,,147.1,147.7,CSQ,94.8,Douglas,On-Air,Lake Chelan Radio Club,,,,,"Chelan Valley, Central Washington",,,,,,,,,,RACES,,,,,,,,,,,,,,,,,,,,,,,,,,,,,,,,,,,
447.62,-5,88.5,W7RUG,"Howe, Jumpoff Peak",ID,OPEN,EI,218.5,SE,,447.62,442.62,88.5,100,Butte,On-Air,W7RUG,ECHOIRLP,,,,S.E. Idaho Ashton to Burley Idaho,Precede IRLP Access with a # sign,,,,,,,,,Owner,459433,3754,,,,,,,,,,,,,,,,,,,,,,,,,,,,,,,,,
146.74,-0.6,,W7GSN,"Brewster, Dyer Hill",WA,OPEN,,219.5,NW,,146.74,146.14,,,Okanogan,On-Air,,,,IACC,,"Brewster, Pateros, Okanogan, Methow, Carlton",,,EM17iq,,,1,Yes; analog capable.,,,,,,,,,,,,,,,,,,,,,,,,,,,,,,,,,,,,,,
147.3,0.6,162.2,W7JVO,"Burns, Sharps Ridge",OR,OPEN,,223,SW,,147.3,147.9,162.2,,Harney,On-Air,High Desert Amateur Radio Group (HiDARG),"E-power (solar), APRS.",,ORRC,,"Burns, Highway 205, Highway 78.",,,,Full-time to the  HiDARG System .,,,,HiDARG: Tue at 19:00.,4,ARRL,,,,,,,,,,,,,,,,,,,,,,,,,,,,,,,,,,,Listen Live
146.72,-0.6,100,WA7MV,"Okanogan, Pitcher Mountain",WA,OPEN,,224.7,NW,,146.72,146.12,100,100,Okanogan,On-Air,Methow Valley Amateur Radio Club,,http://mvhams.org/,,,Wide area.,,,,,,,,,,,,,,,,,,,,,,,,,,,,,,,,,,,,,,,,,,,,,
443.55,5,100,WA7MV,"Okanogan, Pitcher Mountain",WA,OPEN,,224.7,NW,,443.55,448.55,100,,Okanogan,On-Air,Methow Valley Amateur Radio Club,,http://mvhams.org/,,,,,,,,,,,,,,,,,,,,,,,,,,,,,,,,,,,,,,,,,,,,,,,,
147.32,0.6,100,WA7MV,"Omak, Tunk Mountain",WA,OPEN,,225.3,NW,,147.32,147.92,100,,Okanogan,On-Air,Methow Valley Amateur Radio Club,E-power.,http://mvhams.org/,,,Wide area.,,,,"Full-time to  
        145.19000 (N7XAY) at Republic, WA .",,,,Okanogan County Net: Thu at 19:00.,,,,,,,,,,,,,,,,,,,,,,,,,,,,,,,,,,,,,
53.11,-1.7,100,WA7MV,"Omak, Tunk Mountain",WA,OPEN,,225.3,NW,,53.11,51.41,100,,Okanogan,On-Air,Methow Valley Amateur Radio Club,,http://mvhams.org/,IACC,,Limited at this time due to low transmitter power.,,,,,,,,,,,,,,,,,,,,,,,,,,,,,,,,,,,,,,,,,,,,,
146.76,0.6,,VE7EHF,"Christina Lake, Santa Rosa Mtn",BC,OPEN,,225.6,NNW,,147.34,147.94,107.2,,,Testing,"VA7WCN, VE7RSO",,,BCARCC,,"South Okanagan Interior. -Osoyoos, Olive",,,,"Full-time to  
        145.29000 (VE7EHF) at Osoyoos, Fire Hall, BC .",,,,,,KARTS,,,,,,,,,,,,,,,,,,,,,,,,,,,,,,,,,,,
442.55,5,,KH6UG,Wauconda,WA,OPEN,E,227.8,NW,,442.55,447.55,,,Okanogan,On-Air,,,http://kanakawaiwai.com,,,Okanogan Highlands,,,,,,,,,We are connected to all Hawaiian Islands,"Hawaii, Mainland Allstar network",3046,,,,,,,,,,,,,,,,,,,,,,,,,,,,,,,,,,
147.2,0.6,,AK2O,Omak,WA,OPEN,,228.4,NW,,147.2,147.8,,,Okanogan,On-Air,Spokane Repeater Group,,,,,Wide area.,,,,,,,,Wide variety at any time of the day or night.,This repeater is part of a sophisticated large coverage area network.Please visit the web-site to learn more about the repeater system and how to join.Membership is not required to gain PL tones.,,,,,,,,,,,,,,,,,,,,,,,,,,,,,,,,,,,,
146.94,0.6,100,VE7EHF,Grand Forks,BC,OPEN,,230.1,NNW,,147.34,147.94,107.2,,,Testing,"VA7WCN, VE7RSO",,,BCARCC,,"South Okanagan Interior. -Osoyoos, Olive",,,,"Full-time to  
        145.29000 (VE7EHF) at Osoyoos, Fire Hall, BC .",,,,,,KARTS,,,,,,,,,,,,,,,,,,,,,,,,,,,,,,,,,,,
146.76,-0.6,103.5,KF7HPT,"Burns, Radar Hill",OR,OPEN,,236.5,SW,,146.76,146.16,103.5,,Harney,On-Air,,,,,,,,,,,,,,,,,,,,,,,,,,,,,,,,,,,,,,,,,,,,,,,,,,,
147.14,0.6,103.5,WA7DJ,"Oroville, Buckhorn Mountain",WA,OPEN,I,238.9,NW,,147.14,147.74,103.5,,Okanogan,On-Air,KD7ITP,E-power.,,,,,,,DN08mw,,,,,,,,,3377,,,,,,,,,,,,,,,,,,,,,,,,,,,,,,,,,
443.325,5,,K7IQA,Cut Bank,MT,OPEN,,242.2,NE,,443.325,448.325,,,Glacier,On-Air,K7IQA,,http://www.cutbankairport.org/highline-radio/local-information/,,,Local Area Coverage.,,,,,,,,,3,,,,,,,,,,,,,,,,,,,,,,,,,,,,,,,,,,,,
147.3,0,,N5DJ,Cut Bank,MT,OPEN,,242.3,NE,,147.3,147.3,,,Glacier,On-Air,N5DJ,,,,,,,,,,,,,,,,,,,,,,,,,,,,,,,,,,,,,,,,,,,,,,,,,,
442.2,0,,N5DJ,Cut Bank,MT,OPEN,,242.3,NE,,442.2,442.2,,,Glacier,On-Air,N5DJ,,,,,,,,,,,,,,,,,,,,,,,,,,,,,,,,,,,,,,,,,,,,,,,,,,
444.425,0,,N5DJ,Cut Bank,MT,OPEN,,242.3,NE,,444.425,444.425,,,Glacier,On-Air,N5DJ,,,,,,,,,,,,,,,,,,,,,,,,,,,,,,,,,,,,,,,,,,,,,,,,,,
448.8,-5,100,KE7JFA,Roberts,ID,OPEN,EI,252.9,SE,,448.8,443.8,100,100,Jefferson,On-Air,,,,,,Idaho Falls and some surrounding areas.,,,,,,,,,Email me for list of speed dial commands if needed.,,319230,3628,,,,,,,,,,,,,,,,,,,,,,,,,,,,,,,,,
145.29,0.6,136.5,VE7EHF,"Osoyoos, Fire Hall",BC,OPEN,,257.2,NW,,147.34,147.94,107.2,,,Testing,"VA7WCN, VE7RSO",,,BCARCC,,"South Okanagan Interior. -Osoyoos, Olive",,,,"Full-time to  
        145.29000 (VE7EHF) at Osoyoos, Fire Hall, BC .",,,,,,KARTS,,,,,,,,,,,,,,,,,,,,,,,,,,,,,,,,,,,
146.94,0.6,,VE7EHF,Osoyoos,BC,OPEN,,257.2,NW,,147.34,147.94,107.2,,,Testing,"VA7WCN, VE7RSO",,,BCARCC,,"South Okanagan Interior. -Osoyoos, Olive",,,,"Full-time to  
        145.29000 (VE7EHF) at Osoyoos, Fire Hall, BC .",,,,,,KARTS,,,,,,,,,,,,,,,,,,,,,,,,,,,,,,,,,,,
145.27,0.6,136.5,VE7EHF,Osoyoos,BC,OPEN,,257.2,NW,,147.34,147.94,107.2,,,Testing,"VA7WCN, VE7RSO",,,BCARCC,,"South Okanagan Interior. -Osoyoos, Olive",,,,"Full-time to  
        145.29000 (VE7EHF) at Osoyoos, Fire Hall, BC .",,,,,,KARTS,,,,,,,,,,,,,,,,,,,,,,,,,,,,,,,,,,,
147.34,0.6,107.2,VE7EHF,"Osoyoos, Mount Kobau",BC,OPEN,,257.2,NW,,147.34,147.94,107.2,,,Testing,"VA7WCN, VE7RSO",,,BCARCC,,"South Okanagan Interior. -Osoyoos, Olive",,,,"Full-time to  
        145.29000 (VE7EHF) at Osoyoos, Fire Hall, BC .",,,,,,KARTS,,,,,,,,,,,,,,,,,,,,,,,,,,,,,,,,,,,
147.18,0.6,88.5,VE7EHF,Osoyoos,BC,OPEN,,257.3,NW,,147.34,147.94,107.2,,,Testing,"VA7WCN, VE7RSO",,,BCARCC,,"South Okanagan Interior. -Osoyoos, Olive",,,,"Full-time to  
        145.29000 (VE7EHF) at Osoyoos, Fire Hall, BC .",,,,,,KARTS,,,,,,,,,,,,,,,,,,,,,,,,,,,,,,,,,,,
222.6,0.6,156.7,VE7EHF,Osoyoos,BC,OPEN,,257.3,NW,,147.34,147.94,107.2,,,Testing,"VA7WCN, VE7RSO",,,BCARCC,,"South Okanagan Interior. -Osoyoos, Olive",,,,"Full-time to  
        145.29000 (VE7EHF) at Osoyoos, Fire Hall, BC .",,,,,,KARTS,,,,,,,,,,,,,,,,,,,,,,,,,,,,,,,,,,,
448.9,-5,,KG7WZG,Idaho Falls,ID,OPEN,,266.3,SE,,448.9,443.9,,,Bonneville,,,,,,,,,Unknown,,,,,,,,,,,,KG7WZG (B),"jfindu lookup 
    /   dstar-users lookup",,,,,,,,,,,,,,,,,,,,,,,,,,,,,,
443,5,100,WA4VRV,"Idaho Falls, Quality Inn",ID,OPEN,,276.1,SE,,443,448,100,100,Bonneville,On-Air,WA4VRV,"E-power, EX (NOAA Weather SAME Alerts)",,UVHFS,,Wide area,,,,,,Open ↑ / Open ↓,Yes; analog capable.,,,,,,,,,,,,,,,,,,,,,,,,,,,,,,,,,,,,,,
