Frequency,Offset,Tone,Call,Location,ST/PR,Use,VOIP,Mi,Dir,,Downlink,Uplink,Uplink Tone,County,Op Status,Web links,Coordination,Last update,Downlink Tone,Coverage,Affiliate,Features,Links,IRLP,Notes,Nets,Sponsor,Grid,AllStar,On-air,DMR Enabled,Color Code,Wide Network,Commands,EchoLink,Talkgroup Network,Talkgroups,Colorado,Southern Colorado,D-STAR Enabled,Node,Sources,Worldwide,North America,English,Europe,TAC 310,DCI Bridge,Southwest USA,Denver Regional,Northern Colorado
147.27,0.6,127.3,KB5ITS,"Ouray, Engineer Mountain",CO,OPEN,string,13.3,SSE,string,147.27,147.87,127.3,Ouray,On-Air,http://www.sjcham.com,CCARC,string,undefined,undefined,undefined,undefined,undefined,undefined,undefined,undefined,undefined,undefined,undefined,undefined,undefined,undefined,undefined,undefined,undefined,undefined,undefined,undefined,undefined,undefined,undefined,undefined,undefined,undefined,undefined,undefined,undefined,undefined,undefined,undefined,undefined
447.2,-5,107.2,WA4HND,"Montrose, Waterdog Peak",CO,OPEN,I,14.5,NNE,string,447.2,442.2,107.2,Montrose,On-Air,GMRA Repeaters,CCARC,string,107.2,Delta/Montrose,Grand Mesa Repeater Assoc,9,Full-time to the  GMRA Open System .,3710,Closed IRLP out - Ask for a control op,RACES Net Wed at 1930 Hrs.,undefined,undefined,undefined,undefined,undefined,undefined,undefined,undefined,undefined,undefined,undefined,undefined,undefined,undefined,undefined,undefined,undefined,undefined,undefined,undefined,undefined,undefined,undefined,undefined,undefined
448.65,-5,string,KB0YNA,"Montrose, Waterdog Peak",CO,OPEN,string,14.5,NNE,string,448.65,443.65,string,Montrose,On-Air,undefined,undefined,string,151.4,Wide area.,undefined,undefined,"Full-time to  
        447.65000 (KB0YNA) at Gunnison, W Mountain or Tenderfoot Mountain, CO .",undefined,undefined,undefined,KB0YNA,undefined,undefined,undefined,undefined,undefined,undefined,undefined,undefined,undefined,undefined,undefined,undefined,undefined,undefined,undefined,undefined,undefined,undefined,undefined,undefined,undefined,undefined,undefined,undefined
449.7,-5,107.2,KB0YNA,"Telluride, Gray Head",CO,OPEN,I,17.6,SW,string,449.7,444.7,107.2,San Miguel,On-Air,undefined,CCARC,string,107.2,Wide Area via links - Western Colorado - Eastern Utah,undefined,E-power.,Full-time to the  GMRA Open System .,3710,Closed IRLP out - Ask for a control Op,RACES: Wed at 19:30.,Grand Mesa Repeater Association ( GMRA ),undefined,undefined,undefined,undefined,undefined,undefined,undefined,undefined,undefined,undefined,undefined,undefined,undefined,undefined,undefined,undefined,undefined,undefined,undefined,undefined,undefined,undefined,undefined,undefined
146.91,-0.6,107.2,KC0UUX,Montrose,CO,OPEN,string,20.2,NNW,string,146.91,146.31,107.2,Montrose,On-Air,undefined,CCARC,string,107.2,undefined,undefined,E-Power,undefined,undefined,undefined,undefined,undefined,undefined,undefined,undefined,undefined,undefined,undefined,undefined,undefined,undefined,undefined,undefined,undefined,undefined,undefined,undefined,undefined,undefined,undefined,undefined,undefined,undefined,undefined,undefined,undefined
146.79,-0.6,107.2,KD5OPD,Montrose,CO,OPEN,string,20.2,NNW,string,146.79,146.19,107.2,Montrose,On-Air,undefined,CCARC,string,107.2,undefined,undefined,E-power.,undefined,undefined,undefined,undefined,KC0UXX,undefined,undefined,undefined,undefined,undefined,undefined,undefined,undefined,undefined,undefined,undefined,undefined,undefined,undefined,undefined,undefined,undefined,undefined,undefined,undefined,undefined,undefined,undefined,undefined
145.325,-0.6,127.3,KB5ITS,"Silverton, Buffalo Boy",CO,OPEN,string,27.2,SSE,string,145.325,144.725,127.3,San Juan,On-Air,http://www.sjcham.com,CCARC,string,undefined,undefined,undefined,Solar powered,undefined,undefined,undefined,undefined,undefined,undefined,undefined,undefined,undefined,undefined,undefined,undefined,undefined,undefined,undefined,undefined,undefined,undefined,undefined,undefined,undefined,undefined,undefined,undefined,undefined,undefined,undefined,undefined,undefined
447.525,-5,127.3,KB5ITS,Silverton,CO,OPEN,string,27.2,SSE,string,447.525,442.525,127.3,San Juan,On-Air,undefined,CCARC,string,undefined,Wide area.,undefined,E-power.,undefined,undefined,undefined,undefined,KB5ITS,undefined,undefined,undefined,undefined,undefined,undefined,undefined,undefined,undefined,undefined,undefined,undefined,undefined,undefined,undefined,undefined,undefined,undefined,undefined,undefined,undefined,undefined,undefined,undefined
444,5,67,KB5ITS,"Silverton, Hazelton",CO,OPEN,string,27.2,SSE,string,444,449,67,Huerfano,On-Air,http://www.sjcham.com,undefined,string,undefined,undefined,undefined,undefined,undefined,undefined,undefined,undefined,undefined,undefined,undefined,undefined,undefined,undefined,undefined,undefined,undefined,undefined,undefined,undefined,undefined,undefined,undefined,undefined,undefined,undefined,undefined,undefined,undefined,undefined,undefined,undefined,undefined
147.135,-0.6,123,KB5ITS,"Lake City, Hill 71",CO,OPEN,string,27.7,SE,string,147.135,146.535,123,Hinsdale,On-Air,http://www.sjcham.com,CCARC,string,undefined,undefined,undefined,E-power (solar),undefined,undefined,undefined,undefined,undefined,undefined,undefined,undefined,undefined,undefined,undefined,undefined,undefined,undefined,undefined,undefined,undefined,undefined,undefined,undefined,undefined,undefined,undefined,undefined,undefined,undefined,undefined,undefined,undefined
147.375,0.6,156.7,KB5ITS,"Silverton, Kendall Mountain",CO,OPEN,string,29,SSE,string,147.375,147.975,156.7,San Juan,On-Air,http://www.sjcham.com,CCARC,string,undefined,Wide area.,undefined,13,"Part-time to  
        146.67000 (K0EP) at Durango, Eagle Pass, CO .",undefined,undefined,undefined,undefined,undefined,undefined,undefined,undefined,undefined,undefined,undefined,undefined,undefined,undefined,undefined,undefined,undefined,undefined,undefined,undefined,undefined,undefined,undefined,undefined,undefined,undefined,undefined,undefined
147.27,0.6,127.3,KB5ITT,"Silverton, Engineer Mountain",CO,OPEN,string,34.3,S,string,147.27,147.87,127.3,San Juan,On-Air,undefined,CCARC,string,undefined,Wide area.,Durango ARC,E-power.,undefined,undefined,undefined,undefined,KB5ITT,undefined,undefined,undefined,undefined,undefined,undefined,undefined,undefined,undefined,undefined,undefined,undefined,undefined,undefined,undefined,undefined,undefined,undefined,undefined,undefined,undefined,undefined,undefined,undefined
147.33,0.6,107.2,KI0MR,Paonia,CO,OPEN,string,47.6,NNE,string,147.33,147.93,107.2,Delta,On-Air,undefined,CCARC,string,undefined,Wide area.,undefined,undefined,undefined,undefined,undefined,undefined,North Fork Repeater Assoc.,undefined,undefined,undefined,undefined,undefined,undefined,undefined,undefined,undefined,undefined,undefined,undefined,undefined,undefined,undefined,undefined,undefined,undefined,undefined,undefined,undefined,undefined,undefined,undefined
449.525,-5,100,N0PKT,"Creede, Bristol Head",CO,OPEN,A,48.2,SE,string,449.525,444.525,100,Mineral,On-Air,undefined,undefined,string,100,undefined,The Fun Machine,undefined,Full-time to the  The Fun Machine System .,undefined,undefined,undefined,N0PKT,DM67lt,43265,undefined,undefined,undefined,undefined,undefined,undefined,undefined,undefined,undefined,undefined,undefined,undefined,undefined,undefined,undefined,undefined,undefined,undefined,undefined,undefined,undefined,undefined
449.825,-5,100,W0ALC,Cedaredge,CO,OPEN,string,49.4,N,string,449.825,444.825,100,Delta,undefined,undefined,CCARC,string,undefined,undefined,undefined,undefined,undefined,undefined,undefined,undefined,W0ALC,undefined,undefined,Unknown,undefined,undefined,undefined,undefined,undefined,undefined,undefined,undefined,undefined,undefined,undefined,undefined,undefined,undefined,undefined,undefined,undefined,undefined,undefined,undefined,undefined
147.36,0.6,100,W0ALC,Cedaredge,CO,OPEN,string,49.4,N,string,147.36,147.96,100,Delta,undefined,undefined,CCARC,string,undefined,undefined,undefined,undefined,undefined,undefined,undefined,undefined,W0ALC,undefined,undefined,Unknown,undefined,undefined,undefined,undefined,undefined,undefined,undefined,undefined,undefined,undefined,undefined,undefined,undefined,undefined,undefined,undefined,undefined,undefined,undefined,undefined,undefined
147.195,0.6,107.2,KC0QXX,"Cedaredge, Cedar Mesa",CO,OPEN,string,49.4,N,string,147.195,147.795,107.2,Delta,undefined,undefined,undefined,string,undefined,Local.,Colorado District 25 ARES,undefined,undefined,undefined,undefined,undefined,undefined,undefined,undefined,Unknown,undefined,undefined,undefined,undefined,undefined,undefined,undefined,undefined,undefined,undefined,undefined,undefined,undefined,undefined,undefined,undefined,undefined,undefined,undefined,undefined,undefined
146.925,-0.6,string,WA0JS,Creede,CO,OPEN,string,52.2,SE,string,146.925,146.325,string,Mineral,Off-Air,undefined,CCARC,string,undefined,undefined,undefined,undefined,undefined,undefined,WA0JS license expired,undefined,Creede ARC,undefined,undefined,undefined,undefined,undefined,undefined,undefined,undefined,undefined,undefined,undefined,undefined,undefined,undefined,undefined,undefined,undefined,undefined,undefined,undefined,undefined,undefined,undefined,undefined
449.95,-5,string,K5GF,Gunnison,CO,OPEN,string,52.2,E,string,449.95,444.95,string,Gunnison,undefined,undefined,CCARC,string,undefined,undefined,undefined,undefined,undefined,undefined,undefined,undefined,K5GF,undefined,undefined,Unknown,undefined,undefined,undefined,undefined,undefined,undefined,undefined,undefined,undefined,undefined,undefined,undefined,undefined,undefined,undefined,undefined,undefined,undefined,undefined,undefined,undefined
147.12,0.6,string,W0VTL,Gunnison,CO,OPEN,string,52.2,E,string,147.12,147.72,string,Gunnison,On-Air,undefined,CCARC,string,undefined,undefined,undefined,E-power.,undefined,undefined,undefined,undefined,W0VTL,undefined,undefined,undefined,undefined,undefined,undefined,undefined,undefined,undefined,undefined,undefined,undefined,undefined,undefined,undefined,undefined,undefined,undefined,undefined,undefined,undefined,undefined,undefined,undefined
449.4,-5,131.8,KB0YNA,"Delta, Uncompahgre Butte",CO,OPEN,I,53.9,WNW,string,449.4,444.4,131.8,Mesa,On-Air,http://www.gmra.org,CCARC,string,131.8,Wide area via links - Western Colorado - Eastern Utah,undefined,E-power.,Full-time to the  GMRA Open System .,3710,Closed IRLP out - Ask for a control op,RACES Wed 1930 Hrs,"WA4HND,  Grand Mesa Repeater Association",undefined,undefined,undefined,undefined,undefined,undefined,undefined,undefined,undefined,undefined,undefined,undefined,undefined,undefined,undefined,undefined,undefined,undefined,undefined,undefined,undefined,undefined,undefined,undefined
146.67,-0.6,100,K0EP,"Durango, Eagle Pass",CO,OPEN,string,55.4,SSW,string,146.67,146.07,100,La Plata,On-Air,DARC Repeaters,CCARC,string,undefined,Wide area.,undefined,11,"Part-time to  
        147.37500 (KB5ITS) at Silverton, Kendall Mountain, CO .",undefined,Linked active in the summer months only.,undefined,Durango ARC,undefined,undefined,undefined,undefined,undefined,undefined,undefined,undefined,undefined,undefined,undefined,undefined,undefined,undefined,undefined,undefined,undefined,undefined,undefined,undefined,undefined,undefined,undefined,undefined
146.7,-0.6,100,K0EP,"Durango, Missionary Ridge",CO,OPEN,string,56.1,S,string,146.7,146.1,100,La Plata,On-Air,http://durangoarc.org/,CCARC,string,100,Local.,undefined,9,undefined,undefined,undefined,undefined,Durango ARC,undefined,undefined,undefined,undefined,undefined,undefined,undefined,undefined,undefined,undefined,undefined,undefined,undefined,undefined,undefined,undefined,undefined,undefined,undefined,undefined,undefined,undefined,undefined,undefined
447.35,-5,107.2,string,"Cedaredge, Grand Mesa",CO,OPEN,string,56.2,N,string,447.35,442.35,107.2,Delta,undefined,GMRA Repeaters,CCARC,string,undefined,undefined,undefined,undefined,undefined,undefined,undefined,undefined,Grand Mesa Repeater Assoc (GMRA),undefined,undefined,Unknown,undefined,undefined,undefined,undefined,undefined,undefined,undefined,undefined,undefined,undefined,undefined,undefined,undefined,undefined,undefined,undefined,undefined,undefined,undefined,undefined,undefined
445.1375,-5,CC7,N0SZ,"Durango, Missionary Ridge",CO,OPEN,string,57.2,S,string,445.1375,440.1375,string,La Plata,On-Air,http://www.rmham.org/,CCARC,string,undefined,undefined,Rocky Mountain Ham Radio,undefined,undefined,undefined,undefined,undefined,K2AD,undefined,undefined,undefined,string,7,string,undefined,undefined,undefined,undefined,undefined,undefined,undefined,undefined,undefined,undefined,undefined,undefined,undefined,undefined,undefined,undefined,undefined,undefined
147.345,0.6,88.5,KB0VJJ,"Durango, Missionary Ridge",CO,OPEN,string,58.4,S,string,147.345,147.945,88.5,La Plata,On-Air,undefined,CCARC,string,123,Durango and north towards Molas Divide.,undefined,undefined,Full-time to the  Colorado Connection System .,undefined,undefined,"Central Colorado Traffic Net: Daily at 19:30.  
Colorado Connection Net (All Welcome): Thu at 20:00. 
Statewide ARES: Sun at 20:00.",Colorado Connection,undefined,undefined,undefined,undefined,undefined,undefined,undefined,undefined,undefined,undefined,undefined,undefined,undefined,undefined,undefined,undefined,undefined,undefined,undefined,undefined,undefined,undefined,undefined,undefined
449.65,-5,151.4,KB0YNA,"Grand Junction, Grand Mesa",CO,OPEN,I,60.8,N,string,449.65,444.65,151.4,Mesa,On-Air,undefined,CCARC,string,151.4,Wide area coverage,undefined,NWS weather alert system.,"Full-time to  
        447.65000 (KB0YNA) at Gunnison, W Mountain or Tenderfoot Mountain, CO .",8162,undefined,undefined,Keri Washburn,undefined,undefined,undefined,undefined,undefined,undefined,11,undefined,undefined,undefined,undefined,undefined,undefined,undefined,undefined,undefined,undefined,undefined,undefined,undefined,undefined,undefined,undefined,undefined
145.355,-0.6,88.5,KB0VJJ,"Grand Junction, Grand Mesa",CO,OPEN,string,60.8,N,string,145.355,144.755,88.5,Mesa,On-Air,undefined,CCARC,string,123,"Rifle to the east, several miles east of Green River, Utah to the west.",undefined,E-power.,Full-time to the  Colorado Connection System .,undefined,Colorado Connection system of repeaters,"Central Colorado Traffic Net: Daily at 19:30. 
Colorado Connection Net (all welcome): Thu at 20:00. 
Statewide ARES: Sun at 20:00.",Colorado Connection,undefined,undefined,undefined,undefined,undefined,undefined,undefined,undefined,undefined,undefined,undefined,undefined,undefined,undefined,undefined,undefined,undefined,undefined,undefined,undefined,undefined,undefined,undefined,undefined
442.375,5,100,KB5ITS,"Mancos, Caviness Mountain",CO,OPEN,string,61.2,SSW,string,442.375,447.375,100,Montezuma,On-Air,undefined,undefined,string,undefined,undefined,undefined,undefined,Full-time to the  San Juan Connection System .,undefined,undefined,undefined,San Juan Connection,undefined,undefined,undefined,undefined,undefined,undefined,undefined,undefined,undefined,undefined,undefined,undefined,undefined,undefined,undefined,undefined,undefined,undefined,undefined,undefined,undefined,undefined,undefined,undefined
448.15,-5,100,W0GJT,Grand Junction,CO,OPEN,EI,62.2,NW,string,448.15,443.15,100,Mesa,On-Air,undefined,CCARC,string,undefined,undefined,undefined,undefined,undefined,7963,undefined,undefined,undefined,undefined,undefined,undefined,undefined,undefined,undefined,undefined,312189,undefined,undefined,undefined,undefined,undefined,undefined,undefined,undefined,undefined,undefined,undefined,undefined,undefined,undefined,undefined,undefined
145.37,-0.6,100,KB0VIU,Hesperus,CO,OPEN,string,63.3,SSW,string,145.37,144.77,100,La Plata,On-Air,http://www.sjcham.com,CCARC,string,100,undefined,undefined,E-power.,undefined,undefined,undefined,undefined,undefined,undefined,undefined,undefined,undefined,undefined,undefined,undefined,undefined,undefined,undefined,undefined,undefined,undefined,undefined,undefined,undefined,undefined,undefined,undefined,undefined,undefined,undefined,undefined,undefined
145.19,-0.6,100,KB5ITS,"Dolores, Summit Ridge",CO,OPEN,string,63.7,SW,string,145.19,144.59,100,Montezuma,On-Air,http://www.sjcham.com,CCARC,string,undefined,undefined,undefined,undefined,undefined,undefined,undefined,undefined,undefined,undefined,undefined,undefined,undefined,undefined,undefined,undefined,undefined,undefined,undefined,undefined,undefined,undefined,undefined,undefined,undefined,undefined,undefined,undefined,undefined,undefined,undefined,undefined,undefined
447.275,-5,100,KB5ITS,"Dolores, Summit Ridge",CO,OPEN,string,63.7,SW,string,447.275,442.275,100,Montezuma,On-Air,http://www.sjcham.com,undefined,string,undefined,undefined,undefined,undefined,undefined,undefined,undefined,undefined,undefined,undefined,undefined,undefined,undefined,undefined,undefined,undefined,undefined,undefined,undefined,undefined,undefined,undefined,undefined,undefined,undefined,undefined,undefined,undefined,undefined,undefined,undefined,undefined,undefined
449.85,-5,100,K0EP,Durango,CO,OPEN,string,63.8,S,string,449.85,444.85,100,La Plata,On-Air,undefined,CCARC,string,100,undefined,undefined,undefined,undefined,undefined,undefined,undefined,DARC,undefined,undefined,undefined,undefined,undefined,undefined,undefined,undefined,undefined,undefined,undefined,undefined,undefined,undefined,undefined,undefined,undefined,undefined,undefined,undefined,undefined,undefined,undefined,undefined
448.625,-5,131.8,KC5EVE,Durango,CO,OPEN,string,63.8,S,string,448.625,443.625,131.8,La Plata,undefined,undefined,CCARC,string,131.8,Wide area.,undefined,undefined,undefined,undefined,undefined,undefined,KC5EVE,undefined,undefined,Unknown,undefined,undefined,undefined,undefined,undefined,undefined,undefined,undefined,undefined,undefined,undefined,undefined,undefined,undefined,undefined,undefined,undefined,undefined,undefined,undefined,undefined
449.3,-5,107.2,WA4HND,"Grand Junction, Grand Mesa",CO,OPEN,I,64.6,NNW,string,449.3,444.3,107.2,Mesa,On-Air,http://www.gmra.org/,CCARC,string,107.2,Wide Area I-70 West Rifle to Western Utah,undefined,e-power Linked to GMRA Open System,undefined,3710,Closed IRLP out,RACES Wed 1930 hrs,undefined,undefined,undefined,undefined,undefined,undefined,undefined,undefined,undefined,undefined,undefined,undefined,undefined,undefined,undefined,undefined,undefined,undefined,undefined,undefined,undefined,undefined,undefined,undefined,undefined
147.135,0.6,100,KB5ITS,"Durango, Smelter Mountain",CO,OPEN,string,64.8,S,string,147.135,147.735,100,La Plata,On-Air,http://www.sjcham.com,CCARC,string,100,undefined,undefined,undefined,undefined,undefined,undefined,undefined,undefined,undefined,undefined,undefined,undefined,undefined,undefined,undefined,undefined,undefined,undefined,undefined,undefined,undefined,undefined,undefined,undefined,undefined,undefined,undefined,undefined,undefined,undefined,undefined,undefined
446.7375,-5,CC6,N5UBJ,"Mancos, Caviness Mountain",CO,OPEN,string,65,SSW,string,446.7375,441.7375,string,Montezuma,On-Air,http://www.rmham.org,CCARC,string,undefined,undefined,undefined,undefined,undefined,undefined,undefined,undefined,RMHAM,undefined,undefined,undefined,string,6,string,undefined,undefined,string,"Open Talkgroup View 


 
   
    
     Assignment 
     TS 
     TG 
     Access 
   

  Colorado  1  700      Southern Colorado  1  719    
  
 
 
function myFunction(id) {
    var x = document.getElementById(id);
    if (x.className.indexOf(""w3-show"") == -1) {
        x.className += "" w3-show"";
    } else {
        x.className = x.className.replace("" w3-show"", """");
    }
}",1,1,undefined,undefined,undefined,undefined,undefined,undefined,undefined,undefined,undefined,undefined,undefined,undefined
145.325,-0.6,100,KB5ITS,"Mancos, Menefee Mountain",CO,OPEN,string,65.3,SSW,string,145.325,144.725,100,Montezuma,On-Air,http://www.sjcham.com,CCARC,string,undefined,Wide area.,undefined,E-power.,undefined,undefined,Full time to the San Juan Connection,undefined,undefined,undefined,undefined,undefined,undefined,undefined,undefined,undefined,undefined,undefined,undefined,undefined,undefined,undefined,undefined,undefined,undefined,undefined,undefined,undefined,undefined,undefined,undefined,undefined,undefined
446.9125,-5,CC1,W0BX,"Grand Junction, Grand Mesa",CO,OPEN,string,66.3,NNW,string,446.9125,441.9125,string,Mesa,On-Air,undefined,undefined,string,undefined,"Grand Junction, I70",undefined,undefined,undefined,undefined,Brandmeister network,undefined,Bill Frost,undefined,undefined,undefined,string,1,string,undefined,undefined,undefined,undefined,undefined,undefined,undefined,undefined,undefined,undefined,undefined,undefined,undefined,undefined,undefined,undefined,undefined,undefined
147.355,-0.6,88.5,KB0VJJ,"Grand Junction, Grand Mesa",CO,OPEN,string,72.8,NW,string,147.355,146.755,88.5,Mesa,On-Air,undefined,CCARC,string,123,undefined,undefined,undefined,Full-time to the  Colorado Connection System .,undefined,undefined,undefined,Colorado Connection,undefined,undefined,undefined,undefined,undefined,undefined,undefined,undefined,undefined,undefined,undefined,undefined,undefined,undefined,undefined,undefined,undefined,undefined,undefined,undefined,undefined,undefined,undefined,undefined
447.65,-5,151.4,KB0YNA,"Gunnison, W Mountain or Tenderfoot Mountain",CO,OPEN,string,72.9,E,string,447.65,442.65,151.4,Gunnison,On-Air,undefined,CCARC,string,151.4,Gunnison valley and along East and west on Highway 50.,undefined,"Linked to 448.650 in Montrose, Colorado and 449.650 in Grand Junction, Colorado.","Full-time to  
        448.65000 (KB0YNA) at Montrose, Waterdog Peak, CO .
 


Full-time to  
        449.65000 (KB0YNA) at Grand Junction, Grand Mesa, CO .",undefined,undefined,undefined,KB0YNA,undefined,undefined,undefined,undefined,undefined,undefined,undefined,undefined,undefined,undefined,undefined,undefined,undefined,undefined,undefined,undefined,undefined,undefined,undefined,undefined,undefined,undefined,undefined,undefined
449.5,-5,107.2,KB0SW,Collbran,CO,OPEN,string,72.9,N,string,449.5,444.5,107.2,Mesa,Off-Air,undefined,CCARC,string,undefined,undefined,undefined,E-power.,undefined,undefined,undefined,undefined,Grand Mesa Repeater Association (GMRA),undefined,undefined,undefined,undefined,undefined,undefined,undefined,undefined,undefined,undefined,undefined,undefined,undefined,undefined,undefined,undefined,undefined,undefined,undefined,undefined,undefined,undefined,undefined,undefined
447.5,-5,114.8,KC0ARV,Grand Junction,CO,OPEN,string,73,NW,string,447.5,442.5,114.8,Mesa,undefined,undefined,CCARC,string,undefined,undefined,undefined,undefined,undefined,undefined,undefined,undefined,KC0ARV,undefined,undefined,Unknown,undefined,undefined,undefined,undefined,undefined,undefined,undefined,undefined,undefined,undefined,undefined,undefined,undefined,undefined,undefined,undefined,undefined,undefined,undefined,undefined,undefined
449,-5,string,KB0SW,Grand Junction,CO,CLOSED,string,73,NW,string,449,444,string,Mesa,On-Air,undefined,CCARC,string,107.2,undefined,Grand Mesa Repeater Assoc,undefined,undefined,undefined,undefined,undefined,KB0SW,undefined,undefined,undefined,undefined,undefined,undefined,undefined,undefined,undefined,undefined,undefined,undefined,undefined,undefined,undefined,undefined,undefined,undefined,undefined,undefined,undefined,undefined,undefined,undefined
449.775,-5,173.8,KD0SMZ,Grand Junction,CO,OPEN,EI,73,NW,string,449.775,444.775,173.8,Mesa,On-Air,undefined,CCARC,string,88.5,undefined,undefined,undefined,undefined,7573,undefined,undefined,undefined,undefined,undefined,undefined,undefined,undefined,undefined,undefined,7572,undefined,undefined,undefined,undefined,undefined,undefined,undefined,undefined,undefined,undefined,undefined,undefined,undefined,undefined,undefined,undefined
145.22,-0.6,107.2,KE0TY,Grand Junction,CO,OPEN,string,73,NW,string,145.22,144.62,107.2,Mesa,undefined,undefined,CCARC,string,undefined,undefined,undefined,undefined,undefined,undefined,undefined,undefined,KE0TY,undefined,undefined,Unknown,undefined,undefined,undefined,undefined,undefined,undefined,undefined,undefined,undefined,undefined,undefined,undefined,undefined,undefined,undefined,undefined,undefined,undefined,undefined,undefined,undefined
146.82,-0.6,107.2,W0GJT,Grand Junction,CO,OPEN,A,73,NW,string,146.82,146.22,107.2,Mesa,On-Air,undefined,CCARC,string,undefined,Wide area: North Western Colorado - South to Montrose and East on I-70.,undefined,undefined,undefined,undefined,undefined,undefined,undefined,undefined,28515,undefined,undefined,undefined,undefined,undefined,undefined,undefined,undefined,undefined,undefined,undefined,undefined,undefined,undefined,undefined,undefined,undefined,undefined,undefined,undefined,undefined,undefined
147.39,0.6,107.2,KE0TY,Grand Junction,CO,OPEN,string,73,NW,string,147.39,147.99,107.2,Mesa,undefined,undefined,CCARC,string,undefined,undefined,undefined,Linked.,undefined,undefined,undefined,undefined,KE0TY,undefined,undefined,Unknown,undefined,undefined,undefined,undefined,undefined,undefined,undefined,undefined,undefined,undefined,undefined,undefined,undefined,undefined,undefined,undefined,undefined,undefined,undefined,undefined,undefined
446.775,-5,string,KD0RED,Grand Junction,CO,OPEN,string,73,NW,string,446.775,441.775,undefined,Mesa,On-Air,undefined,undefined,string,undefined,undefined,undefined,undefined,undefined,undefined,undefined,undefined,undefined,undefined,undefined,undefined,undefined,undefined,undefined,undefined,undefined,undefined,undefined,undefined,undefined,string,KD0RED (B) Gateway Repeater,"jfindu lookup 
    /   dstar-users lookup",undefined,undefined,undefined,undefined,undefined,undefined,undefined,undefined,undefined
147.105,0.6,string,K0SSI,Grand Junction,CO,OPEN,string,73,NW,string,147.105,147.705,string,Mesa,On-Air,undefined,CCARC,string,undefined,undefined,undefined,undefined,undefined,undefined,undefined,undefined,K0SSI,undefined,undefined,undefined,undefined,undefined,undefined,undefined,undefined,undefined,undefined,undefined,undefined,undefined,undefined,undefined,undefined,undefined,undefined,undefined,undefined,undefined,undefined,undefined,undefined
146.79,-0.6,127.3,KD5LWU,"Cortez, Downtown",CO,OPEN,EA,73.2,SW,string,146.79,146.19,127.3,Montezuma,On-Air,undefined,CCARC,string,127.3,undefined,undefined,undefined,undefined,undefined,undefined,4,KD5LWU,undefined,29317,undefined,undefined,undefined,undefined,undefined,24336,undefined,undefined,undefined,undefined,undefined,undefined,undefined,undefined,undefined,undefined,undefined,undefined,undefined,undefined,undefined,undefined
449.175,-5,127.3,KD5LWU,Cortez,CO,OPEN,E,73.2,SW,string,449.175,444.175,127.3,Montezuma,Off-Air,undefined,CCARC,string,undefined,undefined,undefined,undefined,undefined,undefined,undefined,undefined,KD5LWU,undefined,undefined,undefined,undefined,undefined,undefined,undefined,24336,undefined,undefined,undefined,undefined,undefined,undefined,undefined,undefined,undefined,undefined,undefined,undefined,undefined,undefined,undefined,undefined
147.15,0.6,100,KB5ITS,"Ignacio, Spring Creek",CO,OPEN,string,75.1,S,string,147.15,147.75,100,La Plata,On-Air,http://www.sjcham.com,CCARC,string,undefined,Bayfield,undefined,E-power.,undefined,undefined,undefined,undefined,undefined,undefined,undefined,undefined,undefined,undefined,undefined,undefined,undefined,undefined,undefined,undefined,undefined,undefined,undefined,undefined,undefined,undefined,undefined,undefined,undefined,undefined,undefined,undefined,undefined
145.175,-0.6,107.2,W0RRZ,"Grand Junction, GJT",CO,OPEN,I,75.3,NNW,string,145.175,144.575,107.2,Mesa,On-Air,undefined,CCARC,string,undefined,Greater grand Junction area.,undefined,"E-power,",undefined,3161,undefined,undefined,undefined,undefined,undefined,undefined,undefined,undefined,undefined,Standard IRLP node commands.,undefined,undefined,undefined,undefined,undefined,undefined,undefined,undefined,undefined,undefined,undefined,undefined,undefined,undefined,undefined,undefined,undefined
146.61,-0.6,123,N0JSP,"Pagosa Springs, Oakbrush Hill",CO,OPEN,string,78.6,SSE,string,146.61,146.01,123,Archuleta,On-Air,http://durangoarc.org/,CCARC,string,undefined,undefined,undefined,undefined,undefined,undefined,undefined,undefined,undefined,undefined,undefined,undefined,undefined,undefined,undefined,undefined,undefined,undefined,undefined,undefined,undefined,undefined,undefined,undefined,undefined,undefined,undefined,undefined,undefined,undefined,undefined,undefined,undefined
146.94,-0.6,107.2,W0RRZ,"Grand Junction, Black Ridge (Above Colorado Ntl Monument)",CO,OPEN,string,79.7,NW,string,146.94,146.34,107.2,Mesa,On-Air,http://w0rrz.org,CCARC,string,107.2,Grand Junction 30-50 mi,undefined,E-power and autopatch for WCARC members,undefined,undefined,undefined,Oatmeal Net: Mon-Fri at 7:30AM-8:00AM,Western Colorado Amateur Radio Club,undefined,undefined,undefined,undefined,undefined,undefined,undefined,undefined,undefined,undefined,undefined,undefined,undefined,undefined,undefined,undefined,undefined,undefined,undefined,undefined,undefined,undefined,undefined,undefined
449.575,-5,131.8,WA4HND,"Grand Junction, Black Ridge",CO,OPEN,I,79.7,NW,string,449.575,444.575,131.8,Mesa,On-Air,GMRA Repeaters,CCARC,string,131.8,Grand Junction,Grand Mesa Repeater Assoc,e-power. Linked to GMRA Open System,undefined,3710,Closed IRLP out,Wed RACES Net 1930 Hrs,undefined,undefined,undefined,undefined,undefined,undefined,undefined,undefined,undefined,undefined,undefined,undefined,undefined,undefined,undefined,undefined,undefined,undefined,undefined,undefined,undefined,undefined,undefined,undefined,undefined
145.325,-0.6,100,KD0MRC,"Maysville, CO",CO,OPEN,string,80.6,E,string,145.325,144.725,100,Chaffee,On-Air,undefined,undefined,string,undefined,wide area,undefined,undefined,undefined,undefined,undefined,undefined,Chaffee Lake Amateur Repeater Association,undefined,undefined,undefined,undefined,undefined,undefined,undefined,undefined,undefined,undefined,undefined,undefined,undefined,undefined,undefined,undefined,undefined,undefined,undefined,undefined,undefined,undefined,undefined,undefined
146.67,-0.6,107.2,K0CL,Snowmass Village,CO,OPEN,string,83.7,NNE,string,146.67,146.07,107.2,Pitkin,On-Air,undefined,CCARC,string,undefined,Wide area.,undefined,Linked.,undefined,undefined,undefined,undefined,Ski Country ARC,undefined,undefined,undefined,undefined,undefined,undefined,undefined,undefined,undefined,undefined,undefined,undefined,undefined,undefined,undefined,undefined,undefined,undefined,undefined,undefined,undefined,undefined,undefined,undefined
447.05,-5,136.5,K0VQ,"Aspen, Aspen Mountain",CO,OPEN,string,85,NE,string,447.05,442.05,136.5,Pitkin,On-Air,undefined,CCARC,string,136.5,Aspen-Snowmass areas.,undefined,undefined,undefined,undefined,undefined,undefined,Roaring Fork Amateur Repeater Cooperative,undefined,undefined,undefined,undefined,undefined,undefined,undefined,undefined,undefined,undefined,undefined,undefined,undefined,undefined,undefined,undefined,undefined,undefined,undefined,undefined,undefined,undefined,undefined,undefined
147.06,0.6,100,NM5SJ,"Nebo, Cedar Hill",NM,OPEN,string,86.1,S,string,147.06,147.66,100,San Juan,On-Air,undefined,NMFCC,string,undefined,undefined,undefined,undefined,undefined,undefined,undefined,undefined,undefined,undefined,undefined,undefined,undefined,undefined,undefined,undefined,undefined,undefined,undefined,undefined,undefined,undefined,undefined,undefined,undefined,undefined,undefined,undefined,undefined,undefined,undefined,undefined,undefined
146.76,-0.6,88.5,K7QEQ,"Moab, Bald Mesa",UT,OPEN,string,86.7,WNW,string,146.76,146.16,88.5,Grand,On-Air,http://www.sdarc.us/repeaters/bald.html,UVHFS,string,undefined,Moab and immediate surroundings.,undefined,undefined,undefined,undefined,8,undefined,Sinbad Desert ARC,undefined,undefined,undefined,undefined,undefined,undefined,undefined,undefined,undefined,undefined,undefined,undefined,undefined,undefined,undefined,undefined,undefined,undefined,undefined,undefined,undefined,undefined,undefined,undefined
449.1,-5,107.2,K7QEQ,"Moab, Bald Mesa",UT,OPEN,string,86.8,WNW,string,449.1,444.1,107.2,Grand,On-Air,GMRA Repeaters,UVHFS,string,107.2,"Wide area: Moab and surrounding areas, including large portions of Arches and Canyonlands National Parks.",undefined,8,undefined,undefined,undefined,RACES Wed. 1930 hours,Grand Mesa Repeater Association (GMRA),undefined,undefined,undefined,undefined,undefined,undefined,undefined,undefined,undefined,undefined,undefined,undefined,undefined,undefined,undefined,undefined,undefined,undefined,undefined,undefined,undefined,undefined,undefined,undefined
449.725,-5,179.9,K0ELK,"Carbondale, Four Mile Ridge",CO,OPEN,IA,86.9,NNE,string,449.725,444.725,179.9,Garfield,On-Air,undefined,CCARC,string,undefined,Wide area.,undefined,EchoLink.,undefined,3722,undefined,undefined,Roaring Fork Amateur Repeater Cooperative (RFARC),undefined,28434,undefined,undefined,undefined,undefined,undefined,undefined,undefined,undefined,undefined,undefined,undefined,undefined,undefined,undefined,undefined,undefined,undefined,undefined,undefined,undefined,undefined,undefined
147.39,0.6,107.2,K0SNO,"Carbondale, Four Mile Ridge",CO,OPEN,string,86.9,NNE,string,147.39,147.99,107.2,Garfield,On-Air,undefined,undefined,string,undefined,"Rifle, Carbondale, El Jebel, Glenwood Springs, Basalt and Aspen.",undefined,undefined,undefined,undefined,undefined,undefined,Roaring Fork Amateur Repeater Cooperative,undefined,undefined,undefined,undefined,undefined,undefined,undefined,undefined,undefined,undefined,undefined,undefined,undefined,undefined,undefined,undefined,undefined,undefined,undefined,undefined,undefined,undefined,undefined,undefined
449.6,-5,107.2,N0XLI,"Glenwood Springs, Sunlight Peak",CO,OPEN,string,87.7,NNE,string,449.6,444.6,107.2,Garfield,On-Air,http://www.gmra.org,CCARC,string,undefined,Wide area.,undefined,e-power Linked to GMRA open system,undefined,undefined,undefined,undefined,undefined,undefined,undefined,undefined,undefined,undefined,undefined,undefined,undefined,undefined,undefined,undefined,undefined,undefined,undefined,undefined,undefined,undefined,undefined,undefined,undefined,undefined,undefined,undefined,undefined
146.85,-0.6,88.5,KB0VJJ,"Glenwood Springs, Sunlight Peak",CO,OPEN,string,87.7,NNE,string,146.85,146.25,88.5,Garfield,On-Air,undefined,CCARC,string,123,"Wide area: Throughout the Roaring Fork Valley, Glenwood Canyon, East and West on I-70, and the Flattops Wilderness north of Glenwood.",undefined,70,undefined,undefined,Part of the Colorado Connection System of Repeaters,Daily 7:30PM Local Time Central Colorado Traffic Net Thursdays 8:00PM Colorado Connection Net All Welcome Sundays 8:00PM Statewide ARES net,Colorado Connection,undefined,undefined,undefined,undefined,undefined,undefined,undefined,undefined,undefined,undefined,undefined,undefined,undefined,undefined,undefined,undefined,undefined,undefined,undefined,undefined,undefined,undefined,undefined,undefined
146.88,-0.6,107.2,KI0G,"Glenwood Springs, Sunlight Peak",CO,OPEN,string,87.7,NNE,string,146.88,146.28,107.2,Garfield,On-Air,undefined,CCARC,string,undefined,undefined,undefined,undefined,"Full-time to  
        447.60000 (KI0G) at Glenwood Springs, CO .",undefined,undefined,undefined,Ski Country ARC,undefined,undefined,undefined,undefined,undefined,undefined,undefined,undefined,undefined,undefined,undefined,undefined,undefined,undefined,undefined,undefined,undefined,undefined,undefined,undefined,undefined,undefined,undefined,undefined
447.1,-5,107.2,KI0G,"Glenwood Springs, Sunlight Peak",CO,OPEN,string,87.7,NNE,string,447.1,442.1,107.2,Garfield,On-Air,undefined,CCARC,string,undefined,undefined,undefined,undefined,undefined,undefined,undefined,undefined,Ski Country ARC,undefined,undefined,undefined,undefined,undefined,undefined,undefined,undefined,undefined,undefined,undefined,undefined,undefined,undefined,undefined,undefined,undefined,undefined,undefined,undefined,undefined,undefined,undefined,undefined
449.8,-5,107.2,WA4HND,"Parachute, Mount Callahan",CO,OPEN,string,88.1,N,string,449.8,444.8,107.2,Garfield,On-Air,GMRA Repeaters,CCARC,string,undefined,undefined,undefined,8,undefined,undefined,undefined,undefined,undefined,undefined,undefined,undefined,undefined,undefined,undefined,undefined,undefined,undefined,undefined,undefined,undefined,undefined,undefined,undefined,undefined,undefined,undefined,undefined,undefined,undefined,undefined,undefined,undefined
146.76,-0.6,107.2,N0SWE,Rifle,CO,OPEN,E,88.4,N,string,146.76,146.16,107.2,Garfield,Off-Air,undefined,CCARC,string,undefined,"New Castle, Silt, Rifle and Rulison and areas around Parachute.",undefined,E-power.,undefined,undefined,undefined,undefined,"N0SWE,  Roaring Fork Amateur Repeater Cooperative",DM69cl,undefined,undefined,undefined,undefined,undefined,undefined,243117,undefined,undefined,undefined,undefined,undefined,undefined,undefined,undefined,undefined,undefined,undefined,undefined,undefined,undefined,undefined,undefined
447.15,-5,136.5,K0VQ,"Carbondale, Missouri Heights",CO,OPEN,E,92.6,NNE,string,447.15,442.15,136.5,Garfield,On-Air,undefined,undefined,string,undefined,undefined,undefined,undefined,undefined,undefined,"Please contact Tracy, K0VQ, by email or on-the-air prior to attempting to use this node to obtain codes for specific questions and to make sure that proper protocol is followed. Please DO NOT just key up and start issuing DTMF codes, connecting to reflectors, etc., without guidance.",undefined,undefined,undefined,undefined,undefined,undefined,undefined,undefined,undefined,8150,undefined,undefined,undefined,undefined,undefined,undefined,undefined,undefined,undefined,undefined,undefined,undefined,undefined,undefined,undefined,undefined
146.745,-0.6,100,W0LSD,Nathrop,CO,OPEN,string,92.6,E,string,146.745,146.145,100,Chaffee,Off-Air,undefined,CCARC,string,undefined,undefined,undefined,E-power.,undefined,undefined,undefined,undefined,CLARA,undefined,undefined,undefined,undefined,undefined,undefined,undefined,undefined,undefined,undefined,undefined,undefined,undefined,undefined,undefined,undefined,undefined,undefined,undefined,undefined,undefined,undefined,undefined,undefined
223.94,-1.6,string,K7QEQ,"Monticello, Abajo Pk",UT,CLOSED,string,94.8,WSW,string,223.94,222.34,string,San Juan,undefined,undefined,UVHFS,string,undefined,"Wide area: Southeastern Utah, Southwest Colorado, Northwest New Mexico and extreme Northeastern Arizona, including Monticello, Blanding, and much of Canyonlands National Park.",undefined,11,undefined,undefined,undefined,undefined,Grand Mesa Rptr Assoc,undefined,undefined,Unknown,undefined,undefined,undefined,undefined,undefined,undefined,undefined,undefined,undefined,undefined,undefined,undefined,undefined,undefined,undefined,undefined,undefined,undefined,undefined,undefined,undefined
447.1,-5,107.2,K7QEQ,"Monticello, Abajo Peak",UT,OPEN,string,94.8,WSW,string,447.1,442.1,107.2,San Juan,On-Air,http://gmra.org,UVHFS,string,107.2,Wide area.,undefined,E-power.,Full-time to the  GMRA Open System .,undefined,11,undefined,Grand Mesa Repeater Association (GMRA),undefined,undefined,undefined,undefined,undefined,undefined,undefined,undefined,undefined,undefined,undefined,undefined,undefined,undefined,undefined,undefined,undefined,undefined,undefined,undefined,undefined,undefined,undefined,undefined
146.61,-0.6,88.5,K7SDC,"Monticello, Abajo Peak",UT,OPEN,EI,94.8,WSW,string,146.61,146.01,88.5,San Juan,On-Air,http://www.sdarc.us/repeaters/abajo.html,UVHFS,string,undefined,"Wide area: Southeastern Utah, Southwest Colorado, Northwest New Mexico and extreme Northeastern Arizona, including Monticello, Blanding, and much of Canyonlands National Park.",undefined,Remote base.,undefined,3270,11.36,undefined,Sinbad Desert ARC,undefined,undefined,undefined,undefined,undefined,undefined,undefined,64264,undefined,undefined,undefined,undefined,undefined,undefined,undefined,undefined,undefined,undefined,undefined,undefined,undefined,undefined,undefined,undefined
447.4,-5,string,K7QEQ,"Monticello, Abajo Peak",UT,CLOSED,string,94.8,WSW,string,447.4,442.4,string,San Juan,undefined,undefined,UVHFS,string,undefined,"Wide area: Southeastern Utah, Southwest Colorado, Northwest New Mexico and extreme Northeastern Arizona, including Monticello, Blanding, and much of Canyonlands National Park.",Cactus-Intertie,11,undefined,undefined,undefined,undefined,undefined,undefined,undefined,Unknown,undefined,undefined,undefined,undefined,undefined,undefined,undefined,undefined,undefined,undefined,undefined,undefined,undefined,undefined,undefined,undefined,undefined,undefined,undefined,undefined,undefined
146.88,-0.6,100,KB5ITS,"Aztec, Tank Mtn",NM,OPEN,string,95.6,S,string,146.88,146.28,100,San Juan,On-Air,http://www.sjcham.com,NMFCC,string,undefined,undefined,undefined,undefined,Full-time to the  San Juan Connection System .,undefined,undefined,undefined,undefined,undefined,undefined,undefined,undefined,undefined,undefined,undefined,undefined,undefined,undefined,undefined,undefined,undefined,undefined,undefined,undefined,undefined,undefined,undefined,undefined,undefined,undefined,undefined,undefined
442.25,5,CC1,N5UBJ,Aztec,NM,OPEN,string,95.6,S,string,442.25,447.25,string,San Juan,On-Air,http://www.aztrbonet.com/MinimalNetwatch,NMFCC,string,undefined,undefined,undefined,undefined,undefined,undefined,undefined,undefined,undefined,undefined,undefined,undefined,string,1,string,undefined,undefined,AZ-TrboNet,"Open Talkgroup View 


 
   
    
     Assignment 
     TS 
     TG 
     Access 
   

  Worldwide  1  1  PTT    North America  1  3  PTT    English  1  13  Full-Time      2    Full-Time    Europe  2  2  Full-Time    TAC 310  2  310  PTT    DCI Bridge  2  3100  PTT    Southwest USA  2  3176  PTT  
  
 
 
function myFunction(id) {
    var x = document.getElementById(id);
    if (x.className.indexOf(""w3-show"") == -1) {
        x.className += "" w3-show"";
    } else {
        x.className = x.className.replace("" w3-show"", """");
    }
}",undefined,undefined,undefined,undefined,undefined,1,1,1,2,2,2,2,undefined,undefined
146.74,-0.6,100,NM5SJ,Aztec,NM,OPEN,string,95.6,S,string,146.74,146.14,100,San Juan,On-Air,undefined,NMFCC,string,undefined,undefined,undefined,"Closed autopatch, e-power.",undefined,undefined,undefined,undefined,Totah ARC,undefined,undefined,undefined,undefined,undefined,undefined,undefined,undefined,undefined,undefined,undefined,undefined,undefined,undefined,undefined,undefined,undefined,undefined,undefined,undefined,undefined,undefined,undefined,undefined
447.45,-5,107.2,KB5ITS,Aztec,NM,OPEN,string,95.6,S,string,447.45,442.45,107.2,San Juan,On-Air,undefined,NMFCC,string,undefined,undefined,undefined,"E-power, remote base.",undefined,undefined,undefined,undefined,KB5ITS,undefined,undefined,undefined,undefined,undefined,undefined,undefined,undefined,undefined,undefined,undefined,undefined,undefined,undefined,undefined,undefined,undefined,undefined,undefined,undefined,undefined,undefined,undefined,undefined
447.1,-5,77,N0KM,Center,CO,OPEN,string,95.7,SE,string,447.1,442.1,77,Saguache,On-Air,undefined,undefined,string,undefined,undefined,undefined,undefined,undefined,undefined,undefined,undefined,undefined,undefined,undefined,undefined,undefined,undefined,undefined,undefined,undefined,undefined,undefined,undefined,undefined,undefined,undefined,undefined,undefined,undefined,undefined,undefined,undefined,undefined,undefined,undefined,undefined
146.64,-0.6,77,N0KM,Center,CO,OPEN,A,96,SE,string,146.64,146.04,77,Rio Grande,On-Air,undefined,undefined,string,77,Low level local coverage,undefined,undefined,undefined,undefined,undefined,undefined,undefined,undefined,28781,undefined,undefined,undefined,undefined,undefined,undefined,undefined,undefined,undefined,undefined,undefined,undefined,undefined,undefined,undefined,undefined,undefined,undefined,undefined,undefined,undefined,undefined
147.3,0.6,107.2,K0VQ,"Glenwood Springs, Three Mile Ridge",CO,OPEN,E,96.8,NNE,string,147.3,147.9,107.2,Garfield,Off-Air,undefined,CCARC,string,undefined,"Wide area: Glenwood Springs, Glenwood Canyon, South Canyon, Carbondale and surrounding areas.",undefined,8,undefined,undefined,Single beep courtesy tone when linked and none when unlinked.,undefined,Roaring Fork Amateur Repeater Cooperative,undefined,undefined,undefined,undefined,undefined,undefined,undefined,266359,undefined,undefined,undefined,undefined,undefined,undefined,undefined,undefined,undefined,undefined,undefined,undefined,undefined,undefined,undefined,undefined
449.85,-5,131.8,WA4HND,"Glenwood Springs, Lookout Mountain",CO,OPEN,string,96.8,NNE,string,449.85,444.85,131.8,Garfield,On-Air,http://GMRA.org,CCARC,string,131.8,Glenwood Springs,Grand Mesa Repeater Assoc,e-power  Linked to GMRA Open System,Full-time to the  GMRA Open System .,undefined,RACES net Wed 1930 Hrs Local,Colorado State RACES  Wed 1930 local,undefined,undefined,undefined,undefined,undefined,undefined,undefined,undefined,undefined,undefined,undefined,undefined,undefined,undefined,undefined,undefined,undefined,undefined,undefined,undefined,undefined,undefined,undefined,undefined,undefined
447.6,-5,string,KI0G,Glenwood Springs,CO,CLOSED,string,96.8,NNE,string,447.6,442.6,string,Garfield,undefined,undefined,CCARC,string,undefined,40,undefined,50,"Full-time to  
        146.88000 (KI0G) at Glenwood Springs, Sunlight Peak, CO .",undefined,Link Hub for 146.880.,undefined,Ski Country ARC (SCARC),undefined,undefined,Unknown,undefined,undefined,undefined,undefined,undefined,undefined,undefined,undefined,undefined,undefined,undefined,undefined,undefined,undefined,undefined,undefined,undefined,undefined,undefined,undefined,undefined
224.02,-1.6,string,KI0G,Glenwood Springs,CO,CLOSED,string,96.8,NNE,string,224.02,222.42,string,Garfield,undefined,undefined,CCARC,string,undefined,undefined,undefined,undefined,undefined,undefined,undefined,undefined,SCARC,undefined,undefined,Unknown,undefined,undefined,undefined,undefined,undefined,undefined,undefined,undefined,undefined,undefined,undefined,undefined,undefined,undefined,undefined,undefined,undefined,undefined,undefined,undefined,undefined
147.36,0.6,100,KB5ITS,"Navajo Dam, Navajo Lake",NM,OPEN,string,96.8,S,string,147.36,147.96,100,San Juan,On-Air,http://www.sjcham.com,NMFCC,string,undefined,undefined,undefined,undefined,Full-time to the  San Juan Connection System .,undefined,undefined,undefined,undefined,undefined,undefined,undefined,undefined,undefined,undefined,undefined,undefined,undefined,undefined,undefined,undefined,undefined,undefined,undefined,undefined,undefined,undefined,undefined,undefined,undefined,undefined,undefined,undefined
449.925,-5,103.5,WZ0N,"Salida, Methodist Mountain",CO,OPEN,string,97.1,ESE,string,449.925,444.925,103.5,Chaffee,On-Air,undefined,CCARC,string,103.5,"Upper Arkansas and Platte Rivers, and the SLV",Colorado ARES,E-power (Bat),undefined,undefined,Identifies with an 'M' following WZ0N callsign which identifies the site as Methodist.,undefined,undefined,undefined,undefined,undefined,undefined,undefined,undefined,undefined,undefined,undefined,undefined,undefined,undefined,undefined,undefined,undefined,undefined,undefined,undefined,undefined,undefined,undefined,undefined,undefined,undefined
449.65,-5,107.2,KC0CVU,"Salida, Methodist Mountain",CO,OPEN,string,97.1,ESE,string,449.65,444.65,107.2,Chaffee,On-Air,CMRG Repeaters,CCARC,string,undefined,Wide area.,undefined,E-power.,undefined,undefined,undefined,undefined,undefined,undefined,undefined,undefined,undefined,undefined,undefined,undefined,undefined,undefined,undefined,undefined,undefined,undefined,undefined,undefined,undefined,undefined,undefined,undefined,undefined,undefined,undefined,undefined,undefined
145.43,-0.6,136.5,NM5SJ,Dulce,NM,OPEN,string,97.1,SSE,string,145.43,144.83,136.5,Rio Arriba,On-Air,undefined,NMFCC,string,undefined,undefined,undefined,undefined,undefined,undefined,undefined,undefined,SJC EMCOMM,undefined,undefined,undefined,undefined,undefined,undefined,undefined,undefined,undefined,undefined,undefined,undefined,undefined,undefined,undefined,undefined,undefined,undefined,undefined,undefined,undefined,undefined,undefined,undefined
449.975,-5,100,K0JSC,"Salida, Methodist Mountain",CO,OPEN,EIA,97.4,ESE,string,449.975,444.975,100,Chaffee,On-Air,K0JSC.COM,CCARC,string,100,I-25 from Walsenburg to Wyoming and US-50 from La junta to Monarch Pass,undefined,2,Full-time to the  The Fun Machine System .,7301,Can be linked to various local repeater systems via the remote base. Echolink/IRLP connects restricted. Email me to be added to the authorized list.,"APRS Net: Sun at 19:00. 
Region 5 District 2 ARES Net: Sun at 19:30. 
Statewide ARES Net: Sun at 20:00. 
Region 5 District 1 ARES Net: Mon at 19:00. 
RGARC Net: Wed at 19:00.",undefined,DM68xk,28368,undefined,undefined,undefined,undefined,undefined,363976,undefined,undefined,undefined,undefined,undefined,undefined,undefined,undefined,undefined,undefined,undefined,undefined,undefined,undefined,undefined,undefined
145.295,-0.6,107.2,KC0CVU,"Salida, Methodist Mountain",CO,OPEN,string,97.6,E,string,145.295,144.695,107.2,Chaffee,On-Air,CMRG Repeaters,CCARC,string,undefined,Wide area.,undefined,undefined,undefined,undefined,undefined,undefined,Cheyenne Mtn Repeater Group,DM78ik,undefined,undefined,undefined,undefined,undefined,undefined,undefined,undefined,undefined,undefined,undefined,undefined,undefined,undefined,undefined,undefined,undefined,undefined,undefined,undefined,undefined,undefined,undefined
147.285,0.6,88.5,KB0VJJ,"Salida, Methodist Mountain",CO,OPEN,string,97.6,E,string,147.285,147.885,88.5,Chaffee,On-Air,undefined,CCARC,string,123,"Wide area: South Park, Gunnison, Pueblo, and the San Luis Valley south to New Mexico. At extremes, it has been worked from east of Montrose and Blue Mesa Resevoir, on Fremont Pass near Climax, in and around Bailey on U.S. 285, and south toward Trinidad on Interstate 25.",undefined,11,Full-time to the  Colorado Connection System .,undefined,undefined,"Central Colorado Traffic Net: Daily at 19:30. 
Colorado Connection Net (All Welcome): Thu at 20:00. 
Statewide ARES Net: Sun at 20:00.",Colorado Connection,undefined,undefined,undefined,undefined,undefined,undefined,undefined,undefined,undefined,undefined,undefined,undefined,undefined,undefined,undefined,undefined,undefined,undefined,undefined,undefined,undefined,undefined,undefined,undefined
145.115,-0.6,string,KF5VBE,Farmington,NM,OPEN,string,98.3,S,string,145.115,144.515,undefined,San Juan,On-Air,undefined,undefined,string,undefined,undefined,undefined,undefined,undefined,undefined,undefined,undefined,undefined,undefined,undefined,undefined,undefined,undefined,undefined,undefined,undefined,undefined,undefined,undefined,undefined,string,KF5VBE (C) Gateway Repeater,"jfindu lookup 
    /   dstar-users lookup",undefined,undefined,undefined,undefined,undefined,undefined,undefined,undefined,undefined
1291.1,-20,string,KF5VBE,Aztec,NM,CLOSED,string,98.3,S,string,1291.1,1271.1,undefined,Bernalillo,On-Air,undefined,NMFCC,string,undefined,undefined,undefined,DV only,undefined,undefined,undefined,undefined,San Juan County,undefined,undefined,undefined,undefined,undefined,undefined,undefined,undefined,undefined,undefined,undefined,undefined,string,KF5VBE (A) Repeater,"jfindu lookup 
    /   dstar-users lookup",undefined,undefined,undefined,undefined,undefined,undefined,undefined,undefined,undefined
146.9,-0.6,88.5,K7QEQ,Moab,UT,OPEN,string,99.3,WNW,string,146.9,146.3,88.5,Grand,On-Air,http://sdarc.us/repeaters/moab.html,UVHFS,string,undefined,Moab and immediate surroundings.,undefined,"Closed autopatch, remote base, linked to Bald Mesa (146.760).",undefined,undefined,undefined,undefined,Sinbad Desert ARC,undefined,undefined,undefined,undefined,undefined,undefined,undefined,undefined,undefined,undefined,undefined,undefined,undefined,undefined,undefined,undefined,undefined,undefined,undefined,undefined,undefined,undefined,undefined,undefined
446.975,-5,string,KD0QPG,"Salida, Methodist Mountain",CO,OPEN,string,99.3,E,string,446.975,441.975,undefined,Chaffee,On-Air,KD0QPG,CCARC,string,undefined,undefined,Crestone Amateur Radio Emergency Services,undefined,undefined,undefined,undefined,undefined,Crestone Amateur Radio Emergency Services,undefined,undefined,undefined,undefined,undefined,undefined,undefined,undefined,undefined,undefined,undefined,undefined,string,KD0QPG (B) Gateway Repeater,"jfindu lookup 
    /   dstar-users lookup",undefined,undefined,undefined,undefined,undefined,undefined,undefined,undefined,undefined
446.8125,-5,CC0,N0SZ,"Salida, Methodist Mountain",CO,OPEN,string,99.3,E,string,446.8125,441.8125,string,Chaffee,On-Air,undefined,undefined,string,undefined,undefined,undefined,undefined,undefined,undefined,undefined,undefined,RMHAM,undefined,undefined,undefined,string,number,string,undefined,undefined,string,"Open Talkgroup View 


 
   
    
     Assignment 
     TS 
     TG 
     Access 
   

  Colorado  1  700      Southern Colorado  2  719    
  
 
 
function myFunction(id) {
    var x = document.getElementById(id);
    if (x.className.indexOf(""w3-show"") == -1) {
        x.className += "" w3-show"";
    } else {
        x.className = x.className.replace("" w3-show"", """");
    }
}",1,2,undefined,undefined,undefined,undefined,undefined,undefined,undefined,undefined,undefined,undefined,undefined,undefined
147.24,0.6,156.7,N0ZSN,"Leadville, Quail Mountain",CO,OPEN,string,108.3,NE,string,147.24,147.84,156.7,Lake,Off-Air,undefined,CCARC,string,156.7,undefined,undefined,undefined,undefined,undefined,undefined,undefined,undefined,undefined,undefined,undefined,undefined,undefined,undefined,undefined,undefined,undefined,undefined,undefined,undefined,undefined,undefined,undefined,undefined,undefined,undefined,undefined,undefined,undefined,undefined,undefined,undefined
147.08,0.6,162.2,W5SF,"Chama, Overlook Mtn",NM,OPEN,string,110.5,SE,string,147.08,147.68,162.2,Rio Arriba,On-Air,undefined,NMFCC,string,undefined,undefined,undefined,undefined,undefined,undefined,undefined,undefined,SFARC,undefined,undefined,undefined,undefined,undefined,undefined,undefined,undefined,undefined,undefined,undefined,undefined,undefined,undefined,undefined,undefined,undefined,undefined,undefined,undefined,undefined,undefined,undefined,undefined
448.575,-5,103.5,WZ0N,Hartsel,CO,OPEN,string,110.5,E,string,448.575,443.575,103.5,Park,Off-Air,undefined,CCARC,string,103.5,Western Park County,undefined,undefined,"Full-time internet linked to  
        146.89500 (AB0PC) at Bailey, Dick Mountain, CO .",undefined,undefined,undefined,undefined,undefined,undefined,undefined,undefined,undefined,undefined,undefined,undefined,undefined,undefined,undefined,undefined,undefined,undefined,undefined,undefined,undefined,undefined,undefined,undefined,undefined,undefined,undefined,undefined
445.05,-5,CC7,N0SZ,"Leadville, Mosquito Pass",CO,OPEN,string,113.5,NE,string,445.05,440.05,string,Adams,On-Air,http://www.rmham.org/,CCARC,string,undefined,undefined,Rocky Mountain Ham Radio,undefined,undefined,undefined,undefined,undefined,K2AD,undefined,undefined,undefined,string,7,string,undefined,undefined,RMHAM,"Open Talkgroup View 


 
   
    
     Assignment 
     TS 
     TG 
     Access 
   

  Colorado  1  700  Full-Time    Southern Colorado  2  719  Full-Time    Denver Regional  2  720  Full-Time    Northern Colorado  2  721  Full-Time  
  
 
 
function myFunction(id) {
    var x = document.getElementById(id);
    if (x.className.indexOf(""w3-show"") == -1) {
        x.className += "" w3-show"";
    } else {
        x.className = x.className.replace("" w3-show"", """");
    }
}",1,2,undefined,undefined,undefined,undefined,undefined,undefined,undefined,undefined,undefined,undefined,2,2
145.445,-0.6,88.5,KB0VJJ,"Leadville, Mosquito Pass",CO,OPEN,string,114,NE,string,145.445,144.845,88.5,Lake,On-Air,undefined,CCARC,string,undefined,string,undefined,E-power (solar).,Full-time to the  Colorado Connection System .,undefined,"At 13,685;, it is one of the highest 2-meter repeaters in North America.","Central Colorado Traffic Net: Daily at 19:30. 
Colorado Connection Net (all welcome): Thu at 20:00. 
Statewide ARES: Sun at 20:00.",Colorado Connection,undefined,undefined,undefined,undefined,undefined,undefined,undefined,undefined,undefined,undefined,undefined,undefined,undefined,undefined,undefined,undefined,undefined,undefined,undefined,undefined,undefined,undefined,undefined,undefined
447,-5,107.2,KB0SW,"Loma, Baxter Pass",CO,OPEN,string,114.7,NNW,string,447,442,107.2,Garfield,On-Air,undefined,CCARC,string,undefined,Wide area.,undefined,8,undefined,undefined,undefined,undefined,undefined,undefined,undefined,undefined,undefined,undefined,undefined,undefined,undefined,undefined,undefined,undefined,undefined,undefined,undefined,undefined,undefined,undefined,undefined,undefined,undefined,undefined,undefined,undefined,undefined
446.7625,-5,CC0,N0SZ,"Fairplay, Badger",CO,OPEN,string,118.7,E,string,446.7625,441.7625,string,Park,On-Air,undefined,undefined,string,undefined,undefined,RMHAM,undefined,undefined,undefined,undefined,undefined,K7PFJ,undefined,undefined,undefined,string,number,string,undefined,undefined,string,"Open Talkgroup View 


 
   
    
     Assignment 
     TS 
     TG 
     Access 
   

  Colorado  1  700      Denver Regional  2  720    
  
 
 
function myFunction(id) {
    var x = document.getElementById(id);
    if (x.className.indexOf(""w3-show"") == -1) {
        x.className += "" w3-show"";
    } else {
        x.className = x.className.replace("" w3-show"", """");
    }
}",1,undefined,undefined,undefined,undefined,undefined,undefined,undefined,undefined,undefined,undefined,undefined,2,undefined
447.125,-5,103.5,WZ0N,"Fairplay, Sacramento Mountain",CO,OPEN,string,119.3,NE,string,447.125,442.125,103.5,Park,On-Air,undefined,CCARC,string,103.5,undefined,undefined,undefined,undefined,undefined,Identifies with an 'S' following WZ0N callsign which identifies the site as Sacramento.,undefined,WZ0N,undefined,undefined,undefined,undefined,undefined,undefined,undefined,undefined,undefined,undefined,undefined,undefined,undefined,undefined,undefined,undefined,undefined,undefined,undefined,undefined,undefined,undefined,undefined,undefined
445.075,-5,CC7,N0SZ,Vail,CO,OPEN,string,122.6,NE,string,445.075,440.075,string,Eagle,On-Air,http://www.rmham.org/,CCARC,string,undefined,undefined,Rocky Mountain Ham Radio,undefined,undefined,undefined,undefined,undefined,K2AD,undefined,undefined,undefined,string,7,string,undefined,undefined,undefined,undefined,undefined,undefined,undefined,undefined,undefined,undefined,undefined,undefined,undefined,undefined,undefined,undefined,undefined,undefined
146.61,-0.6,107.2,K0RV,"Vail, Bald Mountain",CO,OPEN,string,123.9,NE,string,146.61,146.01,107.2,Eagle,On-Air,undefined,CCARC,string,undefined,undefined,undefined,11,undefined,undefined,undefined,undefined,ECHO,undefined,undefined,undefined,undefined,undefined,undefined,undefined,undefined,undefined,undefined,undefined,undefined,undefined,undefined,undefined,undefined,undefined,undefined,undefined,undefined,undefined,undefined,undefined,undefined
449.9,-5,107.2,N0AFO,Vail,CO,OPEN,string,125.2,NE,string,449.9,444.9,107.2,Eagle,Off-Air,undefined,CCARC,string,107.2,undefined,undefined,undefined,undefined,undefined,undefined,undefined,ECHO,undefined,undefined,undefined,undefined,undefined,undefined,undefined,undefined,undefined,undefined,undefined,undefined,undefined,undefined,undefined,undefined,undefined,undefined,undefined,undefined,undefined,undefined,undefined,undefined
224.8,-1.6,string,N0AFO,Vail,CO,OPEN,string,125.2,NE,string,224.8,223.2,string,Eagle,undefined,undefined,CCARC,string,undefined,undefined,undefined,undefined,undefined,undefined,undefined,undefined,ECHO,undefined,undefined,Unknown,undefined,undefined,undefined,undefined,undefined,undefined,undefined,undefined,undefined,undefined,undefined,undefined,undefined,undefined,undefined,undefined,undefined,undefined,undefined,undefined,undefined
146.7,-0.6,107.2,WB0QMR,Breckenridge,CO,OPEN,I,129.2,NE,string,146.7,146.1,107.2,Summit,On-Air,undefined,CCARC,string,undefined,undefined,undefined,E-power.,undefined,3972,undefined,undefined,GRARC,undefined,undefined,undefined,undefined,undefined,undefined,undefined,undefined,undefined,undefined,undefined,undefined,undefined,undefined,undefined,undefined,undefined,undefined,undefined,undefined,undefined,undefined,undefined,undefined
147.39,0.6,88.5,KB0VJJ,"Breckenridge, Bald Mountain",CO,OPEN,string,130.2,NE,string,147.39,147.99,88.5,Summit,On-Air,Breckenridge Repeater,CCARC,string,123,Wide area.,undefined,12,Full-time to the  Colorado Connection System .,undefined,"Please Note that 146.790 is the old Breckenridge frequency and this repeater may return to that frequency eventually but is now working on 147.390-.  This machine has a split tone, 88.5 rx and 123.0 tx","Central Colorado Traffic Net: Daily at 19:30. 
Colorado Connection Net (all welcome): Thu at 20:00. 
Statewide ARES: Sun at 20:00.",Colorado Connection,undefined,undefined,undefined,undefined,undefined,undefined,undefined,undefined,undefined,undefined,undefined,undefined,undefined,undefined,undefined,undefined,undefined,undefined,undefined,undefined,undefined,undefined,undefined,undefined
445.0875,-5,CC7,N0SZ,"Breckenridge, Baldy",CO,OPEN,string,130.4,NE,string,445.0875,440.0875,string,Fremont,On-Air,http://www.rmham.org/,undefined,string,undefined,undefined,Rocky Mountain Ham Radio,undefined,undefined,undefined,undefined,undefined,K2AD,undefined,undefined,undefined,string,7,string,undefined,undefined,undefined,undefined,undefined,undefined,undefined,undefined,undefined,undefined,undefined,undefined,undefined,undefined,undefined,undefined,undefined,undefined
147.22,0.6,100,NM5ML,"Tres Piedras, San Antonio Mountain",NM,OPEN,string,133.5,SE,string,147.22,147.82,100,Rio Arriba,On-Air,undefined,NMFCC,string,undefined,Wide area.,undefined,10,Full-time to the  Mega-Link System .,undefined,undefined,undefined,New Mexico Mega Link Assoc,undefined,undefined,undefined,undefined,undefined,undefined,undefined,undefined,undefined,undefined,undefined,undefined,undefined,undefined,undefined,undefined,undefined,undefined,undefined,undefined,undefined,undefined,undefined,undefined
146.76,-0.6,67,KF5PFO,"Tres Piedras,  San Antonio Mountain",NM,OPEN,string,133.5,SE,string,146.76,146.16,67,Rio Arriba,On-Air,undefined,undefined,string,undefined,"Most of Taos County, eastern Rio Arriba County and the San Luis Valley in Southern Colorado.",undefined,11,undefined,undefined,undefined,undefined,Taos ARC,undefined,undefined,undefined,undefined,undefined,undefined,undefined,undefined,undefined,undefined,undefined,undefined,undefined,undefined,undefined,undefined,undefined,undefined,undefined,undefined,undefined,undefined,undefined,undefined
