Frequency,Offset,Tone,Call,Location,ST/PR,Use,VOIP,Mi,Dir,,Downlink,Uplink,Uplink Tone,Downlink Tone,County,Op Status,Coverage,Sponsor,Features,Links,IRLP,Notes,Nets,Web links,Coordination,Last update,EchoLink,Affiliate,On-air,D-STAR Enabled,Node,Sources,AllStar,DMR Enabled,Color Code,Wide Network,Talkgroup Network,Talkgroups,Colorado,Southern Colorado,Commands,Grid,Worldwide,North America,English,Europe,TAC 310,DCI Bridge,Southwest USA,Location Photo
449.4,-5,131.8,KB0YNA,"Delta, Uncompahgre Butte",CO,OPEN,I,25.1,N,string,449.4,444.4,131.8,131.8,Mesa,On-Air,Wide area via links - Western Colorado - Eastern Utah,"WA4HND,  Grand Mesa Repeater Association",E-power.,Full-time to the  GMRA Open System .,3710,Closed IRLP out - Ask for a control op,RACES Wed 1930 Hrs,http://www.gmra.org,CCARC,string,undefined,undefined,undefined,undefined,undefined,undefined,undefined,undefined,undefined,undefined,undefined,undefined,undefined,undefined,undefined,undefined,undefined,undefined,undefined,undefined,undefined,undefined,undefined,undefined
449.7,-5,107.2,KB0YNA,"Telluride, Gray Head",CO,OPEN,I,36,SE,string,449.7,444.7,107.2,107.2,San Miguel,On-Air,Wide Area via links - Western Colorado - Eastern Utah,Grand Mesa Repeater Association ( GMRA ),E-power.,Full-time to the  GMRA Open System .,3710,Closed IRLP out - Ask for a control Op,RACES: Wed at 19:30.,undefined,CCARC,string,undefined,undefined,undefined,undefined,undefined,undefined,undefined,undefined,undefined,undefined,undefined,undefined,undefined,undefined,undefined,undefined,undefined,undefined,undefined,undefined,undefined,undefined,undefined,undefined
146.91,-0.6,107.2,KC0UUX,Montrose,CO,OPEN,string,41.6,E,string,146.91,146.31,107.2,107.2,Montrose,On-Air,undefined,undefined,E-Power,undefined,undefined,undefined,undefined,undefined,CCARC,string,undefined,undefined,undefined,undefined,undefined,undefined,undefined,undefined,undefined,undefined,undefined,undefined,undefined,undefined,undefined,undefined,undefined,undefined,undefined,undefined,undefined,undefined,undefined,undefined
146.79,-0.6,107.2,KD5OPD,Montrose,CO,OPEN,string,41.6,E,string,146.79,146.19,107.2,107.2,Montrose,On-Air,undefined,KC0UXX,E-power.,undefined,undefined,undefined,undefined,undefined,CCARC,string,undefined,undefined,undefined,undefined,undefined,undefined,undefined,undefined,undefined,undefined,undefined,undefined,undefined,undefined,undefined,undefined,undefined,undefined,undefined,undefined,undefined,undefined,undefined,undefined
146.76,-0.6,88.5,K7QEQ,"Moab, Bald Mesa",UT,OPEN,string,46.1,WNW,string,146.76,146.16,88.5,undefined,Grand,On-Air,Moab and immediate surroundings.,Sinbad Desert ARC,undefined,undefined,undefined,8,undefined,http://www.sdarc.us/repeaters/bald.html,UVHFS,string,undefined,undefined,undefined,undefined,undefined,undefined,undefined,undefined,undefined,undefined,undefined,undefined,undefined,undefined,undefined,undefined,undefined,undefined,undefined,undefined,undefined,undefined,undefined,undefined
449.1,-5,107.2,K7QEQ,"Moab, Bald Mesa",UT,OPEN,string,46.2,WNW,string,449.1,444.1,107.2,107.2,Grand,On-Air,"Wide area: Moab and surrounding areas, including large portions of Arches and Canyonlands National Parks.",Grand Mesa Repeater Association (GMRA),8,undefined,undefined,undefined,RACES Wed. 1930 hours,GMRA Repeaters,UVHFS,string,undefined,undefined,undefined,undefined,undefined,undefined,undefined,undefined,undefined,undefined,undefined,undefined,undefined,undefined,undefined,undefined,undefined,undefined,undefined,undefined,undefined,undefined,undefined,undefined
448.15,-5,100,W0GJT,Grand Junction,CO,OPEN,EI,47.2,N,string,448.15,443.15,100,undefined,Mesa,On-Air,undefined,undefined,undefined,undefined,7963,undefined,undefined,undefined,CCARC,string,312189,undefined,undefined,undefined,undefined,undefined,undefined,undefined,undefined,undefined,undefined,undefined,undefined,undefined,undefined,undefined,undefined,undefined,undefined,undefined,undefined,undefined,undefined,undefined
448.65,-5,string,KB0YNA,"Montrose, Waterdog Peak",CO,OPEN,string,49.9,E,string,448.65,443.65,string,151.4,Montrose,On-Air,Wide area.,KB0YNA,undefined,"Full-time to  
        447.65000 (KB0YNA) at Gunnison, W Mountain or Tenderfoot Mountain, CO .",undefined,undefined,undefined,undefined,undefined,string,undefined,undefined,undefined,undefined,undefined,undefined,undefined,undefined,undefined,undefined,undefined,undefined,undefined,undefined,undefined,undefined,undefined,undefined,undefined,undefined,undefined,undefined,undefined,undefined
447.2,-5,107.2,WA4HND,"Montrose, Waterdog Peak",CO,OPEN,I,49.9,E,string,447.2,442.2,107.2,107.2,Montrose,On-Air,Delta/Montrose,undefined,9,Full-time to the  GMRA Open System .,3710,Closed IRLP out - Ask for a control op,RACES Net Wed at 1930 Hrs.,GMRA Repeaters,CCARC,string,undefined,Grand Mesa Repeater Assoc,undefined,undefined,undefined,undefined,undefined,undefined,undefined,undefined,undefined,undefined,undefined,undefined,undefined,undefined,undefined,undefined,undefined,undefined,undefined,undefined,undefined,undefined
147.27,0.6,127.3,KB5ITS,"Ouray, Engineer Mountain",CO,OPEN,string,50.6,SE,string,147.27,147.87,127.3,undefined,Ouray,On-Air,undefined,undefined,undefined,undefined,undefined,undefined,undefined,http://www.sjcham.com,CCARC,string,undefined,undefined,undefined,undefined,undefined,undefined,undefined,undefined,undefined,undefined,undefined,undefined,undefined,undefined,undefined,undefined,undefined,undefined,undefined,undefined,undefined,undefined,undefined,undefined
145.19,-0.6,100,KB5ITS,"Dolores, Summit Ridge",CO,OPEN,string,51.6,S,string,145.19,144.59,100,undefined,Montezuma,On-Air,undefined,undefined,undefined,undefined,undefined,undefined,undefined,http://www.sjcham.com,CCARC,string,undefined,undefined,undefined,undefined,undefined,undefined,undefined,undefined,undefined,undefined,undefined,undefined,undefined,undefined,undefined,undefined,undefined,undefined,undefined,undefined,undefined,undefined,undefined,undefined
447.275,-5,100,KB5ITS,"Dolores, Summit Ridge",CO,OPEN,string,51.6,S,string,447.275,442.275,100,undefined,Montezuma,On-Air,undefined,undefined,undefined,undefined,undefined,undefined,undefined,http://www.sjcham.com,undefined,string,undefined,undefined,undefined,undefined,undefined,undefined,undefined,undefined,undefined,undefined,undefined,undefined,undefined,undefined,undefined,undefined,undefined,undefined,undefined,undefined,undefined,undefined,undefined,undefined
147.27,0.6,127.3,KB5ITT,"Silverton, Engineer Mountain",CO,OPEN,string,54.9,SE,string,147.27,147.87,127.3,undefined,San Juan,On-Air,Wide area.,KB5ITT,E-power.,undefined,undefined,undefined,undefined,undefined,CCARC,string,undefined,Durango ARC,undefined,undefined,undefined,undefined,undefined,undefined,undefined,undefined,undefined,undefined,undefined,undefined,undefined,undefined,undefined,undefined,undefined,undefined,undefined,undefined,undefined,undefined
146.61,-0.6,88.5,K7SDC,"Monticello, Abajo Peak",UT,OPEN,EI,55.2,WSW,string,146.61,146.01,88.5,undefined,San Juan,On-Air,"Wide area: Southeastern Utah, Southwest Colorado, Northwest New Mexico and extreme Northeastern Arizona, including Monticello, Blanding, and much of Canyonlands National Park.",Sinbad Desert ARC,Remote base.,undefined,3270,11.36,undefined,http://www.sdarc.us/repeaters/abajo.html,UVHFS,string,64264,undefined,undefined,undefined,undefined,undefined,undefined,undefined,undefined,undefined,undefined,undefined,undefined,undefined,undefined,undefined,undefined,undefined,undefined,undefined,undefined,undefined,undefined,undefined
447.4,-5,string,K7QEQ,"Monticello, Abajo Peak",UT,CLOSED,string,55.2,WSW,string,447.4,442.4,string,undefined,San Juan,undefined,"Wide area: Southeastern Utah, Southwest Colorado, Northwest New Mexico and extreme Northeastern Arizona, including Monticello, Blanding, and much of Canyonlands National Park.",undefined,11,undefined,undefined,undefined,undefined,undefined,UVHFS,string,undefined,Cactus-Intertie,Unknown,undefined,undefined,undefined,undefined,undefined,undefined,undefined,undefined,undefined,undefined,undefined,undefined,undefined,undefined,undefined,undefined,undefined,undefined,undefined,undefined,undefined
447.1,-5,107.2,K7QEQ,"Monticello, Abajo Peak",UT,OPEN,string,55.2,WSW,string,447.1,442.1,107.2,107.2,San Juan,On-Air,Wide area.,Grand Mesa Repeater Association (GMRA),E-power.,Full-time to the  GMRA Open System .,undefined,11,undefined,http://gmra.org,UVHFS,string,undefined,undefined,undefined,undefined,undefined,undefined,undefined,undefined,undefined,undefined,undefined,undefined,undefined,undefined,undefined,undefined,undefined,undefined,undefined,undefined,undefined,undefined,undefined,undefined
223.94,-1.6,string,K7QEQ,"Monticello, Abajo Pk",UT,CLOSED,string,55.2,WSW,string,223.94,222.34,string,undefined,San Juan,undefined,"Wide area: Southeastern Utah, Southwest Colorado, Northwest New Mexico and extreme Northeastern Arizona, including Monticello, Blanding, and much of Canyonlands National Park.",Grand Mesa Rptr Assoc,11,undefined,undefined,undefined,undefined,undefined,UVHFS,string,undefined,undefined,Unknown,undefined,undefined,undefined,undefined,undefined,undefined,undefined,undefined,undefined,undefined,undefined,undefined,undefined,undefined,undefined,undefined,undefined,undefined,undefined,undefined,undefined
145.325,-0.6,127.3,KB5ITS,"Silverton, Buffalo Boy",CO,OPEN,string,56.6,SE,string,145.325,144.725,127.3,undefined,San Juan,On-Air,undefined,undefined,Solar powered,undefined,undefined,undefined,undefined,http://www.sjcham.com,CCARC,string,undefined,undefined,undefined,undefined,undefined,undefined,undefined,undefined,undefined,undefined,undefined,undefined,undefined,undefined,undefined,undefined,undefined,undefined,undefined,undefined,undefined,undefined,undefined,undefined
444,5,67,KB5ITS,"Silverton, Hazelton",CO,OPEN,string,56.6,SE,string,444,449,67,undefined,Huerfano,On-Air,undefined,undefined,undefined,undefined,undefined,undefined,undefined,http://www.sjcham.com,undefined,string,undefined,undefined,undefined,undefined,undefined,undefined,undefined,undefined,undefined,undefined,undefined,undefined,undefined,undefined,undefined,undefined,undefined,undefined,undefined,undefined,undefined,undefined,undefined,undefined
447.525,-5,127.3,KB5ITS,Silverton,CO,OPEN,string,56.7,SE,string,447.525,442.525,127.3,undefined,San Juan,On-Air,Wide area.,KB5ITS,E-power.,undefined,undefined,undefined,undefined,undefined,CCARC,string,undefined,undefined,undefined,undefined,undefined,undefined,undefined,undefined,undefined,undefined,undefined,undefined,undefined,undefined,undefined,undefined,undefined,undefined,undefined,undefined,undefined,undefined,undefined,undefined
147.355,-0.6,88.5,KB0VJJ,"Grand Junction, Grand Mesa",CO,OPEN,string,57.6,N,string,147.355,146.755,88.5,123,Mesa,On-Air,undefined,Colorado Connection,undefined,Full-time to the  Colorado Connection System .,undefined,undefined,undefined,undefined,CCARC,string,undefined,undefined,undefined,undefined,undefined,undefined,undefined,undefined,undefined,undefined,undefined,undefined,undefined,undefined,undefined,undefined,undefined,undefined,undefined,undefined,undefined,undefined,undefined,undefined
145.22,-0.6,107.2,KE0TY,Grand Junction,CO,OPEN,string,58.4,N,string,145.22,144.62,107.2,undefined,Mesa,undefined,undefined,KE0TY,undefined,undefined,undefined,undefined,undefined,undefined,CCARC,string,undefined,undefined,Unknown,undefined,undefined,undefined,undefined,undefined,undefined,undefined,undefined,undefined,undefined,undefined,undefined,undefined,undefined,undefined,undefined,undefined,undefined,undefined,undefined,undefined
147.39,0.6,107.2,KE0TY,Grand Junction,CO,OPEN,string,58.4,N,string,147.39,147.99,107.2,undefined,Mesa,undefined,undefined,KE0TY,Linked.,undefined,undefined,undefined,undefined,undefined,CCARC,string,undefined,undefined,Unknown,undefined,undefined,undefined,undefined,undefined,undefined,undefined,undefined,undefined,undefined,undefined,undefined,undefined,undefined,undefined,undefined,undefined,undefined,undefined,undefined,undefined
446.775,-5,string,KD0RED,Grand Junction,CO,OPEN,string,58.4,N,string,446.775,441.775,undefined,undefined,Mesa,On-Air,undefined,undefined,undefined,undefined,undefined,undefined,undefined,undefined,undefined,string,undefined,undefined,undefined,string,KD0RED (B) Gateway Repeater,"jfindu lookup 
    /   dstar-users lookup",undefined,undefined,undefined,undefined,undefined,undefined,undefined,undefined,undefined,undefined,undefined,undefined,undefined,undefined,undefined,undefined,undefined,undefined
447.5,-5,114.8,KC0ARV,Grand Junction,CO,OPEN,string,58.4,N,string,447.5,442.5,114.8,undefined,Mesa,undefined,undefined,KC0ARV,undefined,undefined,undefined,undefined,undefined,undefined,CCARC,string,undefined,undefined,Unknown,undefined,undefined,undefined,undefined,undefined,undefined,undefined,undefined,undefined,undefined,undefined,undefined,undefined,undefined,undefined,undefined,undefined,undefined,undefined,undefined,undefined
146.82,-0.6,107.2,W0GJT,Grand Junction,CO,OPEN,A,58.4,N,string,146.82,146.22,107.2,undefined,Mesa,On-Air,Wide area: North Western Colorado - South to Montrose and East on I-70.,undefined,undefined,undefined,undefined,undefined,undefined,undefined,CCARC,string,undefined,undefined,undefined,undefined,undefined,undefined,28515,undefined,undefined,undefined,undefined,undefined,undefined,undefined,undefined,undefined,undefined,undefined,undefined,undefined,undefined,undefined,undefined,undefined
449.775,-5,173.8,KD0SMZ,Grand Junction,CO,OPEN,EI,58.4,N,string,449.775,444.775,173.8,88.5,Mesa,On-Air,undefined,undefined,undefined,undefined,7573,undefined,undefined,undefined,CCARC,string,7572,undefined,undefined,undefined,undefined,undefined,undefined,undefined,undefined,undefined,undefined,undefined,undefined,undefined,undefined,undefined,undefined,undefined,undefined,undefined,undefined,undefined,undefined,undefined
147.105,0.6,string,K0SSI,Grand Junction,CO,OPEN,string,58.4,N,string,147.105,147.705,string,undefined,Mesa,On-Air,undefined,K0SSI,undefined,undefined,undefined,undefined,undefined,undefined,CCARC,string,undefined,undefined,undefined,undefined,undefined,undefined,undefined,undefined,undefined,undefined,undefined,undefined,undefined,undefined,undefined,undefined,undefined,undefined,undefined,undefined,undefined,undefined,undefined,undefined
449,-5,string,KB0SW,Grand Junction,CO,CLOSED,string,58.4,N,string,449,444,string,107.2,Mesa,On-Air,undefined,KB0SW,undefined,undefined,undefined,undefined,undefined,undefined,CCARC,string,undefined,Grand Mesa Repeater Assoc,undefined,undefined,undefined,undefined,undefined,undefined,undefined,undefined,undefined,undefined,undefined,undefined,undefined,undefined,undefined,undefined,undefined,undefined,undefined,undefined,undefined,undefined
146.9,-0.6,88.5,K7QEQ,Moab,UT,OPEN,string,58.5,WNW,string,146.9,146.3,88.5,undefined,Grand,On-Air,Moab and immediate surroundings.,Sinbad Desert ARC,"Closed autopatch, remote base, linked to Bald Mesa (146.760).",undefined,undefined,undefined,undefined,http://sdarc.us/repeaters/moab.html,UVHFS,string,undefined,undefined,undefined,undefined,undefined,undefined,undefined,undefined,undefined,undefined,undefined,undefined,undefined,undefined,undefined,undefined,undefined,undefined,undefined,undefined,undefined,undefined,undefined,undefined
147.195,0.6,107.2,KC0QXX,"Cedaredge, Cedar Mesa",CO,OPEN,string,58.6,NE,string,147.195,147.795,107.2,undefined,Delta,undefined,Local.,undefined,undefined,undefined,undefined,undefined,undefined,undefined,undefined,string,undefined,Colorado District 25 ARES,Unknown,undefined,undefined,undefined,undefined,undefined,undefined,undefined,undefined,undefined,undefined,undefined,undefined,undefined,undefined,undefined,undefined,undefined,undefined,undefined,undefined,undefined
449.825,-5,100,W0ALC,Cedaredge,CO,OPEN,string,58.6,NE,string,449.825,444.825,100,undefined,Delta,undefined,undefined,W0ALC,undefined,undefined,undefined,undefined,undefined,undefined,CCARC,string,undefined,undefined,Unknown,undefined,undefined,undefined,undefined,undefined,undefined,undefined,undefined,undefined,undefined,undefined,undefined,undefined,undefined,undefined,undefined,undefined,undefined,undefined,undefined,undefined
147.36,0.6,100,W0ALC,Cedaredge,CO,OPEN,string,58.6,NE,string,147.36,147.96,100,undefined,Delta,undefined,undefined,W0ALC,undefined,undefined,undefined,undefined,undefined,undefined,CCARC,string,undefined,undefined,Unknown,undefined,undefined,undefined,undefined,undefined,undefined,undefined,undefined,undefined,undefined,undefined,undefined,undefined,undefined,undefined,undefined,undefined,undefined,undefined,undefined,undefined
147.375,0.6,156.7,KB5ITS,"Silverton, Kendall Mountain",CO,OPEN,string,59,SE,string,147.375,147.975,156.7,undefined,San Juan,On-Air,Wide area.,undefined,13,"Part-time to  
        146.67000 (K0EP) at Durango, Eagle Pass, CO .",undefined,undefined,undefined,http://www.sjcham.com,CCARC,string,undefined,undefined,undefined,undefined,undefined,undefined,undefined,undefined,undefined,undefined,undefined,undefined,undefined,undefined,undefined,undefined,undefined,undefined,undefined,undefined,undefined,undefined,undefined,undefined
146.94,-0.6,107.2,W0RRZ,"Grand Junction, Black Ridge (Above Colorado Ntl Monument)",CO,OPEN,string,59.3,N,string,146.94,146.34,107.2,107.2,Mesa,On-Air,Grand Junction 30-50 mi,Western Colorado Amateur Radio Club,E-power and autopatch for WCARC members,undefined,undefined,undefined,Oatmeal Net: Mon-Fri at 7:30AM-8:00AM,http://w0rrz.org,CCARC,string,undefined,undefined,undefined,undefined,undefined,undefined,undefined,undefined,undefined,undefined,undefined,undefined,undefined,undefined,undefined,undefined,undefined,undefined,undefined,undefined,undefined,undefined,undefined,undefined
449.575,-5,131.8,WA4HND,"Grand Junction, Black Ridge",CO,OPEN,I,59.3,N,string,449.575,444.575,131.8,131.8,Mesa,On-Air,Grand Junction,undefined,e-power. Linked to GMRA Open System,undefined,3710,Closed IRLP out,Wed RACES Net 1930 Hrs,GMRA Repeaters,CCARC,string,undefined,Grand Mesa Repeater Assoc,undefined,undefined,undefined,undefined,undefined,undefined,undefined,undefined,undefined,undefined,undefined,undefined,undefined,undefined,undefined,undefined,undefined,undefined,undefined,undefined,undefined,undefined
146.79,-0.6,127.3,KD5LWU,"Cortez, Downtown",CO,OPEN,EA,60.1,S,string,146.79,146.19,127.3,127.3,Montezuma,On-Air,undefined,KD5LWU,undefined,undefined,undefined,undefined,4,undefined,CCARC,string,24336,undefined,undefined,undefined,undefined,undefined,29317,undefined,undefined,undefined,undefined,undefined,undefined,undefined,undefined,undefined,undefined,undefined,undefined,undefined,undefined,undefined,undefined,undefined
449.175,-5,127.3,KD5LWU,Cortez,CO,OPEN,E,60.1,S,string,449.175,444.175,127.3,undefined,Montezuma,Off-Air,undefined,KD5LWU,undefined,undefined,undefined,undefined,undefined,undefined,CCARC,string,24336,undefined,undefined,undefined,undefined,undefined,undefined,undefined,undefined,undefined,undefined,undefined,undefined,undefined,undefined,undefined,undefined,undefined,undefined,undefined,undefined,undefined,undefined,undefined
449.3,-5,107.2,WA4HND,"Grand Junction, Grand Mesa",CO,OPEN,I,60.2,NNE,string,449.3,444.3,107.2,107.2,Mesa,On-Air,Wide Area I-70 West Rifle to Western Utah,undefined,e-power Linked to GMRA Open System,undefined,3710,Closed IRLP out,RACES Wed 1930 hrs,http://www.gmra.org/,CCARC,string,undefined,undefined,undefined,undefined,undefined,undefined,undefined,undefined,undefined,undefined,undefined,undefined,undefined,undefined,undefined,undefined,undefined,undefined,undefined,undefined,undefined,undefined,undefined,undefined
446.7375,-5,CC6,N5UBJ,"Mancos, Caviness Mountain",CO,OPEN,string,62.2,SSE,string,446.7375,441.7375,string,undefined,Montezuma,On-Air,undefined,RMHAM,undefined,undefined,undefined,undefined,undefined,http://www.rmham.org,CCARC,string,undefined,undefined,undefined,undefined,undefined,undefined,undefined,string,6,string,string,"Open Talkgroup View 


 
   
    
     Assignment 
     TS 
     TG 
     Access 
   

  Colorado  1  700      Southern Colorado  1  719    
  
 
 
function myFunction(id) {
    var x = document.getElementById(id);
    if (x.className.indexOf(""w3-show"") == -1) {
        x.className += "" w3-show"";
    } else {
        x.className = x.className.replace("" w3-show"", """");
    }
}",1,1,undefined,undefined,undefined,undefined,undefined,undefined,undefined,undefined,undefined,undefined
145.175,-0.6,107.2,W0RRZ,"Grand Junction, GJT",CO,OPEN,I,62.2,N,string,145.175,144.575,107.2,undefined,Mesa,On-Air,Greater grand Junction area.,undefined,"E-power,",undefined,3161,undefined,undefined,undefined,CCARC,string,undefined,undefined,undefined,undefined,undefined,undefined,undefined,undefined,undefined,undefined,undefined,undefined,undefined,undefined,Standard IRLP node commands.,undefined,undefined,undefined,undefined,undefined,undefined,undefined,undefined,undefined
447.35,-5,107.2,string,"Cedaredge, Grand Mesa",CO,OPEN,string,62.5,NNE,string,447.35,442.35,107.2,undefined,Delta,undefined,undefined,Grand Mesa Repeater Assoc (GMRA),undefined,undefined,undefined,undefined,undefined,GMRA Repeaters,CCARC,string,undefined,undefined,Unknown,undefined,undefined,undefined,undefined,undefined,undefined,undefined,undefined,undefined,undefined,undefined,undefined,undefined,undefined,undefined,undefined,undefined,undefined,undefined,undefined,undefined
446.9125,-5,CC1,W0BX,"Grand Junction, Grand Mesa",CO,OPEN,string,62.9,NNE,string,446.9125,441.9125,string,undefined,Mesa,On-Air,"Grand Junction, I70",Bill Frost,undefined,undefined,undefined,Brandmeister network,undefined,undefined,undefined,string,undefined,undefined,undefined,undefined,undefined,undefined,undefined,string,1,string,undefined,undefined,undefined,undefined,undefined,undefined,undefined,undefined,undefined,undefined,undefined,undefined,undefined,undefined
146.67,-0.6,100,K0EP,"Durango, Eagle Pass",CO,OPEN,string,63.3,SSE,string,146.67,146.07,100,undefined,La Plata,On-Air,Wide area.,Durango ARC,11,"Part-time to  
        147.37500 (KB5ITS) at Silverton, Kendall Mountain, CO .",undefined,Linked active in the summer months only.,undefined,DARC Repeaters,CCARC,string,undefined,undefined,undefined,undefined,undefined,undefined,undefined,undefined,undefined,undefined,undefined,undefined,undefined,undefined,undefined,undefined,undefined,undefined,undefined,undefined,undefined,undefined,undefined,undefined
442.375,5,100,KB5ITS,"Mancos, Caviness Mountain",CO,OPEN,string,63.6,SSE,string,442.375,447.375,100,undefined,Montezuma,On-Air,undefined,San Juan Connection,undefined,Full-time to the  San Juan Connection System .,undefined,undefined,undefined,undefined,undefined,string,undefined,undefined,undefined,undefined,undefined,undefined,undefined,undefined,undefined,undefined,undefined,undefined,undefined,undefined,undefined,undefined,undefined,undefined,undefined,undefined,undefined,undefined,undefined,undefined
145.325,-0.6,100,KB5ITS,"Mancos, Menefee Mountain",CO,OPEN,string,64.1,SSE,string,145.325,144.725,100,undefined,Montezuma,On-Air,Wide area.,undefined,E-power.,undefined,undefined,Full time to the San Juan Connection,undefined,http://www.sjcham.com,CCARC,string,undefined,undefined,undefined,undefined,undefined,undefined,undefined,undefined,undefined,undefined,undefined,undefined,undefined,undefined,undefined,undefined,undefined,undefined,undefined,undefined,undefined,undefined,undefined,undefined
449.65,-5,151.4,KB0YNA,"Grand Junction, Grand Mesa",CO,OPEN,I,67.8,NNE,string,449.65,444.65,151.4,151.4,Mesa,On-Air,Wide area coverage,Keri Washburn,NWS weather alert system.,"Full-time to  
        447.65000 (KB0YNA) at Gunnison, W Mountain or Tenderfoot Mountain, CO .",8162,undefined,undefined,undefined,CCARC,string,undefined,undefined,undefined,undefined,undefined,undefined,undefined,undefined,undefined,undefined,undefined,undefined,undefined,undefined,11,undefined,undefined,undefined,undefined,undefined,undefined,undefined,undefined,undefined
145.355,-0.6,88.5,KB0VJJ,"Grand Junction, Grand Mesa",CO,OPEN,string,67.8,NNE,string,145.355,144.755,88.5,123,Mesa,On-Air,"Rifle to the east, several miles east of Green River, Utah to the west.",Colorado Connection,E-power.,Full-time to the  Colorado Connection System .,undefined,Colorado Connection system of repeaters,"Central Colorado Traffic Net: Daily at 19:30. 
Colorado Connection Net (all welcome): Thu at 20:00. 
Statewide ARES: Sun at 20:00.",undefined,CCARC,string,undefined,undefined,undefined,undefined,undefined,undefined,undefined,undefined,undefined,undefined,undefined,undefined,undefined,undefined,undefined,undefined,undefined,undefined,undefined,undefined,undefined,undefined,undefined,undefined
147.33,0.6,107.2,KI0MR,Paonia,CO,OPEN,string,69.3,NE,string,147.33,147.93,107.2,undefined,Delta,On-Air,Wide area.,North Fork Repeater Assoc.,undefined,undefined,undefined,undefined,undefined,undefined,CCARC,string,undefined,undefined,undefined,undefined,undefined,undefined,undefined,undefined,undefined,undefined,undefined,undefined,undefined,undefined,undefined,undefined,undefined,undefined,undefined,undefined,undefined,undefined,undefined,undefined
147.135,-0.6,123,KB5ITS,"Lake City, Hill 71",CO,OPEN,string,69.4,ESE,string,147.135,146.535,123,undefined,Hinsdale,On-Air,undefined,undefined,E-power (solar),undefined,undefined,undefined,undefined,http://www.sjcham.com,CCARC,string,undefined,undefined,undefined,undefined,undefined,undefined,undefined,undefined,undefined,undefined,undefined,undefined,undefined,undefined,undefined,undefined,undefined,undefined,undefined,undefined,undefined,undefined,undefined,undefined
145.37,-0.6,100,KB0VIU,Hesperus,CO,OPEN,string,70,SSE,string,145.37,144.77,100,100,La Plata,On-Air,undefined,undefined,E-power.,undefined,undefined,undefined,undefined,http://www.sjcham.com,CCARC,string,undefined,undefined,undefined,undefined,undefined,undefined,undefined,undefined,undefined,undefined,undefined,undefined,undefined,undefined,undefined,undefined,undefined,undefined,undefined,undefined,undefined,undefined,undefined,undefined
146.7,-0.6,100,K0EP,"Durango, Missionary Ridge",CO,OPEN,string,72.1,SE,string,146.7,146.1,100,100,La Plata,On-Air,Local.,Durango ARC,9,undefined,undefined,undefined,undefined,http://durangoarc.org/,CCARC,string,undefined,undefined,undefined,undefined,undefined,undefined,undefined,undefined,undefined,undefined,undefined,undefined,undefined,undefined,undefined,undefined,undefined,undefined,undefined,undefined,undefined,undefined,undefined,undefined
445.1375,-5,CC7,N0SZ,"Durango, Missionary Ridge",CO,OPEN,string,72.7,SE,string,445.1375,440.1375,string,undefined,La Plata,On-Air,undefined,K2AD,undefined,undefined,undefined,undefined,undefined,http://www.rmham.org/,CCARC,string,undefined,Rocky Mountain Ham Radio,undefined,undefined,undefined,undefined,undefined,string,7,string,undefined,undefined,undefined,undefined,undefined,undefined,undefined,undefined,undefined,undefined,undefined,undefined,undefined,undefined
147.345,0.6,88.5,KB0VJJ,"Durango, Missionary Ridge",CO,OPEN,string,74.3,SE,string,147.345,147.945,88.5,123,La Plata,On-Air,Durango and north towards Molas Divide.,Colorado Connection,undefined,Full-time to the  Colorado Connection System .,undefined,undefined,"Central Colorado Traffic Net: Daily at 19:30.  
Colorado Connection Net (All Welcome): Thu at 20:00. 
Statewide ARES: Sun at 20:00.",undefined,CCARC,string,undefined,undefined,undefined,undefined,undefined,undefined,undefined,undefined,undefined,undefined,undefined,undefined,undefined,undefined,undefined,undefined,undefined,undefined,undefined,undefined,undefined,undefined,undefined,undefined
449.85,-5,100,K0EP,Durango,CO,OPEN,string,75.2,SSE,string,449.85,444.85,100,100,La Plata,On-Air,undefined,DARC,undefined,undefined,undefined,undefined,undefined,undefined,CCARC,string,undefined,undefined,undefined,undefined,undefined,undefined,undefined,undefined,undefined,undefined,undefined,undefined,undefined,undefined,undefined,undefined,undefined,undefined,undefined,undefined,undefined,undefined,undefined,undefined
448.625,-5,131.8,KC5EVE,Durango,CO,OPEN,string,75.3,SSE,string,448.625,443.625,131.8,131.8,La Plata,undefined,Wide area.,KC5EVE,undefined,undefined,undefined,undefined,undefined,undefined,CCARC,string,undefined,undefined,Unknown,undefined,undefined,undefined,undefined,undefined,undefined,undefined,undefined,undefined,undefined,undefined,undefined,undefined,undefined,undefined,undefined,undefined,undefined,undefined,undefined,undefined
147.135,0.6,100,KB5ITS,"Durango, Smelter Mountain",CO,OPEN,string,75.3,SSE,string,147.135,147.735,100,100,La Plata,On-Air,undefined,undefined,undefined,undefined,undefined,undefined,undefined,http://www.sjcham.com,CCARC,string,undefined,undefined,undefined,undefined,undefined,undefined,undefined,undefined,undefined,undefined,undefined,undefined,undefined,undefined,undefined,undefined,undefined,undefined,undefined,undefined,undefined,undefined,undefined,undefined
449.5,-5,107.2,KB0SW,Collbran,CO,OPEN,string,77.9,NNE,string,449.5,444.5,107.2,undefined,Mesa,Off-Air,undefined,Grand Mesa Repeater Association (GMRA),E-power.,undefined,undefined,undefined,undefined,undefined,CCARC,string,undefined,undefined,undefined,undefined,undefined,undefined,undefined,undefined,undefined,undefined,undefined,undefined,undefined,undefined,undefined,undefined,undefined,undefined,undefined,undefined,undefined,undefined,undefined,undefined
449.525,-5,100,N0PKT,"Creede, Bristol Head",CO,OPEN,A,87.5,SE,string,449.525,444.525,100,100,Mineral,On-Air,undefined,N0PKT,undefined,Full-time to the  The Fun Machine System .,undefined,undefined,undefined,undefined,undefined,string,undefined,The Fun Machine,undefined,undefined,undefined,undefined,43265,undefined,undefined,undefined,undefined,undefined,undefined,undefined,undefined,DM67lt,undefined,undefined,undefined,undefined,undefined,undefined,undefined,undefined
449.8,-5,107.2,WA4HND,"Parachute, Mount Callahan",CO,OPEN,string,89.7,NNE,string,449.8,444.8,107.2,undefined,Garfield,On-Air,undefined,undefined,8,undefined,undefined,undefined,undefined,GMRA Repeaters,CCARC,string,undefined,undefined,undefined,undefined,undefined,undefined,undefined,undefined,undefined,undefined,undefined,undefined,undefined,undefined,undefined,undefined,undefined,undefined,undefined,undefined,undefined,undefined,undefined,undefined
147.15,0.6,100,KB5ITS,"Ignacio, Spring Creek",CO,OPEN,string,91.8,SE,string,147.15,147.75,100,undefined,La Plata,On-Air,Bayfield,undefined,E-power.,undefined,undefined,undefined,undefined,http://www.sjcham.com,CCARC,string,undefined,undefined,undefined,undefined,undefined,undefined,undefined,undefined,undefined,undefined,undefined,undefined,undefined,undefined,undefined,undefined,undefined,undefined,undefined,undefined,undefined,undefined,undefined,undefined
147.12,0.6,string,W0VTL,Gunnison,CO,OPEN,string,91.9,E,string,147.12,147.72,string,undefined,Gunnison,On-Air,undefined,W0VTL,E-power.,undefined,undefined,undefined,undefined,undefined,CCARC,string,undefined,undefined,undefined,undefined,undefined,undefined,undefined,undefined,undefined,undefined,undefined,undefined,undefined,undefined,undefined,undefined,undefined,undefined,undefined,undefined,undefined,undefined,undefined,undefined
449.95,-5,string,K5GF,Gunnison,CO,OPEN,string,91.9,E,string,449.95,444.95,string,undefined,Gunnison,undefined,undefined,K5GF,undefined,undefined,undefined,undefined,undefined,undefined,CCARC,string,undefined,undefined,Unknown,undefined,undefined,undefined,undefined,undefined,undefined,undefined,undefined,undefined,undefined,undefined,undefined,undefined,undefined,undefined,undefined,undefined,undefined,undefined,undefined,undefined
146.925,-0.6,string,WA0JS,Creede,CO,OPEN,string,93,SE,string,146.925,146.325,string,undefined,Mineral,Off-Air,undefined,Creede ARC,undefined,undefined,undefined,WA0JS license expired,undefined,undefined,CCARC,string,undefined,undefined,undefined,undefined,undefined,undefined,undefined,undefined,undefined,undefined,undefined,undefined,undefined,undefined,undefined,undefined,undefined,undefined,undefined,undefined,undefined,undefined,undefined,undefined
147.06,0.6,100,NM5SJ,"Nebo, Cedar Hill",NM,OPEN,string,96.1,SSE,string,147.06,147.66,100,undefined,San Juan,On-Air,undefined,undefined,undefined,undefined,undefined,undefined,undefined,undefined,NMFCC,string,undefined,undefined,undefined,undefined,undefined,undefined,undefined,undefined,undefined,undefined,undefined,undefined,undefined,undefined,undefined,undefined,undefined,undefined,undefined,undefined,undefined,undefined,undefined,undefined
447,-5,107.2,KB0SW,"Loma, Baxter Pass",CO,OPEN,string,96.4,NNW,string,447,442,107.2,undefined,Garfield,On-Air,Wide area.,undefined,8,undefined,undefined,undefined,undefined,undefined,CCARC,string,undefined,undefined,undefined,undefined,undefined,undefined,undefined,undefined,undefined,undefined,undefined,undefined,undefined,undefined,undefined,undefined,undefined,undefined,undefined,undefined,undefined,undefined,undefined,undefined
146.76,-0.6,107.2,N0SWE,Rifle,CO,OPEN,E,96.8,NNE,string,146.76,146.16,107.2,undefined,Garfield,Off-Air,"New Castle, Silt, Rifle and Rulison and areas around Parachute.","N0SWE,  Roaring Fork Amateur Repeater Cooperative",E-power.,undefined,undefined,undefined,undefined,undefined,CCARC,string,243117,undefined,undefined,undefined,undefined,undefined,undefined,undefined,undefined,undefined,undefined,undefined,undefined,undefined,undefined,DM69cl,undefined,undefined,undefined,undefined,undefined,undefined,undefined,undefined
449.9,-5,123,KD7HLL,Mexican Hat,UT,OPEN,string,100.3,SW,string,449.9,444.9,123,undefined,San Juan,On-Air,"Lake Powell area from Bullfrog to Wahweap and Hite, toward the south into Arizona and North as far as Boulder.",undefined,6,undefined,undefined,Part time link to  two repeaters,undefined,undefined,UVHFS,string,undefined,undefined,undefined,undefined,undefined,undefined,undefined,undefined,undefined,undefined,undefined,undefined,undefined,undefined,undefined,undefined,undefined,undefined,undefined,undefined,undefined,undefined,undefined,undefined
146.74,-0.6,100,NM5SJ,Aztec,NM,OPEN,string,101.5,SSE,string,146.74,146.14,100,undefined,San Juan,On-Air,undefined,Totah ARC,"Closed autopatch, e-power.",undefined,undefined,undefined,undefined,undefined,NMFCC,string,undefined,undefined,undefined,undefined,undefined,undefined,undefined,undefined,undefined,undefined,undefined,undefined,undefined,undefined,undefined,undefined,undefined,undefined,undefined,undefined,undefined,undefined,undefined,undefined
146.88,-0.6,100,KB5ITS,"Aztec, Tank Mtn",NM,OPEN,string,101.5,SSE,string,146.88,146.28,100,undefined,San Juan,On-Air,undefined,undefined,undefined,Full-time to the  San Juan Connection System .,undefined,undefined,undefined,http://www.sjcham.com,NMFCC,string,undefined,undefined,undefined,undefined,undefined,undefined,undefined,undefined,undefined,undefined,undefined,undefined,undefined,undefined,undefined,undefined,undefined,undefined,undefined,undefined,undefined,undefined,undefined,undefined
442.25,5,CC1,N5UBJ,Aztec,NM,OPEN,string,101.5,SSE,string,442.25,447.25,string,undefined,San Juan,On-Air,undefined,undefined,undefined,undefined,undefined,undefined,undefined,http://www.aztrbonet.com/MinimalNetwatch,NMFCC,string,undefined,undefined,undefined,undefined,undefined,undefined,undefined,string,1,string,AZ-TrboNet,"Open Talkgroup View 


 
   
    
     Assignment 
     TS 
     TG 
     Access 
   

  Worldwide  1  1  PTT    North America  1  3  PTT    English  1  13  Full-Time      2    Full-Time    Europe  2  2  Full-Time    TAC 310  2  310  PTT    DCI Bridge  2  3100  PTT    Southwest USA  2  3176  PTT  
  
 
 
function myFunction(id) {
    var x = document.getElementById(id);
    if (x.className.indexOf(""w3-show"") == -1) {
        x.className += "" w3-show"";
    } else {
        x.className = x.className.replace("" w3-show"", """");
    }
}",undefined,undefined,undefined,undefined,1,1,1,2,2,2,2,undefined
447.45,-5,107.2,KB5ITS,Aztec,NM,OPEN,string,101.5,SSE,string,447.45,442.45,107.2,undefined,San Juan,On-Air,undefined,KB5ITS,"E-power, remote base.",undefined,undefined,undefined,undefined,undefined,NMFCC,string,undefined,undefined,undefined,undefined,undefined,undefined,undefined,undefined,undefined,undefined,undefined,undefined,undefined,undefined,undefined,undefined,undefined,undefined,undefined,undefined,undefined,undefined,undefined,undefined
145.115,-0.6,string,KF5VBE,Farmington,NM,OPEN,string,104.2,SSE,string,145.115,144.515,undefined,undefined,San Juan,On-Air,undefined,undefined,undefined,undefined,undefined,undefined,undefined,undefined,undefined,string,undefined,undefined,undefined,string,KF5VBE (C) Gateway Repeater,"jfindu lookup 
    /   dstar-users lookup",undefined,undefined,undefined,undefined,undefined,undefined,undefined,undefined,undefined,undefined,undefined,undefined,undefined,undefined,undefined,undefined,undefined,undefined
1291.1,-20,string,KF5VBE,Aztec,NM,CLOSED,string,104.2,SSE,string,1291.1,1271.1,undefined,undefined,Bernalillo,On-Air,undefined,San Juan County,DV only,undefined,undefined,undefined,undefined,undefined,NMFCC,string,undefined,undefined,undefined,string,KF5VBE (A) Repeater,"jfindu lookup 
    /   dstar-users lookup",undefined,undefined,undefined,undefined,undefined,undefined,undefined,undefined,undefined,undefined,undefined,undefined,undefined,undefined,undefined,undefined,undefined,undefined
447.1,-5,107.2,KI0G,"Glenwood Springs, Sunlight Peak",CO,OPEN,string,105.2,NE,string,447.1,442.1,107.2,undefined,Garfield,On-Air,undefined,Ski Country ARC,undefined,undefined,undefined,undefined,undefined,undefined,CCARC,string,undefined,undefined,undefined,undefined,undefined,undefined,undefined,undefined,undefined,undefined,undefined,undefined,undefined,undefined,undefined,undefined,undefined,undefined,undefined,undefined,undefined,undefined,undefined,undefined
449.6,-5,107.2,N0XLI,"Glenwood Springs, Sunlight Peak",CO,OPEN,string,105.2,NE,string,449.6,444.6,107.2,undefined,Garfield,On-Air,Wide area.,undefined,e-power Linked to GMRA open system,undefined,undefined,undefined,undefined,http://www.gmra.org,CCARC,string,undefined,undefined,undefined,undefined,undefined,undefined,undefined,undefined,undefined,undefined,undefined,undefined,undefined,undefined,undefined,undefined,undefined,undefined,undefined,undefined,undefined,undefined,undefined,undefined
146.85,-0.6,88.5,KB0VJJ,"Glenwood Springs, Sunlight Peak",CO,OPEN,string,105.2,NE,string,146.85,146.25,88.5,123,Garfield,On-Air,"Wide area: Throughout the Roaring Fork Valley, Glenwood Canyon, East and West on I-70, and the Flattops Wilderness north of Glenwood.",Colorado Connection,70,undefined,undefined,Part of the Colorado Connection System of Repeaters,Daily 7:30PM Local Time Central Colorado Traffic Net Thursdays 8:00PM Colorado Connection Net All Welcome Sundays 8:00PM Statewide ARES net,undefined,CCARC,string,undefined,undefined,undefined,undefined,undefined,undefined,undefined,undefined,undefined,undefined,undefined,undefined,undefined,undefined,undefined,undefined,undefined,undefined,undefined,undefined,undefined,undefined,undefined,undefined
146.88,-0.6,107.2,KI0G,"Glenwood Springs, Sunlight Peak",CO,OPEN,string,105.2,NE,string,146.88,146.28,107.2,undefined,Garfield,On-Air,undefined,Ski Country ARC,undefined,"Full-time to  
        447.60000 (KI0G) at Glenwood Springs, CO .",undefined,undefined,undefined,undefined,CCARC,string,undefined,undefined,undefined,undefined,undefined,undefined,undefined,undefined,undefined,undefined,undefined,undefined,undefined,undefined,undefined,undefined,undefined,undefined,undefined,undefined,undefined,undefined,undefined,undefined
147.39,0.6,107.2,K0SNO,"Carbondale, Four Mile Ridge",CO,OPEN,string,105.9,NE,string,147.39,147.99,107.2,undefined,Garfield,On-Air,"Rifle, Carbondale, El Jebel, Glenwood Springs, Basalt and Aspen.",Roaring Fork Amateur Repeater Cooperative,undefined,undefined,undefined,undefined,undefined,undefined,undefined,string,undefined,undefined,undefined,undefined,undefined,undefined,undefined,undefined,undefined,undefined,undefined,undefined,undefined,undefined,undefined,undefined,undefined,undefined,undefined,undefined,undefined,undefined,undefined,undefined
449.725,-5,179.9,K0ELK,"Carbondale, Four Mile Ridge",CO,OPEN,IA,105.9,NE,string,449.725,444.725,179.9,undefined,Garfield,On-Air,Wide area.,Roaring Fork Amateur Repeater Cooperative (RFARC),EchoLink.,undefined,3722,undefined,undefined,undefined,CCARC,string,undefined,undefined,undefined,undefined,undefined,undefined,28434,undefined,undefined,undefined,undefined,undefined,undefined,undefined,undefined,undefined,undefined,undefined,undefined,undefined,undefined,undefined,undefined,undefined
146.61,-0.6,123,N0JSP,"Pagosa Springs, Oakbrush Hill",CO,OPEN,string,107.1,SE,string,146.61,146.01,123,undefined,Archuleta,On-Air,undefined,undefined,undefined,undefined,undefined,undefined,undefined,http://durangoarc.org/,CCARC,string,undefined,undefined,undefined,undefined,undefined,undefined,undefined,undefined,undefined,undefined,undefined,undefined,undefined,undefined,undefined,undefined,undefined,undefined,undefined,undefined,undefined,undefined,undefined,undefined
147.36,0.6,100,KB5ITS,"Navajo Dam, Navajo Lake",NM,OPEN,string,110.9,SSE,string,147.36,147.96,100,undefined,San Juan,On-Air,undefined,undefined,undefined,Full-time to the  San Juan Connection System .,undefined,undefined,undefined,http://www.sjcham.com,NMFCC,string,undefined,undefined,undefined,undefined,undefined,undefined,undefined,undefined,undefined,undefined,undefined,undefined,undefined,undefined,undefined,undefined,undefined,undefined,undefined,undefined,undefined,undefined,undefined,undefined
146.67,-0.6,107.2,K0CL,Snowmass Village,CO,OPEN,string,111.6,NE,string,146.67,146.07,107.2,undefined,Pitkin,On-Air,Wide area.,Ski Country ARC,Linked.,undefined,undefined,undefined,undefined,undefined,CCARC,string,undefined,undefined,undefined,undefined,undefined,undefined,undefined,undefined,undefined,undefined,undefined,undefined,undefined,undefined,undefined,undefined,undefined,undefined,undefined,undefined,undefined,undefined,undefined,undefined
449.85,-5,131.8,WA4HND,"Glenwood Springs, Lookout Mountain",CO,OPEN,string,113.8,NE,string,449.85,444.85,131.8,131.8,Garfield,On-Air,Glenwood Springs,undefined,e-power  Linked to GMRA Open System,Full-time to the  GMRA Open System .,undefined,RACES net Wed 1930 Hrs Local,Colorado State RACES  Wed 1930 local,http://GMRA.org,CCARC,string,undefined,Grand Mesa Repeater Assoc,undefined,undefined,undefined,undefined,undefined,undefined,undefined,undefined,undefined,undefined,undefined,undefined,undefined,undefined,undefined,undefined,undefined,undefined,undefined,undefined,undefined,undefined
147.3,0.6,107.2,K0VQ,"Glenwood Springs, Three Mile Ridge",CO,OPEN,E,113.8,NE,string,147.3,147.9,107.2,undefined,Garfield,Off-Air,"Wide area: Glenwood Springs, Glenwood Canyon, South Canyon, Carbondale and surrounding areas.",Roaring Fork Amateur Repeater Cooperative,8,undefined,undefined,Single beep courtesy tone when linked and none when unlinked.,undefined,undefined,CCARC,string,266359,undefined,undefined,undefined,undefined,undefined,undefined,undefined,undefined,undefined,undefined,undefined,undefined,undefined,undefined,undefined,undefined,undefined,undefined,undefined,undefined,undefined,undefined,undefined
224.02,-1.6,string,KI0G,Glenwood Springs,CO,CLOSED,string,113.8,NE,string,224.02,222.42,string,undefined,Garfield,undefined,undefined,SCARC,undefined,undefined,undefined,undefined,undefined,undefined,CCARC,string,undefined,undefined,Unknown,undefined,undefined,undefined,undefined,undefined,undefined,undefined,undefined,undefined,undefined,undefined,undefined,undefined,undefined,undefined,undefined,undefined,undefined,undefined,undefined,undefined
447.6,-5,string,KI0G,Glenwood Springs,CO,CLOSED,string,113.8,NE,string,447.6,442.6,string,undefined,Garfield,undefined,40,Ski Country ARC (SCARC),50,"Full-time to  
        146.88000 (KI0G) at Glenwood Springs, Sunlight Peak, CO .",undefined,Link Hub for 146.880.,undefined,undefined,CCARC,string,undefined,undefined,Unknown,undefined,undefined,undefined,undefined,undefined,undefined,undefined,undefined,undefined,undefined,undefined,undefined,undefined,undefined,undefined,undefined,undefined,undefined,undefined,undefined,undefined
447.05,-5,136.5,K0VQ,"Aspen, Aspen Mountain",CO,OPEN,string,114.8,NE,string,447.05,442.05,136.5,136.5,Pitkin,On-Air,Aspen-Snowmass areas.,Roaring Fork Amateur Repeater Cooperative,undefined,undefined,undefined,undefined,undefined,undefined,CCARC,string,undefined,undefined,undefined,undefined,undefined,undefined,undefined,undefined,undefined,undefined,undefined,undefined,undefined,undefined,undefined,undefined,undefined,undefined,undefined,undefined,undefined,undefined,undefined,undefined
447.15,-5,136.5,K0VQ,"Carbondale, Missouri Heights",CO,OPEN,E,115,NE,string,447.15,442.15,136.5,undefined,Garfield,On-Air,undefined,undefined,undefined,undefined,undefined,"Please contact Tracy, K0VQ, by email or on-the-air prior to attempting to use this node to obtain codes for specific questions and to make sure that proper protocol is followed. Please DO NOT just key up and start issuing DTMF codes, connecting to reflectors, etc., without guidance.",undefined,undefined,undefined,string,8150,undefined,undefined,undefined,undefined,undefined,undefined,undefined,undefined,undefined,undefined,undefined,undefined,undefined,undefined,undefined,undefined,undefined,undefined,undefined,undefined,undefined,undefined,undefined
145.43,-0.6,136.5,NM5SJ,Dulce,NM,OPEN,string,123.6,SE,string,145.43,144.83,136.5,undefined,Rio Arriba,On-Air,undefined,SJC EMCOMM,undefined,undefined,undefined,undefined,undefined,undefined,NMFCC,string,undefined,undefined,undefined,undefined,undefined,undefined,undefined,undefined,undefined,undefined,undefined,undefined,undefined,undefined,undefined,undefined,undefined,undefined,undefined,undefined,undefined,undefined,undefined,undefined
449.05,-5,88.5,K7SDC,"Sunnyside, Bruin Point",UT,OPEN,EI,136.8,NW,string,449.05,444.05,88.5,undefined,Carbon,On-Air,"Wide area: Roosevelt, Duchesne, near Vernal, and Price, with spotty coverage from Price down to I-70 on US-6 and US-10.",Sinbad Desert ARC,Remote base.,undefined,3270,undefined,undefined,http://sdarc.us/repeaters/bruin.html,UVHFS,string,64264,undefined,undefined,undefined,undefined,undefined,undefined,undefined,undefined,undefined,undefined,undefined,undefined,undefined,undefined,undefined,undefined,undefined,undefined,undefined,undefined,undefined,undefined,string
147.32,0.6,88.5,K7SDC,"Sunnyside, Bruin Point",UT,OPEN,EI,136.8,NW,string,147.32,147.92,88.5,undefined,Carbon,On-Air,"Wide area: Roosevelt, Duchesne, near Vernal, and Price, with spotty coverage from Price down to I-70 on US-6 and US-10. 50 mi radius.",Sinbad Desert ARC,Remote base.,undefined,3270,110,undefined,http://sdarc.us/repeaters/bruin.html,UVHFS,string,64264,undefined,undefined,undefined,undefined,undefined,undefined,undefined,undefined,undefined,undefined,undefined,undefined,undefined,undefined,DM49tp,undefined,undefined,undefined,undefined,undefined,undefined,undefined,string
145.175,-0.6,string,WX7Y,"Sunny Side, Bruin Peak",UT,OPEN,string,137.3,NW,string,145.175,144.575,string,undefined,Carbon,On-Air,Eastern Utah,SDARC,undefined,undefined,undefined,undefined,undefined,undefined,undefined,string,undefined,Sinbad Desert A.R.C.,undefined,undefined,undefined,undefined,undefined,undefined,undefined,undefined,undefined,undefined,undefined,undefined,United States,undefined,undefined,undefined,undefined,undefined,undefined,undefined,undefined,undefined
147.08,0.6,162.2,W5SF,"Chama, Overlook Mtn",NM,OPEN,string,141.5,SE,string,147.08,147.68,162.2,undefined,Rio Arriba,On-Air,undefined,SFARC,undefined,undefined,undefined,undefined,undefined,undefined,NMFCC,string,undefined,undefined,undefined,undefined,undefined,undefined,undefined,undefined,undefined,undefined,undefined,undefined,undefined,undefined,undefined,undefined,undefined,undefined,undefined,undefined,undefined,undefined,undefined,undefined
