Frequency,Offset,Tone,Call,Location,ST/PR,Use,VOIP,Mi,Dir,,Downlink,Uplink,Uplink Tone,County,Op Status,Coverage,Sponsor,Features,EchoLink,Notes,Coordination,Last update,On-air,Links,Downlink Tone,Affiliate,Nets,Web links,Grid,IRLP,AllStar,Commands,DMR Enabled,Color Code,Wide Network,D-STAR Enabled,Node,Sources,Talkgroup Network,Talkgroups,Colorado,Southern Colorado,Denver Regional,Northern Colorado
147.3,0.6,107.2,K0VQ,"Glenwood Springs, Three Mile Ridge",CO,OPEN,E,11.4,ESE,string,147.3,147.9,107.2,Garfield,Off-Air,"Wide area: Glenwood Springs, Glenwood Canyon, South Canyon, Carbondale and surrounding areas.",Roaring Fork Amateur Repeater Cooperative,8,266359,Single beep courtesy tone when linked and none when unlinked.,CCARC,string,undefined,undefined,undefined,undefined,undefined,undefined,undefined,undefined,undefined,undefined,undefined,undefined,undefined,undefined,undefined,undefined,undefined,undefined,undefined,undefined,undefined,undefined
447.6,-5,string,KI0G,Glenwood Springs,CO,CLOSED,string,11.4,ESE,string,447.6,442.6,string,Garfield,undefined,40,Ski Country ARC (SCARC),50,undefined,Link Hub for 146.880.,CCARC,string,Unknown,"Full-time to  
        146.88000 (KI0G) at Glenwood Springs, Sunlight Peak, CO .",undefined,undefined,undefined,undefined,undefined,undefined,undefined,undefined,undefined,undefined,undefined,undefined,undefined,undefined,undefined,undefined,undefined,undefined,undefined,undefined
224.02,-1.6,string,KI0G,Glenwood Springs,CO,CLOSED,string,11.4,ESE,string,224.02,222.42,string,Garfield,undefined,undefined,SCARC,undefined,undefined,undefined,CCARC,string,Unknown,undefined,undefined,undefined,undefined,undefined,undefined,undefined,undefined,undefined,undefined,undefined,undefined,undefined,undefined,undefined,undefined,undefined,undefined,undefined,undefined,undefined
449.85,-5,131.8,WA4HND,"Glenwood Springs, Lookout Mountain",CO,OPEN,string,11.4,ESE,string,449.85,444.85,131.8,Garfield,On-Air,Glenwood Springs,undefined,e-power  Linked to GMRA Open System,undefined,RACES net Wed 1930 Hrs Local,CCARC,string,undefined,Full-time to the  GMRA Open System .,131.8,Grand Mesa Repeater Assoc,Colorado State RACES  Wed 1930 local,http://GMRA.org,undefined,undefined,undefined,undefined,undefined,undefined,undefined,undefined,undefined,undefined,undefined,undefined,undefined,undefined,undefined,undefined
146.88,-0.6,107.2,KI0G,"Glenwood Springs, Sunlight Peak",CO,OPEN,string,13.1,SE,string,146.88,146.28,107.2,Garfield,On-Air,undefined,Ski Country ARC,undefined,undefined,undefined,CCARC,string,undefined,"Full-time to  
        447.60000 (KI0G) at Glenwood Springs, CO .",undefined,undefined,undefined,undefined,undefined,undefined,undefined,undefined,undefined,undefined,undefined,undefined,undefined,undefined,undefined,undefined,undefined,undefined,undefined,undefined
146.85,-0.6,88.5,KB0VJJ,"Glenwood Springs, Sunlight Peak",CO,OPEN,string,13.1,SE,string,146.85,146.25,88.5,Garfield,On-Air,"Wide area: Throughout the Roaring Fork Valley, Glenwood Canyon, East and West on I-70, and the Flattops Wilderness north of Glenwood.",Colorado Connection,70,undefined,Part of the Colorado Connection System of Repeaters,CCARC,string,undefined,undefined,123,undefined,Daily 7:30PM Local Time Central Colorado Traffic Net Thursdays 8:00PM Colorado Connection Net All Welcome Sundays 8:00PM Statewide ARES net,undefined,undefined,undefined,undefined,undefined,undefined,undefined,undefined,undefined,undefined,undefined,undefined,undefined,undefined,undefined,undefined,undefined
447.1,-5,107.2,KI0G,"Glenwood Springs, Sunlight Peak",CO,OPEN,string,13.1,SE,string,447.1,442.1,107.2,Garfield,On-Air,undefined,Ski Country ARC,undefined,undefined,undefined,CCARC,string,undefined,undefined,undefined,undefined,undefined,undefined,undefined,undefined,undefined,undefined,undefined,undefined,undefined,undefined,undefined,undefined,undefined,undefined,undefined,undefined,undefined,undefined
449.6,-5,107.2,N0XLI,"Glenwood Springs, Sunlight Peak",CO,OPEN,string,13.1,SE,string,449.6,444.6,107.2,Garfield,On-Air,Wide area.,undefined,e-power Linked to GMRA open system,undefined,undefined,CCARC,string,undefined,undefined,undefined,undefined,undefined,http://www.gmra.org,undefined,undefined,undefined,undefined,undefined,undefined,undefined,undefined,undefined,undefined,undefined,undefined,undefined,undefined,undefined,undefined
146.76,-0.6,107.2,N0SWE,Rifle,CO,OPEN,E,14.3,WSW,string,146.76,146.16,107.2,Garfield,Off-Air,"New Castle, Silt, Rifle and Rulison and areas around Parachute.","N0SWE,  Roaring Fork Amateur Repeater Cooperative",E-power.,243117,undefined,CCARC,string,undefined,undefined,undefined,undefined,undefined,undefined,DM69cl,undefined,undefined,undefined,undefined,undefined,undefined,undefined,undefined,undefined,undefined,undefined,undefined,undefined,undefined,undefined
449.725,-5,179.9,K0ELK,"Carbondale, Four Mile Ridge",CO,OPEN,IA,16.8,SE,string,449.725,444.725,179.9,Garfield,On-Air,Wide area.,Roaring Fork Amateur Repeater Cooperative (RFARC),EchoLink.,undefined,undefined,CCARC,string,undefined,undefined,undefined,undefined,undefined,undefined,undefined,3722,28434,undefined,undefined,undefined,undefined,undefined,undefined,undefined,undefined,undefined,undefined,undefined,undefined,undefined
147.39,0.6,107.2,K0SNO,"Carbondale, Four Mile Ridge",CO,OPEN,string,16.8,SE,string,147.39,147.99,107.2,Garfield,On-Air,"Rifle, Carbondale, El Jebel, Glenwood Springs, Basalt and Aspen.",Roaring Fork Amateur Repeater Cooperative,undefined,undefined,undefined,undefined,string,undefined,undefined,undefined,undefined,undefined,undefined,undefined,undefined,undefined,undefined,undefined,undefined,undefined,undefined,undefined,undefined,undefined,undefined,undefined,undefined,undefined,undefined
447.15,-5,136.5,K0VQ,"Carbondale, Missouri Heights",CO,OPEN,E,25.6,SE,string,447.15,442.15,136.5,Garfield,On-Air,undefined,undefined,undefined,8150,"Please contact Tracy, K0VQ, by email or on-the-air prior to attempting to use this node to obtain codes for specific questions and to make sure that proper protocol is followed. Please DO NOT just key up and start issuing DTMF codes, connecting to reflectors, etc., without guidance.",undefined,string,undefined,undefined,undefined,undefined,undefined,undefined,undefined,undefined,undefined,undefined,undefined,undefined,undefined,undefined,undefined,undefined,undefined,undefined,undefined,undefined,undefined,undefined
449.8,-5,107.2,WA4HND,"Parachute, Mount Callahan",CO,OPEN,string,28.7,WSW,string,449.8,444.8,107.2,Garfield,On-Air,undefined,undefined,8,undefined,undefined,CCARC,string,undefined,undefined,undefined,undefined,undefined,GMRA Repeaters,undefined,undefined,undefined,undefined,undefined,undefined,undefined,undefined,undefined,undefined,undefined,undefined,undefined,undefined,undefined,undefined
449.5,-5,107.2,KB0SW,Collbran,CO,OPEN,string,32.3,SW,string,449.5,444.5,107.2,Mesa,Off-Air,undefined,Grand Mesa Repeater Association (GMRA),E-power.,undefined,undefined,CCARC,string,undefined,undefined,undefined,undefined,undefined,undefined,undefined,undefined,undefined,undefined,undefined,undefined,undefined,undefined,undefined,undefined,undefined,undefined,undefined,undefined,undefined,undefined
146.67,-0.6,107.2,K0CL,Snowmass Village,CO,OPEN,string,40.5,SE,string,146.67,146.07,107.2,Pitkin,On-Air,Wide area.,Ski Country ARC,Linked.,undefined,undefined,CCARC,string,undefined,undefined,undefined,undefined,undefined,undefined,undefined,undefined,undefined,undefined,undefined,undefined,undefined,undefined,undefined,undefined,undefined,undefined,undefined,undefined,undefined,undefined
449.65,-5,151.4,KB0YNA,"Grand Junction, Grand Mesa",CO,OPEN,I,41,SSW,string,449.65,444.65,151.4,Mesa,On-Air,Wide area coverage,Keri Washburn,NWS weather alert system.,undefined,undefined,CCARC,string,undefined,"Full-time to  
        447.65000 (KB0YNA) at Gunnison, W Mountain or Tenderfoot Mountain, CO .",151.4,undefined,undefined,undefined,undefined,8162,undefined,11,undefined,undefined,undefined,undefined,undefined,undefined,undefined,undefined,undefined,undefined,undefined,undefined
145.355,-0.6,88.5,KB0VJJ,"Grand Junction, Grand Mesa",CO,OPEN,string,41,SSW,string,145.355,144.755,88.5,Mesa,On-Air,"Rifle to the east, several miles east of Green River, Utah to the west.",Colorado Connection,E-power.,undefined,Colorado Connection system of repeaters,CCARC,string,undefined,Full-time to the  Colorado Connection System .,123,undefined,"Central Colorado Traffic Net: Daily at 19:30. 
Colorado Connection Net (all welcome): Thu at 20:00. 
Statewide ARES: Sun at 20:00.",undefined,undefined,undefined,undefined,undefined,undefined,undefined,undefined,undefined,undefined,undefined,undefined,undefined,undefined,undefined,undefined,undefined
447.35,-5,107.2,string,"Cedaredge, Grand Mesa",CO,OPEN,string,46.3,SSW,string,447.35,442.35,107.2,Delta,undefined,undefined,Grand Mesa Repeater Assoc (GMRA),undefined,undefined,undefined,CCARC,string,Unknown,undefined,undefined,undefined,undefined,GMRA Repeaters,undefined,undefined,undefined,undefined,undefined,undefined,undefined,undefined,undefined,undefined,undefined,undefined,undefined,undefined,undefined,undefined
447.05,-5,136.5,K0VQ,"Aspen, Aspen Mountain",CO,OPEN,string,46.7,SE,string,447.05,442.05,136.5,Pitkin,On-Air,Aspen-Snowmass areas.,Roaring Fork Amateur Repeater Cooperative,undefined,undefined,undefined,CCARC,string,undefined,undefined,136.5,undefined,undefined,undefined,undefined,undefined,undefined,undefined,undefined,undefined,undefined,undefined,undefined,undefined,undefined,undefined,undefined,undefined,undefined,undefined
147.33,0.6,107.2,KI0MR,Paonia,CO,OPEN,string,48.8,S,string,147.33,147.93,107.2,Delta,On-Air,Wide area.,North Fork Repeater Assoc.,undefined,undefined,undefined,CCARC,string,undefined,undefined,undefined,undefined,undefined,undefined,undefined,undefined,undefined,undefined,undefined,undefined,undefined,undefined,undefined,undefined,undefined,undefined,undefined,undefined,undefined,undefined
446.9125,-5,CC1,W0BX,"Grand Junction, Grand Mesa",CO,OPEN,string,49.8,SW,string,446.9125,441.9125,string,Mesa,On-Air,"Grand Junction, I70",Bill Frost,undefined,undefined,Brandmeister network,undefined,string,undefined,undefined,undefined,undefined,undefined,undefined,undefined,undefined,undefined,undefined,string,1,string,undefined,undefined,undefined,undefined,undefined,undefined,undefined,undefined,undefined
147.36,0.6,100,W0ALC,Cedaredge,CO,OPEN,string,50.8,SSW,string,147.36,147.96,100,Delta,undefined,undefined,W0ALC,undefined,undefined,undefined,CCARC,string,Unknown,undefined,undefined,undefined,undefined,undefined,undefined,undefined,undefined,undefined,undefined,undefined,undefined,undefined,undefined,undefined,undefined,undefined,undefined,undefined,undefined,undefined
449.825,-5,100,W0ALC,Cedaredge,CO,OPEN,string,50.8,SSW,string,449.825,444.825,100,Delta,undefined,undefined,W0ALC,undefined,undefined,undefined,CCARC,string,Unknown,undefined,undefined,undefined,undefined,undefined,undefined,undefined,undefined,undefined,undefined,undefined,undefined,undefined,undefined,undefined,undefined,undefined,undefined,undefined,undefined,undefined
147.195,0.6,107.2,KC0QXX,"Cedaredge, Cedar Mesa",CO,OPEN,string,50.8,SSW,string,147.195,147.795,107.2,Delta,undefined,Local.,undefined,undefined,undefined,undefined,undefined,string,Unknown,undefined,undefined,Colorado District 25 ARES,undefined,undefined,undefined,undefined,undefined,undefined,undefined,undefined,undefined,undefined,undefined,undefined,undefined,undefined,undefined,undefined,undefined,undefined
449.3,-5,107.2,WA4HND,"Grand Junction, Grand Mesa",CO,OPEN,I,52.5,SW,string,449.3,444.3,107.2,Mesa,On-Air,Wide Area I-70 West Rifle to Western Utah,undefined,e-power Linked to GMRA Open System,undefined,Closed IRLP out,CCARC,string,undefined,undefined,107.2,undefined,RACES Wed 1930 hrs,http://www.gmra.org/,undefined,3710,undefined,undefined,undefined,undefined,undefined,undefined,undefined,undefined,undefined,undefined,undefined,undefined,undefined,undefined
147.345,0.6,88.5,KB0VJJ,Vail,CO,OPEN,string,57.7,ESE,string,147.345,147.945,88.5,Eagle,On-Air,Wide area: Vail Pass to Glenwood Canyon and the Flattops Wilderness to Tennessee Pass.  Map,Colorado Connection,9,undefined,undefined,CCARC,string,undefined,Full-time to the  Colorado Connection System .,123,undefined,"Central Colorado Traffic Net: Daily at 19:3030 
Colorado Connection Net (All Welcome):  Thu at 20:00. 
Statewide ARES net: Sun at 20:00.",undefined,undefined,undefined,undefined,undefined,undefined,undefined,undefined,undefined,undefined,undefined,undefined,undefined,undefined,undefined,undefined,undefined
445.075,-5,CC7,N0SZ,Vail,CO,OPEN,string,58.2,ESE,string,445.075,440.075,string,Eagle,On-Air,undefined,K2AD,undefined,undefined,undefined,CCARC,string,undefined,undefined,undefined,Rocky Mountain Ham Radio,undefined,http://www.rmham.org/,undefined,undefined,undefined,undefined,string,7,string,undefined,undefined,undefined,undefined,undefined,undefined,undefined,undefined,undefined
145.175,-0.6,107.2,W0RRZ,"Grand Junction, GJT",CO,OPEN,I,61.3,WSW,string,145.175,144.575,107.2,Mesa,On-Air,Greater grand Junction area.,undefined,"E-power,",undefined,undefined,CCARC,string,undefined,undefined,undefined,undefined,undefined,undefined,undefined,3161,undefined,Standard IRLP node commands.,undefined,undefined,undefined,undefined,undefined,undefined,undefined,undefined,undefined,undefined,undefined,undefined
224.8,-1.6,string,N0AFO,Vail,CO,OPEN,string,62.1,ESE,string,224.8,223.2,string,Eagle,undefined,undefined,ECHO,undefined,undefined,undefined,CCARC,string,Unknown,undefined,undefined,undefined,undefined,undefined,undefined,undefined,undefined,undefined,undefined,undefined,undefined,undefined,undefined,undefined,undefined,undefined,undefined,undefined,undefined,undefined
449.9,-5,107.2,N0AFO,Vail,CO,OPEN,string,62.1,ESE,string,449.9,444.9,107.2,Eagle,Off-Air,undefined,ECHO,undefined,undefined,undefined,CCARC,string,undefined,undefined,107.2,undefined,undefined,undefined,undefined,undefined,undefined,undefined,undefined,undefined,undefined,undefined,undefined,undefined,undefined,undefined,undefined,undefined,undefined,undefined
146.61,-0.6,107.2,K0RV,"Vail, Bald Mountain",CO,OPEN,string,62.9,ESE,string,146.61,146.01,107.2,Eagle,On-Air,undefined,ECHO,11,undefined,undefined,CCARC,string,undefined,undefined,undefined,undefined,undefined,undefined,undefined,undefined,undefined,undefined,undefined,undefined,undefined,undefined,undefined,undefined,undefined,undefined,undefined,undefined,undefined,undefined
449,-5,string,KB0SW,Grand Junction,CO,CLOSED,string,64.6,WSW,string,449,444,string,Mesa,On-Air,undefined,KB0SW,undefined,undefined,undefined,CCARC,string,undefined,undefined,107.2,Grand Mesa Repeater Assoc,undefined,undefined,undefined,undefined,undefined,undefined,undefined,undefined,undefined,undefined,undefined,undefined,undefined,undefined,undefined,undefined,undefined,undefined
147.105,0.6,string,K0SSI,Grand Junction,CO,OPEN,string,64.6,WSW,string,147.105,147.705,string,Mesa,On-Air,undefined,K0SSI,undefined,undefined,undefined,CCARC,string,undefined,undefined,undefined,undefined,undefined,undefined,undefined,undefined,undefined,undefined,undefined,undefined,undefined,undefined,undefined,undefined,undefined,undefined,undefined,undefined,undefined,undefined
447.5,-5,114.8,KC0ARV,Grand Junction,CO,OPEN,string,64.6,WSW,string,447.5,442.5,114.8,Mesa,undefined,undefined,KC0ARV,undefined,undefined,undefined,CCARC,string,Unknown,undefined,undefined,undefined,undefined,undefined,undefined,undefined,undefined,undefined,undefined,undefined,undefined,undefined,undefined,undefined,undefined,undefined,undefined,undefined,undefined,undefined
145.22,-0.6,107.2,KE0TY,Grand Junction,CO,OPEN,string,64.6,WSW,string,145.22,144.62,107.2,Mesa,undefined,undefined,KE0TY,undefined,undefined,undefined,CCARC,string,Unknown,undefined,undefined,undefined,undefined,undefined,undefined,undefined,undefined,undefined,undefined,undefined,undefined,undefined,undefined,undefined,undefined,undefined,undefined,undefined,undefined,undefined
449.775,-5,173.8,KD0SMZ,Grand Junction,CO,OPEN,EI,64.6,WSW,string,449.775,444.775,173.8,Mesa,On-Air,undefined,undefined,undefined,7572,undefined,CCARC,string,undefined,undefined,88.5,undefined,undefined,undefined,undefined,7573,undefined,undefined,undefined,undefined,undefined,undefined,undefined,undefined,undefined,undefined,undefined,undefined,undefined,undefined
446.775,-5,string,KD0RED,Grand Junction,CO,OPEN,string,64.6,WSW,string,446.775,441.775,undefined,Mesa,On-Air,undefined,undefined,undefined,undefined,undefined,undefined,string,undefined,undefined,undefined,undefined,undefined,undefined,undefined,undefined,undefined,undefined,undefined,undefined,undefined,string,KD0RED (B) Gateway Repeater,"jfindu lookup 
    /   dstar-users lookup",undefined,undefined,undefined,undefined,undefined,undefined
147.39,0.6,107.2,KE0TY,Grand Junction,CO,OPEN,string,64.6,WSW,string,147.39,147.99,107.2,Mesa,undefined,undefined,KE0TY,Linked.,undefined,undefined,CCARC,string,Unknown,undefined,undefined,undefined,undefined,undefined,undefined,undefined,undefined,undefined,undefined,undefined,undefined,undefined,undefined,undefined,undefined,undefined,undefined,undefined,undefined,undefined
146.82,-0.6,107.2,W0GJT,Grand Junction,CO,OPEN,A,64.6,WSW,string,146.82,146.22,107.2,Mesa,On-Air,Wide area: North Western Colorado - South to Montrose and East on I-70.,undefined,undefined,undefined,undefined,CCARC,string,undefined,undefined,undefined,undefined,undefined,undefined,undefined,undefined,28515,undefined,undefined,undefined,undefined,undefined,undefined,undefined,undefined,undefined,undefined,undefined,undefined,undefined
145.265,-0.6,107.2,WD0HAM,Craig,CO,OPEN,string,65.1,N,string,145.265,144.665,107.2,Moffat,undefined,undefined,NW Colorado ARC,E-power.,undefined,undefined,CCARC,string,Unknown,undefined,undefined,undefined,undefined,undefined,undefined,undefined,undefined,undefined,undefined,undefined,undefined,undefined,undefined,undefined,undefined,undefined,undefined,undefined,undefined,undefined
146.97,-0.6,88.5,KB0VJJ,Craig,CO,OPEN,string,65.1,N,string,146.97,146.37,88.5,Moffat,On-Air,undefined,Northwest Colorado Amateur Radio Association,undefined,undefined,undefined,CCARC,string,undefined,Full-time to the  Colorado Connection System .,123,Colorado Connection,undefined,undefined,undefined,undefined,undefined,undefined,undefined,undefined,undefined,undefined,undefined,undefined,undefined,undefined,undefined,undefined,undefined,undefined
147.355,-0.6,88.5,KB0VJJ,"Grand Junction, Grand Mesa",CO,OPEN,string,65.7,WSW,string,147.355,146.755,88.5,Mesa,On-Air,undefined,Colorado Connection,undefined,undefined,undefined,CCARC,string,undefined,Full-time to the  Colorado Connection System .,123,undefined,undefined,undefined,undefined,undefined,undefined,undefined,undefined,undefined,undefined,undefined,undefined,undefined,undefined,undefined,undefined,undefined,undefined,undefined
448.15,-5,100,W0GJT,Grand Junction,CO,OPEN,EI,69.3,SW,string,448.15,443.15,100,Mesa,On-Air,undefined,undefined,undefined,312189,undefined,CCARC,string,undefined,undefined,undefined,undefined,undefined,undefined,undefined,7963,undefined,undefined,undefined,undefined,undefined,undefined,undefined,undefined,undefined,undefined,undefined,undefined,undefined,undefined
147.075,0.6,88.5,KB0VJJ,"Kremmling, Santoy Peak",CO,OPEN,string,69.6,E,string,147.075,147.675,88.5,Grand,On-Air,Flattops Wilderness Area well and can even be worked from the Front Range in some locations. Coverage at the east end of Glenwood Canyon to Eagle is available in some spots along I-70.  Map,Colorado Connection,undefined,undefined,Part of the Colorado Connection system of Repeaters,CCARC,string,undefined,Full-time to the  Colorado Connection System .,123,undefined,"Colorado Traffic Net: Daily at 19:30. 
Colorado Connection Net (all welcome): Thu at 20:00. 
Statewide ARES: Sun at 20:00.",undefined,undefined,undefined,undefined,undefined,undefined,undefined,undefined,undefined,undefined,undefined,undefined,undefined,undefined,undefined,undefined,undefined
147.24,0.6,156.7,N0ZSN,"Leadville, Quail Mountain",CO,OPEN,string,70,SE,string,147.24,147.84,156.7,Lake,Off-Air,undefined,undefined,undefined,undefined,undefined,CCARC,string,undefined,undefined,156.7,undefined,undefined,undefined,undefined,undefined,undefined,undefined,undefined,undefined,undefined,undefined,undefined,undefined,undefined,undefined,undefined,undefined,undefined,undefined
449.625,-5,123,KB0VJJ,Steamboat Springs,CO,OPEN,string,73.2,NNE,string,449.625,444.625,123,Routt,On-Air,Local Steamboat Area,"Colorado Connection Repeaters, Inc.",Statewide Linked System,undefined,undefined,undefined,string,undefined,undefined,123,undefined,"Central Colorado Traffic Net: Daily at 19:30. 
Colorado Connection Net: Thu at 20:00 (All welcome).  
Statewide ARES Net: Sundays at 20:00.",http://colcon.org,undefined,undefined,undefined,undefined,undefined,undefined,undefined,undefined,undefined,undefined,undefined,undefined,undefined,undefined,undefined,undefined
147.165,0.6,88.5,KB0VJJ,Steamboat Springs,CO,OPEN,string,73.2,NNE,string,147.165,147.765,88.5,Routt,On-Air,undefined,Colorado Connection,undefined,undefined,undefined,undefined,string,undefined,Full-time to the  Colorado Connection System .,123,undefined,undefined,undefined,undefined,undefined,undefined,undefined,undefined,undefined,undefined,undefined,undefined,undefined,undefined,undefined,undefined,undefined,undefined,undefined
147.21,0.6,107.2,KD0H,Steamboat Springs,CO,OPEN,string,73.3,NNE,string,147.21,147.81,107.2,Routt,On-Air,undefined,SSARC,"Linked, WX.",undefined,undefined,CCARC,string,undefined,undefined,107.2,undefined,undefined,undefined,undefined,undefined,undefined,undefined,undefined,undefined,undefined,undefined,undefined,undefined,undefined,undefined,undefined,undefined,undefined,undefined
449.575,-5,131.8,WA4HND,"Grand Junction, Black Ridge",CO,OPEN,I,73.6,WSW,string,449.575,444.575,131.8,Mesa,On-Air,Grand Junction,undefined,e-power. Linked to GMRA Open System,undefined,Closed IRLP out,CCARC,string,undefined,undefined,131.8,Grand Mesa Repeater Assoc,Wed RACES Net 1930 Hrs,GMRA Repeaters,undefined,3710,undefined,undefined,undefined,undefined,undefined,undefined,undefined,undefined,undefined,undefined,undefined,undefined,undefined,undefined
146.94,-0.6,107.2,W0RRZ,"Grand Junction, Black Ridge (Above Colorado Ntl Monument)",CO,OPEN,string,73.6,WSW,string,146.94,146.34,107.2,Mesa,On-Air,Grand Junction 30-50 mi,Western Colorado Amateur Radio Club,E-power and autopatch for WCARC members,undefined,undefined,CCARC,string,undefined,undefined,107.2,undefined,Oatmeal Net: Mon-Fri at 7:30AM-8:00AM,http://w0rrz.org,undefined,undefined,undefined,undefined,undefined,undefined,undefined,undefined,undefined,undefined,undefined,undefined,undefined,undefined,undefined,undefined
145.445,-0.6,88.5,KB0VJJ,"Leadville, Mosquito Pass",CO,OPEN,string,74.8,SE,string,145.445,144.845,88.5,Lake,On-Air,string,Colorado Connection,E-power (solar).,undefined,"At 13,685;, it is one of the highest 2-meter repeaters in North America.",CCARC,string,undefined,Full-time to the  Colorado Connection System .,undefined,undefined,"Central Colorado Traffic Net: Daily at 19:30. 
Colorado Connection Net (all welcome): Thu at 20:00. 
Statewide ARES: Sun at 20:00.",undefined,undefined,undefined,undefined,undefined,undefined,undefined,undefined,undefined,undefined,undefined,undefined,undefined,undefined,undefined,undefined,undefined
447,-5,107.2,KB0SW,"Loma, Baxter Pass",CO,OPEN,string,75.4,W,string,447,442,107.2,Garfield,On-Air,Wide area.,undefined,8,undefined,undefined,CCARC,string,undefined,undefined,undefined,undefined,undefined,undefined,undefined,undefined,undefined,undefined,undefined,undefined,undefined,undefined,undefined,undefined,undefined,undefined,undefined,undefined,undefined,undefined
445.05,-5,CC7,N0SZ,"Leadville, Mosquito Pass",CO,OPEN,string,75.4,SE,string,445.05,440.05,string,Adams,On-Air,undefined,K2AD,undefined,undefined,undefined,CCARC,string,undefined,undefined,undefined,Rocky Mountain Ham Radio,undefined,http://www.rmham.org/,undefined,undefined,undefined,undefined,string,7,string,undefined,undefined,undefined,RMHAM,"Open Talkgroup View 


 
   
    
     Assignment 
     TS 
     TG 
     Access 
   

  Colorado  1  700  Full-Time    Southern Colorado  2  719  Full-Time    Denver Regional  2  720  Full-Time    Northern Colorado  2  721  Full-Time  
  
 
 
function myFunction(id) {
    var x = document.getElementById(id);
    if (x.className.indexOf(""w3-show"") == -1) {
        x.className += "" w3-show"";
    } else {
        x.className = x.className.replace("" w3-show"", """");
    }
}",1,2,2,2
146.91,-0.6,107.2,KC0UUX,Montrose,CO,OPEN,string,77.8,SSW,string,146.91,146.31,107.2,Montrose,On-Air,undefined,undefined,E-Power,undefined,undefined,CCARC,string,undefined,undefined,107.2,undefined,undefined,undefined,undefined,undefined,undefined,undefined,undefined,undefined,undefined,undefined,undefined,undefined,undefined,undefined,undefined,undefined,undefined,undefined
146.79,-0.6,107.2,KD5OPD,Montrose,CO,OPEN,string,77.8,SSW,string,146.79,146.19,107.2,Montrose,On-Air,undefined,KC0UXX,E-power.,undefined,undefined,CCARC,string,undefined,undefined,107.2,undefined,undefined,undefined,undefined,undefined,undefined,undefined,undefined,undefined,undefined,undefined,undefined,undefined,undefined,undefined,undefined,undefined,undefined,undefined
449.95,-5,string,K5GF,Gunnison,CO,OPEN,string,78.2,SSE,string,449.95,444.95,string,Gunnison,undefined,undefined,K5GF,undefined,undefined,undefined,CCARC,string,Unknown,undefined,undefined,undefined,undefined,undefined,undefined,undefined,undefined,undefined,undefined,undefined,undefined,undefined,undefined,undefined,undefined,undefined,undefined,undefined,undefined,undefined
147.12,0.6,string,W0VTL,Gunnison,CO,OPEN,string,78.2,SSE,string,147.12,147.72,string,Gunnison,On-Air,undefined,W0VTL,E-power.,undefined,undefined,CCARC,string,undefined,undefined,undefined,undefined,undefined,undefined,undefined,undefined,undefined,undefined,undefined,undefined,undefined,undefined,undefined,undefined,undefined,undefined,undefined,undefined,undefined,undefined
146.7,-0.6,107.2,WB0QMR,Breckenridge,CO,OPEN,I,80.1,ESE,string,146.7,146.1,107.2,Summit,On-Air,undefined,GRARC,E-power.,undefined,undefined,CCARC,string,undefined,undefined,undefined,undefined,undefined,undefined,undefined,3972,undefined,undefined,undefined,undefined,undefined,undefined,undefined,undefined,undefined,undefined,undefined,undefined,undefined,undefined
448.65,-5,string,KB0YNA,"Montrose, Waterdog Peak",CO,OPEN,string,82.2,S,string,448.65,443.65,string,Montrose,On-Air,Wide area.,KB0YNA,undefined,undefined,undefined,undefined,string,undefined,"Full-time to  
        447.65000 (KB0YNA) at Gunnison, W Mountain or Tenderfoot Mountain, CO .",151.4,undefined,undefined,undefined,undefined,undefined,undefined,undefined,undefined,undefined,undefined,undefined,undefined,undefined,undefined,undefined,undefined,undefined,undefined,undefined
447.2,-5,107.2,WA4HND,"Montrose, Waterdog Peak",CO,OPEN,I,82.2,S,string,447.2,442.2,107.2,Montrose,On-Air,Delta/Montrose,undefined,9,undefined,Closed IRLP out - Ask for a control op,CCARC,string,undefined,Full-time to the  GMRA Open System .,107.2,Grand Mesa Repeater Assoc,RACES Net Wed at 1930 Hrs.,GMRA Repeaters,undefined,3710,undefined,undefined,undefined,undefined,undefined,undefined,undefined,undefined,undefined,undefined,undefined,undefined,undefined,undefined
445.0875,-5,CC7,N0SZ,"Breckenridge, Baldy",CO,OPEN,string,83.4,ESE,string,445.0875,440.0875,string,Fremont,On-Air,undefined,K2AD,undefined,undefined,undefined,undefined,string,undefined,undefined,undefined,Rocky Mountain Ham Radio,undefined,http://www.rmham.org/,undefined,undefined,undefined,undefined,string,7,string,undefined,undefined,undefined,undefined,undefined,undefined,undefined,undefined,undefined
147.39,0.6,88.5,KB0VJJ,"Breckenridge, Bald Mountain",CO,OPEN,string,84,ESE,string,147.39,147.99,88.5,Summit,On-Air,Wide area.,Colorado Connection,12,undefined,"Please Note that 146.790 is the old Breckenridge frequency and this repeater may return to that frequency eventually but is now working on 147.390-.  This machine has a split tone, 88.5 rx and 123.0 tx",CCARC,string,undefined,Full-time to the  Colorado Connection System .,123,undefined,"Central Colorado Traffic Net: Daily at 19:30. 
Colorado Connection Net (all welcome): Thu at 20:00. 
Statewide ARES: Sun at 20:00.",Breckenridge Repeater,undefined,undefined,undefined,undefined,undefined,undefined,undefined,undefined,undefined,undefined,undefined,undefined,undefined,undefined,undefined,undefined
447.65,-5,151.4,KB0YNA,"Gunnison, W Mountain or Tenderfoot Mountain",CO,OPEN,string,85.1,SE,string,447.65,442.65,151.4,Gunnison,On-Air,Gunnison valley and along East and west on Highway 50.,KB0YNA,"Linked to 448.650 in Montrose, Colorado and 449.650 in Grand Junction, Colorado.",undefined,undefined,CCARC,string,undefined,"Full-time to  
        448.65000 (KB0YNA) at Montrose, Waterdog Peak, CO .
 


Full-time to  
        449.65000 (KB0YNA) at Grand Junction, Grand Mesa, CO .",151.4,undefined,undefined,undefined,undefined,undefined,undefined,undefined,undefined,undefined,undefined,undefined,undefined,undefined,undefined,undefined,undefined,undefined,undefined,undefined
447.125,-5,103.5,WZ0N,"Fairplay, Sacramento Mountain",CO,OPEN,string,85.4,SE,string,447.125,442.125,103.5,Park,On-Air,undefined,WZ0N,undefined,undefined,Identifies with an 'S' following WZ0N callsign which identifies the site as Sacramento.,CCARC,string,undefined,undefined,103.5,undefined,undefined,undefined,undefined,undefined,undefined,undefined,undefined,undefined,undefined,undefined,undefined,undefined,undefined,undefined,undefined,undefined,undefined,undefined
449.4,-5,131.8,KB0YNA,"Delta, Uncompahgre Butte",CO,OPEN,I,91,SW,string,449.4,444.4,131.8,Mesa,On-Air,Wide area via links - Western Colorado - Eastern Utah,"WA4HND,  Grand Mesa Repeater Association",E-power.,undefined,Closed IRLP out - Ask for a control op,CCARC,string,undefined,Full-time to the  GMRA Open System .,131.8,undefined,RACES Wed 1930 Hrs,http://www.gmra.org,undefined,3710,undefined,undefined,undefined,undefined,undefined,undefined,undefined,undefined,undefined,undefined,undefined,undefined,undefined,undefined
146.82,-0.6,123,KA0YDW,Granby,CO,OPEN,string,91.9,E,string,146.82,146.22,123,Grand,undefined,undefined,GCARA,E-power.,undefined,undefined,CCARC,string,Unknown,undefined,undefined,undefined,undefined,undefined,undefined,undefined,undefined,undefined,undefined,undefined,undefined,undefined,undefined,undefined,undefined,undefined,undefined,undefined,undefined,undefined
446.875,-5,CC,K7PFJ,"Granby, Mt Chauncey",CO,OPEN,string,91.9,E,string,446.875,441.875,string,Clear Creek,On-Air,undefined,undefined,undefined,undefined,undefined,undefined,string,undefined,undefined,undefined,RMHAM,undefined,http://www.rmham.org,undefined,undefined,undefined,undefined,string,string,string,undefined,undefined,undefined,undefined,undefined,undefined,undefined,undefined,undefined
146.745,-0.6,100,W0LSD,Nathrop,CO,OPEN,string,93,SE,string,146.745,146.145,100,Chaffee,Off-Air,undefined,CLARA,E-power.,undefined,undefined,CCARC,string,undefined,undefined,undefined,undefined,undefined,undefined,undefined,undefined,undefined,undefined,undefined,undefined,undefined,undefined,undefined,undefined,undefined,undefined,undefined,undefined,undefined,undefined
447.45,-5,103.5,WA4CCC,Winter Park,CO,OPEN,string,96,E,string,447.45,442.45,103.5,Grand,On-Air,undefined,W0IG,undefined,undefined,undefined,CCARC,string,undefined,undefined,undefined,undefined,undefined,undefined,undefined,undefined,undefined,undefined,undefined,undefined,undefined,undefined,undefined,undefined,undefined,undefined,undefined,undefined,undefined,undefined
145.16,-0.6,88.5,KB0VJJ,"Walden, Peterson Ridge",CO,OPEN,string,96.2,NE,string,145.16,144.56,88.5,Jackson,On-Air,"North Park, along with portions of I-80 from Laramie, Wyoming, to Rock Springs, Wyoming.",Colorado Connection,8,undefined,Part of the Colorado Connection system of repeaters.,CCARC,string,undefined,Full-time to the  Colorado Connection System .,123,undefined,"Central Colorado Traffic Net: Daily at 19:30. 
Colorado Connection Net (all welcome): Thu at 20:00. 
Statewide ARES: Sun at 20:00.",undefined,undefined,undefined,undefined,undefined,undefined,undefined,undefined,undefined,undefined,undefined,undefined,undefined,undefined,undefined,undefined,undefined
446.7625,-5,CC0,N0SZ,"Fairplay, Badger",CO,OPEN,string,96.2,SE,string,446.7625,441.7625,string,Park,On-Air,undefined,K7PFJ,undefined,undefined,undefined,undefined,string,undefined,undefined,undefined,RMHAM,undefined,undefined,undefined,undefined,undefined,undefined,string,number,string,undefined,undefined,undefined,string,"Open Talkgroup View 


 
   
    
     Assignment 
     TS 
     TG 
     Access 
   

  Colorado  1  700      Denver Regional  2  720    
  
 
 
function myFunction(id) {
    var x = document.getElementById(id);
    if (x.className.indexOf(""w3-show"") == -1) {
        x.className += "" w3-show"";
    } else {
        x.className = x.className.replace("" w3-show"", """");
    }
}",1,undefined,2,undefined
147.285,0.6,88.5,KB0VJJ,"Winter Park, Winter Park",CO,OPEN,string,96.7,E,string,147.285,147.885,88.5,Grand,On-Air,undefined,Colorado Connection,undefined,undefined,undefined,CCARC,string,undefined,Full-time to the  Colorado Connection System .,123,undefined,undefined,undefined,undefined,undefined,undefined,undefined,undefined,undefined,undefined,undefined,undefined,undefined,undefined,undefined,undefined,undefined,undefined,undefined
145.325,-0.6,100,KD0MRC,"Maysville, CO",CO,OPEN,string,97.6,SE,string,145.325,144.725,100,Chaffee,On-Air,wide area,Chaffee Lake Amateur Repeater Association,undefined,undefined,undefined,undefined,string,undefined,undefined,undefined,undefined,undefined,undefined,undefined,undefined,undefined,undefined,undefined,undefined,undefined,undefined,undefined,undefined,undefined,undefined,undefined,undefined,undefined,undefined
448.575,-5,103.5,WZ0N,Hartsel,CO,OPEN,string,98.2,SE,string,448.575,443.575,103.5,Park,Off-Air,Western Park County,undefined,undefined,undefined,undefined,CCARC,string,undefined,"Full-time internet linked to  
        146.89500 (AB0PC) at Bailey, Dick Mountain, CO .",103.5,undefined,undefined,undefined,undefined,undefined,undefined,undefined,undefined,undefined,undefined,undefined,undefined,undefined,undefined,undefined,undefined,undefined,undefined,undefined
147.1,0.6,136.5,W7BAR,"Vernal, Blue Mountain",UT,OPEN,EI,101,WNW,string,147.1,147.7,136.5,Uintah,On-Air,"Wide area: Vernal, Roosevelt, Duchesne and other Uintah basin communities.",""">Borderline ARC","Autopatch, e-power.",458414,8,UVHFS,string,undefined,"Full-time to  
        147.34000 (KG7DSO) at Vernal, Tabby Mountain, UT .",undefined,undefined,undefined,undefined,undefined,3577,undefined,"IRLP: No access code, bring up your node by it's node no. and bring it down with a 73.",undefined,undefined,undefined,undefined,undefined,undefined,undefined,undefined,undefined,undefined,undefined,undefined
449.7,-5,136.5,W7BYU,Vernal,UT,OPEN,string,101,WNW,string,449.7,444.7,136.5,Uintah,undefined,"Vernal, Roosevelt, Duchesne and other Uintah basin communities.",W7BYU,8,undefined,undefined,UVHFS,string,Unknown,undefined,undefined,undefined,undefined,undefined,undefined,undefined,undefined,undefined,undefined,undefined,undefined,undefined,undefined,undefined,undefined,undefined,undefined,undefined,undefined,undefined
146.92,-0.6,136.5,W7BYU,Roosevelt,UT,OPEN,E,101,WNW,string,146.92,146.32,136.5,Duchesne,Off-Air,"Vernal, Roosevelt, Duchesne and other Uintah basin communities.",undefined,E-power.,458695,undefined,UVHFS,string,undefined,undefined,undefined,undefined,undefined,undefined,undefined,undefined,undefined,undefined,undefined,undefined,undefined,undefined,undefined,undefined,undefined,undefined,undefined,undefined,undefined,undefined
449.9,-5,136.5,W7BAR,"Vernal, Uintah County EOC",UT,OPEN,I,104.4,WNW,string,449.9,444.9,136.5,Uintah,undefined,"Vernal, Roosevelt, Duchesne and other Uintah basin communities.",Borderline Amateur Radio Club,undefined,undefined,undefined,undefined,string,Unknown,undefined,undefined,undefined,undefined,undefined,undefined,7705,undefined,undefined,undefined,undefined,undefined,undefined,undefined,undefined,undefined,undefined,undefined,undefined,undefined,undefined
446.8125,-5,CC0,N0SZ,"Salida, Methodist Mountain",CO,OPEN,string,109.3,SE,string,446.8125,441.8125,string,Chaffee,On-Air,undefined,RMHAM,undefined,undefined,undefined,undefined,string,undefined,undefined,undefined,undefined,undefined,undefined,undefined,undefined,undefined,undefined,string,number,string,undefined,undefined,undefined,string,"Open Talkgroup View 


 
   
    
     Assignment 
     TS 
     TG 
     Access 
   

  Colorado  1  700      Southern Colorado  2  719    
  
 
 
function myFunction(id) {
    var x = document.getElementById(id);
    if (x.className.indexOf(""w3-show"") == -1) {
        x.className += "" w3-show"";
    } else {
        x.className = x.className.replace("" w3-show"", """");
    }
}",1,2,undefined,undefined
446.975,-5,string,KD0QPG,"Salida, Methodist Mountain",CO,OPEN,string,109.3,SE,string,446.975,441.975,undefined,Chaffee,On-Air,undefined,Crestone Amateur Radio Emergency Services,undefined,undefined,undefined,CCARC,string,undefined,undefined,undefined,Crestone Amateur Radio Emergency Services,undefined,KD0QPG,undefined,undefined,undefined,undefined,undefined,undefined,undefined,string,KD0QPG (B) Gateway Repeater,"jfindu lookup 
    /   dstar-users lookup",undefined,undefined,undefined,undefined,undefined,undefined
147.285,0.6,88.5,KB0VJJ,"Salida, Methodist Mountain",CO,OPEN,string,112.3,SE,string,147.285,147.885,88.5,Chaffee,On-Air,"Wide area: South Park, Gunnison, Pueblo, and the San Luis Valley south to New Mexico. At extremes, it has been worked from east of Montrose and Blue Mesa Resevoir, on Fremont Pass near Climax, in and around Bailey on U.S. 285, and south toward Trinidad on Interstate 25.",Colorado Connection,11,undefined,undefined,CCARC,string,undefined,Full-time to the  Colorado Connection System .,123,undefined,"Central Colorado Traffic Net: Daily at 19:30. 
Colorado Connection Net (All Welcome): Thu at 20:00. 
Statewide ARES Net: Sun at 20:00.",undefined,undefined,undefined,undefined,undefined,undefined,undefined,undefined,undefined,undefined,undefined,undefined,undefined,undefined,undefined,undefined,undefined
145.295,-0.6,107.2,KC0CVU,"Salida, Methodist Mountain",CO,OPEN,string,112.3,SE,string,145.295,144.695,107.2,Chaffee,On-Air,Wide area.,Cheyenne Mtn Repeater Group,undefined,undefined,undefined,CCARC,string,undefined,undefined,undefined,undefined,undefined,CMRG Repeaters,DM78ik,undefined,undefined,undefined,undefined,undefined,undefined,undefined,undefined,undefined,undefined,undefined,undefined,undefined,undefined,undefined
449.65,-5,107.2,KC0CVU,"Salida, Methodist Mountain",CO,OPEN,string,112.4,SE,string,449.65,444.65,107.2,Chaffee,On-Air,Wide area.,undefined,E-power.,undefined,undefined,CCARC,string,undefined,undefined,undefined,undefined,undefined,CMRG Repeaters,undefined,undefined,undefined,undefined,undefined,undefined,undefined,undefined,undefined,undefined,undefined,undefined,undefined,undefined,undefined,undefined
449.925,-5,103.5,WZ0N,"Salida, Methodist Mountain",CO,OPEN,string,112.4,SE,string,449.925,444.925,103.5,Chaffee,On-Air,"Upper Arkansas and Platte Rivers, and the SLV",undefined,E-power (Bat),undefined,Identifies with an 'M' following WZ0N callsign which identifies the site as Methodist.,CCARC,string,undefined,undefined,103.5,Colorado ARES,undefined,undefined,undefined,undefined,undefined,undefined,undefined,undefined,undefined,undefined,undefined,undefined,undefined,undefined,undefined,undefined,undefined,undefined
449.975,-5,100,K0JSC,"Salida, Methodist Mountain",CO,OPEN,EIA,113,SE,string,449.975,444.975,100,Chaffee,On-Air,I-25 from Walsenburg to Wyoming and US-50 from La junta to Monarch Pass,undefined,2,363976,Can be linked to various local repeater systems via the remote base. Echolink/IRLP connects restricted. Email me to be added to the authorized list.,CCARC,string,undefined,Full-time to the  The Fun Machine System .,100,undefined,"APRS Net: Sun at 19:00. 
Region 5 District 2 ARES Net: Sun at 19:30. 
Statewide ARES Net: Sun at 20:00. 
Region 5 District 1 ARES Net: Mon at 19:00. 
RGARC Net: Wed at 19:00.",K0JSC.COM,DM68xk,7301,28368,undefined,undefined,undefined,undefined,undefined,undefined,undefined,undefined,undefined,undefined,undefined,undefined,undefined
146.76,-0.6,88.5,K7QEQ,"Moab, Bald Mesa",UT,OPEN,string,119.9,SW,string,146.76,146.16,88.5,Grand,On-Air,Moab and immediate surroundings.,Sinbad Desert ARC,undefined,undefined,8,UVHFS,string,undefined,undefined,undefined,undefined,undefined,http://www.sdarc.us/repeaters/bald.html,undefined,undefined,undefined,undefined,undefined,undefined,undefined,undefined,undefined,undefined,undefined,undefined,undefined,undefined,undefined,undefined
449.1,-5,107.2,K7QEQ,"Moab, Bald Mesa",UT,OPEN,string,120.1,SW,string,449.1,444.1,107.2,Grand,On-Air,"Wide area: Moab and surrounding areas, including large portions of Arches and Canyonlands National Parks.",Grand Mesa Repeater Association (GMRA),8,undefined,undefined,UVHFS,string,undefined,undefined,107.2,undefined,RACES Wed. 1930 hours,GMRA Repeaters,undefined,undefined,undefined,undefined,undefined,undefined,undefined,undefined,undefined,undefined,undefined,undefined,undefined,undefined,undefined,undefined
147.04,0.6,136.5,W7BAR,"Vernal, Grizzly Ridge",UT,OPEN,string,130.7,NW,string,147.04,147.64,136.5,Uintah,On-Air,"Wide area: Vernal, Roosevelt, Duchesne and other Uintah basin communities.",Borderline ARC,E-power.,undefined,8,UVHFS,string,undefined,Full-time to the  Sinbad Desert (SDARC) System .,undefined,undefined,undefined,undefined,undefined,undefined,undefined,undefined,undefined,undefined,undefined,undefined,undefined,undefined,undefined,undefined,undefined,undefined,undefined,undefined
145.49,-0.6,136.5,K7HEN,"Vernal, Grizzly Ridge",UT,OPEN,string,131.3,NW,string,145.49,144.89,136.5,Uintah,On-Air,"Vernal, Roosevelt, Duchesne and other Uintah basin communities.","W7BYU,  Borderline ARC","Autopatch, 8,506', linked to (147.320).",undefined,undefined,UVHFS,string,undefined,undefined,undefined,undefined,undefined,undefined,undefined,undefined,undefined,undefined,undefined,undefined,undefined,undefined,undefined,undefined,undefined,undefined,undefined,undefined,undefined,undefined
